event_id,amount,failure_code,customer_tenure_months,past_successful_payments,past_failed_payments,checkout_funnel_depth,time_since_failure,label_recovered
PAY_00001,3390.6,card_expired,14,9,1,0,6.54,0
PAY_00002,883.65,insufficient_funds,15,11,1,0,19.42,0
PAY_00003,5294.89,card_expired,52,3,3,0,22.56,0
PAY_00004,6403.57,insufficient_funds,37,11,2,0,1.04,1
PAY_00005,355.32,gateway_timeout,60,11,1,0,11.16,1
PAY_00006,679.85,gateway_timeout,28,10,0,0,9.84,0
PAY_00007,2840.93,gateway_timeout,22,4,3,0,1.58,1
PAY_00008,1822.21,insufficient_funds,60,11,0,0,3.07,1
PAY_00009,2458.35,insufficient_funds,38,4,3,0,13.39,1
PAY_00010,1065.29,gateway_timeout,52,8,0,0,0.93,1
PAY_00011,6023.62,gateway_timeout,3,10,2,0,0.98,0
PAY_00012,5441.65,card_expired,32,6,3,0,11.32,0
PAY_00013,2670.65,insufficient_funds,50,7,4,0,32.2,0
PAY_00014,7717.82,gateway_timeout,49,10,0,0,25.83,1
PAY_00015,3990.04,insufficient_funds,43,9,2,0,5.37,1
PAY_00016,1058.65,other,10,6,1,0,21.02,0
PAY_00017,3614.82,card_expired,33,9,3,0,8.13,0
PAY_00018,958.3,other,7,10,5,0,21.24,0
PAY_00019,6017.92,other,49,19,4,0,46.04,0
PAY_00020,2378.25,gateway_timeout,38,7,2,0,1.58,1
PAY_00021,2078.05,mandate_expired,12,8,1,0,19.59,1
PAY_00022,1265.37,gateway_timeout,44,3,1,0,15.68,1
PAY_00023,8489.52,other,44,8,3,0,3.46,1
PAY_00024,2142.05,gateway_timeout,4,3,2,0,8.34,1
PAY_00025,1628.99,gateway_timeout,6,9,1,0,6.77,1
PAY_00026,1757.97,other,13,10,5,0,2.51,0
PAY_00027,4257.15,card_expired,5,5,1,0,2.07,0
PAY_00028,3602.88,other,33,2,5,0,10.57,0
PAY_00029,3777.35,insufficient_funds,53,5,2,0,0.8,0
PAY_00030,3846.3,insufficient_funds,4,3,7,0,25.32,0
PAY_00031,21283.63,gateway_timeout,37,9,4,0,0.75,1
PAY_00032,1665.08,gateway_timeout,26,9,2,0,1.25,1
PAY_00033,1497.88,checkout_abandon,51,7,4,5,13.24,1
PAY_00034,1107.96,gateway_timeout,29,5,1,0,7.82,1
PAY_00035,4628.67,card_expired,41,3,4,0,7.46,0
PAY_00036,7731.19,insufficient_funds,56,9,4,0,9.92,1
PAY_00037,2230.76,mandate_expired,9,6,2,0,6.77,0
PAY_00038,1079.11,card_expired,19,3,1,0,13.84,1
PAY_00039,1096.16,checkout_abandon,17,7,3,3,15.56,0
PAY_00040,4791.69,gateway_timeout,11,4,2,0,8.34,1
PAY_00041,5256.92,insufficient_funds,39,7,2,0,12.78,0
PAY_00042,4303.57,insufficient_funds,1,9,2,0,6.34,0
PAY_00043,1285.03,mandate_expired,24,4,1,0,9.08,0
PAY_00044,3153.31,checkout_abandon,8,11,3,2,10.9,0
PAY_00045,2809.42,insufficient_funds,37,17,1,0,1.06,1
PAY_00046,3111.11,other,46,3,2,0,9.9,0
PAY_00047,5975.81,mandate_expired,29,4,1,0,8.2,0
PAY_00048,3126.41,card_expired,27,9,0,0,14.36,0
PAY_00049,4929.34,gateway_timeout,27,10,0,0,6.29,1
PAY_00050,2674.79,other,12,6,1,0,0.82,0
PAY_00051,3338.13,insufficient_funds,23,13,2,0,5.08,1
PAY_00052,4700.08,insufficient_funds,56,9,2,0,25.11,1
PAY_00053,582.24,other,3,7,1,0,26.29,0
PAY_00054,1815.97,other,48,12,1,0,10.59,1
PAY_00055,1561.92,checkout_abandon,10,5,0,3,3.8,0
PAY_00056,1319.71,insufficient_funds,7,9,2,0,1.35,1
PAY_00057,1898.66,gateway_timeout,18,7,2,0,3.87,0
PAY_00058,11147.69,card_expired,17,8,1,0,3.22,0
PAY_00059,1051.75,card_expired,19,5,2,0,3.25,0
PAY_00060,6583.52,gateway_timeout,51,7,3,0,10.77,1
PAY_00061,464.6,insufficient_funds,55,7,0,0,17.34,1
PAY_00062,1788.55,mandate_expired,42,6,0,0,15.73,1
PAY_00063,2941.87,mandate_expired,9,9,2,0,27.44,0
PAY_00064,4492.97,gateway_timeout,57,8,1,0,5.98,0
PAY_00065,5091.22,checkout_abandon,51,10,2,5,4.93,1
PAY_00066,5526.96,other,5,15,1,0,5.99,0
PAY_00067,1763.97,insufficient_funds,24,2,4,0,5.13,1
PAY_00068,1574.5,checkout_abandon,47,9,1,5,7.45,1
PAY_00069,5895.96,checkout_abandon,6,9,0,2,7.63,1
PAY_00070,2064.7,checkout_abandon,5,12,3,4,8.29,1
PAY_00071,698.1,card_expired,37,9,4,0,6.65,0
PAY_00072,804.93,checkout_abandon,21,5,1,5,7.46,1
PAY_00073,996.84,checkout_abandon,27,11,1,5,19.57,1
PAY_00074,4110.12,insufficient_funds,46,8,3,0,23.96,1
PAY_00075,2882.67,mandate_expired,33,13,1,0,2.52,0
PAY_00076,4986.71,insufficient_funds,43,8,4,0,7.82,0
PAY_00077,1630.75,insufficient_funds,8,8,0,0,3.01,0
PAY_00078,2929.5,checkout_abandon,1,9,1,3,3.56,0
PAY_00079,4673.37,checkout_abandon,16,4,3,5,12.1,1
PAY_00080,1834.82,other,13,6,1,0,2.87,1
PAY_00081,3947.43,mandate_expired,20,9,1,0,3.14,1
PAY_00082,1289.64,card_expired,47,10,0,0,5.65,0
PAY_00083,1738.87,gateway_timeout,10,5,2,0,3.69,1
PAY_00084,1706.68,checkout_abandon,8,10,2,1,11.35,0
PAY_00085,756.12,other,13,16,2,0,2.27,0
PAY_00086,4068.45,gateway_timeout,20,5,0,0,3.97,1
PAY_00087,1563.44,card_expired,12,7,3,0,2.66,0
PAY_00088,2531.43,checkout_abandon,12,12,0,4,0.18,0
PAY_00089,4043.2,insufficient_funds,35,3,3,0,0.94,1
PAY_00090,3907.2,checkout_abandon,7,5,1,5,12.13,1
PAY_00091,4863.1,insufficient_funds,10,6,2,0,30.29,0
PAY_00092,2265.52,insufficient_funds,51,9,0,0,7.21,1
PAY_00093,1637.21,insufficient_funds,2,7,1,0,37.28,1
PAY_00094,2308.44,insufficient_funds,4,7,3,0,5.95,0
PAY_00095,462.53,gateway_timeout,5,10,1,0,34.65,1
PAY_00096,588.12,other,33,7,2,0,0.23,1
PAY_00097,666.04,gateway_timeout,42,7,4,0,11.4,1
PAY_00098,922.23,card_expired,42,10,2,0,1.08,0
PAY_00099,3728.72,checkout_abandon,42,4,1,3,6.53,1
PAY_00100,1010.87,insufficient_funds,4,9,3,0,18.8,1
PAY_00101,1712.8,insufficient_funds,21,11,3,0,35.36,0
PAY_00102,9166.17,other,39,3,1,0,11.67,0
PAY_00103,1750.72,checkout_abandon,41,10,0,5,22.25,1
PAY_00104,5226.84,other,21,4,3,0,3.17,0
PAY_00105,982.82,gateway_timeout,51,8,3,0,16.66,1
PAY_00106,2035.73,mandate_expired,51,6,3,0,0.96,1
PAY_00107,966.83,card_expired,46,17,4,0,16.9,0
PAY_00108,1781.15,other,48,6,0,0,8.59,0
PAY_00109,5792.7,insufficient_funds,59,11,2,0,66.4,0
PAY_00110,444.4,other,48,8,1,0,21.67,0
PAY_00111,3860.18,gateway_timeout,36,12,5,0,9.32,1
PAY_00112,3170.93,card_expired,24,6,2,0,21.53,0
PAY_00113,1380.08,checkout_abandon,22,6,1,2,2.92,1
PAY_00114,588.74,checkout_abandon,50,10,2,4,5.65,0
PAY_00115,2686.99,gateway_timeout,18,5,3,0,11.35,1
PAY_00116,1472.26,card_expired,38,7,3,0,4.79,1
PAY_00117,3154.93,gateway_timeout,31,11,2,0,2.24,1
PAY_00118,2555.23,checkout_abandon,23,8,2,2,0.1,0
PAY_00119,12404.63,checkout_abandon,28,7,3,3,2.09,0
PAY_00120,1967.84,mandate_expired,5,8,3,0,65.04,0
PAY_00121,898.34,checkout_abandon,43,3,1,1,4.42,0
PAY_00122,2990.88,mandate_expired,5,8,3,0,1.08,0
PAY_00123,3115.18,checkout_abandon,5,5,1,4,0.22,1
PAY_00124,9732.57,mandate_expired,16,5,0,0,11.44,0
PAY_00125,5762.68,mandate_expired,32,13,2,0,9.83,1
PAY_00126,3572.13,mandate_expired,18,11,0,0,1.42,1
PAY_00127,10800.51,card_expired,53,6,1,0,32.9,1
PAY_00128,761.49,checkout_abandon,56,10,2,3,4.32,1
PAY_00129,1318.56,insufficient_funds,24,3,1,0,8.09,0
PAY_00130,989.77,mandate_expired,60,16,1,0,1.39,1
PAY_00131,1692.96,insufficient_funds,6,21,4,0,11.61,0
PAY_00132,631.03,insufficient_funds,9,8,2,0,3.81,1
PAY_00133,4718.27,card_expired,21,9,3,0,7.29,0
PAY_00134,2001.84,gateway_timeout,57,9,3,0,15.56,1
PAY_00135,574.35,checkout_abandon,31,8,3,1,5.65,0
PAY_00136,905.48,other,43,6,0,0,3.48,0
PAY_00137,3420.56,insufficient_funds,40,12,3,0,1.24,1
PAY_00138,5780.08,insufficient_funds,30,11,1,0,40.42,1
PAY_00139,18412.35,insufficient_funds,56,4,0,0,2.48,1
PAY_00140,46069.6,insufficient_funds,58,6,1,0,0.77,1
PAY_00141,3783.69,mandate_expired,27,14,2,0,24.32,1
PAY_00142,929.37,card_expired,43,11,3,0,20.98,1
PAY_00143,296.49,checkout_abandon,38,9,7,2,15.62,0
PAY_00144,3267.42,gateway_timeout,36,5,2,0,3.9,1
PAY_00145,1108.88,checkout_abandon,7,11,3,4,15.09,1
PAY_00146,1650.26,insufficient_funds,13,13,2,0,0.18,0
PAY_00147,1355.53,mandate_expired,60,6,1,0,32.75,1
PAY_00148,2171.68,checkout_abandon,15,4,3,2,14.13,0
PAY_00149,7259.21,insufficient_funds,40,9,1,0,31.11,1
PAY_00150,2925.13,card_expired,55,7,5,0,8.4,0
PAY_00151,2133.27,card_expired,37,11,2,0,16.06,0
PAY_00152,887.49,gateway_timeout,13,6,2,0,8.54,1
PAY_00153,468.42,mandate_expired,52,8,1,0,4.36,1
PAY_00154,1537.23,checkout_abandon,2,8,1,2,45.02,1
PAY_00155,2369.1,insufficient_funds,44,11,1,0,32.54,1
PAY_00156,14646.78,insufficient_funds,16,9,3,0,7.4,1
PAY_00157,2847.85,mandate_expired,39,13,0,0,1.67,0
PAY_00158,6679.41,other,29,6,1,0,0.35,0
PAY_00159,1517.4,checkout_abandon,35,11,2,4,43.67,1
PAY_00160,764.41,checkout_abandon,23,12,1,1,11.79,0
PAY_00161,952.35,mandate_expired,32,7,2,0,2.62,1
PAY_00162,1210.54,gateway_timeout,57,12,1,0,11.12,1
PAY_00163,21005.0,insufficient_funds,50,7,7,0,34.04,0
PAY_00164,1099.55,gateway_timeout,26,13,1,0,24.2,1
PAY_00165,5782.18,other,57,2,2,0,11.85,0
PAY_00166,1013.45,card_expired,54,6,1,0,31.81,0
PAY_00167,6346.25,other,38,9,1,0,6.2,0
PAY_00168,3673.86,insufficient_funds,36,12,2,0,1.02,1
PAY_00169,2137.53,checkout_abandon,3,6,2,1,10.95,0
PAY_00170,2400.14,checkout_abandon,32,7,3,3,14.86,0
PAY_00171,1298.88,insufficient_funds,13,8,3,0,12.45,1
PAY_00172,3905.41,insufficient_funds,10,5,3,0,5.46,1
PAY_00173,1586.15,card_expired,52,6,3,0,17.39,1
PAY_00174,733.95,mandate_expired,17,3,3,0,20.11,1
PAY_00175,696.53,mandate_expired,37,6,2,0,1.13,0
PAY_00176,2970.94,gateway_timeout,53,11,1,0,0.36,1
PAY_00177,12126.36,checkout_abandon,36,3,3,4,0.99,0
PAY_00178,2933.75,insufficient_funds,47,9,5,0,1.11,0
PAY_00179,2220.32,insufficient_funds,47,7,1,0,1.26,1
PAY_00180,3327.15,checkout_abandon,27,13,3,1,26.11,0
PAY_00181,9228.46,gateway_timeout,56,10,3,0,3.86,1
PAY_00182,3113.27,other,55,10,3,0,2.84,0
PAY_00183,1657.59,checkout_abandon,21,6,3,4,21.8,0
PAY_00184,7557.79,insufficient_funds,50,6,2,0,7.02,1
PAY_00185,3838.37,insufficient_funds,11,12,1,0,1.34,0
PAY_00186,11612.09,mandate_expired,7,9,2,0,0.32,0
PAY_00187,3002.74,insufficient_funds,32,11,3,0,7.82,1
PAY_00188,734.78,insufficient_funds,37,8,0,0,3.44,1
PAY_00189,636.44,gateway_timeout,36,10,0,0,10.32,1
PAY_00190,13029.53,gateway_timeout,48,8,1,0,2.28,1
PAY_00191,14012.59,checkout_abandon,24,11,2,2,1.57,0
PAY_00192,2089.18,checkout_abandon,49,5,1,5,1.52,1
PAY_00193,1704.21,insufficient_funds,55,11,2,0,1.29,0
PAY_00194,10780.46,card_expired,6,6,2,0,28.5,0
PAY_00195,826.34,gateway_timeout,27,9,0,0,14.33,1
PAY_00196,1021.8,checkout_abandon,14,19,1,4,6.98,0
PAY_00197,4757.0,insufficient_funds,40,10,1,0,3.59,1
PAY_00198,1684.87,checkout_abandon,25,9,3,2,19.99,0
PAY_00199,2487.23,gateway_timeout,17,12,4,0,2.23,0
PAY_00200,2123.04,checkout_abandon,16,12,3,5,13.43,0
PAY_00201,3503.86,gateway_timeout,22,5,1,0,10.4,1
PAY_00202,10214.14,other,7,12,1,0,6.45,0
PAY_00203,2737.04,insufficient_funds,7,11,3,0,0.21,0
PAY_00204,4759.91,other,38,11,2,0,4.42,0
PAY_00205,321.78,other,57,10,1,0,8.67,0
PAY_00206,2381.12,gateway_timeout,31,4,4,0,3.09,1
PAY_00207,1075.8,gateway_timeout,56,15,1,0,19.07,0
PAY_00208,738.95,gateway_timeout,10,4,0,0,3.6,0
PAY_00209,1038.87,other,59,8,3,0,44.52,0
PAY_00210,1789.91,checkout_abandon,36,4,2,4,4.37,0
PAY_00211,6247.57,checkout_abandon,45,4,1,4,19.87,1
PAY_00212,663.58,insufficient_funds,4,11,1,0,8.33,1
PAY_00213,2577.76,card_expired,37,11,4,0,3.2,1
PAY_00214,1540.52,insufficient_funds,23,9,1,0,0.97,1
PAY_00215,1801.5,insufficient_funds,54,8,4,0,10.18,0
PAY_00216,6814.47,gateway_timeout,48,4,1,0,39.72,1
PAY_00217,4281.94,checkout_abandon,52,7,1,2,3.26,0
PAY_00218,9522.8,other,54,7,2,0,0.72,0
PAY_00219,2142.1,card_expired,44,8,4,0,0.46,0
PAY_00220,1246.51,insufficient_funds,15,11,1,0,12.33,1
PAY_00221,1998.57,gateway_timeout,17,4,1,0,2.88,1
PAY_00222,3186.07,card_expired,52,6,2,0,42.26,0
PAY_00223,2982.8,checkout_abandon,37,8,0,3,18.29,0
PAY_00224,845.27,insufficient_funds,54,7,4,0,0.25,1
PAY_00225,2736.78,gateway_timeout,48,8,3,0,11.0,0
PAY_00226,3140.93,checkout_abandon,37,4,3,3,29.87,0
PAY_00227,30993.11,other,10,9,2,0,0.94,0
PAY_00228,16332.15,mandate_expired,59,15,1,0,14.94,1
PAY_00229,1065.08,insufficient_funds,15,15,1,0,2.61,1
PAY_00230,1875.56,mandate_expired,15,8,5,0,12.02,1
PAY_00231,578.6,gateway_timeout,9,11,3,0,6.8,1
PAY_00232,1384.84,card_expired,5,12,1,0,2.66,0
PAY_00233,3427.72,gateway_timeout,23,8,3,0,18.08,1
PAY_00234,8349.02,insufficient_funds,51,8,4,0,16.79,1
PAY_00235,1205.88,checkout_abandon,52,6,0,4,8.45,0
PAY_00236,1299.71,gateway_timeout,30,8,3,0,1.2,1
PAY_00237,292.0,insufficient_funds,19,7,4,0,11.33,0
PAY_00238,2124.69,checkout_abandon,21,11,3,5,5.81,1
PAY_00239,864.05,card_expired,56,8,1,0,9.72,0
PAY_00240,1472.34,card_expired,4,12,2,0,7.06,0
PAY_00241,1040.22,gateway_timeout,4,5,0,0,14.43,1
PAY_00242,2275.11,insufficient_funds,4,5,1,0,12.38,0
PAY_00243,431.09,checkout_abandon,54,8,3,3,1.45,0
PAY_00244,576.51,gateway_timeout,6,9,1,0,10.3,1
PAY_00245,21021.33,insufficient_funds,57,8,5,0,28.21,1
PAY_00246,689.95,other,12,13,1,0,1.99,0
PAY_00247,834.86,other,33,10,2,0,12.83,0
PAY_00248,15692.84,insufficient_funds,59,4,2,0,1.63,1
PAY_00249,45666.18,card_expired,7,7,4,0,23.28,0
PAY_00250,774.7,mandate_expired,17,8,4,0,13.32,0
PAY_00251,1729.86,gateway_timeout,44,3,2,0,9.04,1
PAY_00252,3517.84,mandate_expired,50,8,1,0,5.69,0
PAY_00253,14083.28,insufficient_funds,55,6,4,0,13.68,0
PAY_00254,931.87,insufficient_funds,2,9,1,0,45.69,1
PAY_00255,1956.22,other,47,10,2,0,1.94,0
PAY_00256,5439.18,mandate_expired,20,13,2,0,1.87,0
PAY_00257,3861.5,gateway_timeout,34,4,5,0,23.98,1
PAY_00258,1716.24,checkout_abandon,55,4,1,4,42.88,0
PAY_00259,2186.86,other,55,4,5,0,12.48,0
PAY_00260,632.16,gateway_timeout,12,9,3,0,0.92,1
PAY_00261,1970.16,other,29,8,1,0,23.24,0
PAY_00262,1915.36,card_expired,18,17,2,0,8.91,0
PAY_00263,3153.33,gateway_timeout,37,13,6,0,2.9,1
PAY_00264,1434.71,mandate_expired,50,10,1,0,20.48,1
PAY_00265,4006.14,mandate_expired,20,10,2,0,27.84,1
PAY_00266,6882.67,card_expired,8,11,2,0,1.75,1
PAY_00267,2920.4,gateway_timeout,4,14,1,0,5.83,0
PAY_00268,3553.91,insufficient_funds,4,8,1,0,45.22,0
PAY_00269,2636.48,insufficient_funds,22,11,2,0,21.57,0
PAY_00270,2500.21,checkout_abandon,58,8,0,4,11.0,1
PAY_00271,1214.99,card_expired,16,7,2,0,22.99,0
PAY_00272,3430.77,card_expired,25,11,2,0,48.64,0
PAY_00273,2268.24,checkout_abandon,41,2,4,2,1.33,0
PAY_00274,20276.43,insufficient_funds,40,7,2,0,20.25,1
PAY_00275,12057.0,insufficient_funds,17,7,3,0,14.08,1
PAY_00276,3677.15,card_expired,8,9,2,0,7.25,0
PAY_00277,1165.6,checkout_abandon,10,13,7,5,22.57,0
PAY_00278,821.91,card_expired,14,5,0,0,5.98,0
PAY_00279,8227.1,insufficient_funds,6,10,1,0,4.25,0
PAY_00280,3251.25,gateway_timeout,28,13,1,0,11.87,1
PAY_00281,4040.77,other,39,12,4,0,12.49,0
PAY_00282,436.79,insufficient_funds,41,6,2,0,11.47,1
PAY_00283,6320.06,insufficient_funds,55,7,0,0,4.15,1
PAY_00284,3938.15,mandate_expired,18,11,1,0,13.8,0
PAY_00285,823.54,checkout_abandon,40,6,2,2,0.53,0
PAY_00286,1560.12,other,54,9,2,0,16.08,0
PAY_00287,3254.4,other,2,9,3,0,11.72,0
PAY_00288,2634.67,mandate_expired,47,9,2,0,26.46,1
PAY_00289,1866.6,insufficient_funds,6,7,2,0,8.57,1
PAY_00290,2254.22,checkout_abandon,34,7,1,4,8.88,1
PAY_00291,1943.16,other,50,6,5,0,4.04,0
PAY_00292,2912.04,gateway_timeout,28,6,1,0,18.56,1
PAY_00293,10889.32,other,34,7,1,0,4.66,0
PAY_00294,191.98,mandate_expired,38,6,2,0,5.04,0
PAY_00295,1972.77,insufficient_funds,35,4,2,0,4.59,0
PAY_00296,2982.62,checkout_abandon,44,7,2,4,8.98,1
PAY_00297,3361.16,mandate_expired,52,14,0,0,5.58,0
PAY_00298,1723.53,insufficient_funds,9,9,4,0,4.51,1
PAY_00299,431.52,gateway_timeout,25,13,0,0,22.55,1
PAY_00300,3470.46,mandate_expired,52,4,1,0,8.54,0
PAY_00301,14064.32,insufficient_funds,23,4,1,0,5.81,1
PAY_00302,539.25,gateway_timeout,30,7,1,0,10.94,1
PAY_00303,5930.56,mandate_expired,45,9,2,0,18.14,0
PAY_00304,1799.96,card_expired,57,6,1,0,0.31,0
PAY_00305,2351.3,checkout_abandon,16,7,1,5,4.34,1
PAY_00306,872.31,other,58,11,5,0,1.77,0
PAY_00307,1789.32,other,43,8,2,0,15.64,0
PAY_00308,9173.65,checkout_abandon,2,12,4,5,6.74,0
PAY_00309,4476.97,insufficient_funds,52,10,3,0,25.88,1
PAY_00310,14134.27,card_expired,24,6,0,0,8.16,1
PAY_00311,8114.91,insufficient_funds,17,4,3,0,17.05,1
PAY_00312,3878.22,card_expired,32,7,4,0,3.26,0
PAY_00313,14299.51,checkout_abandon,35,11,2,2,11.92,0
PAY_00314,3877.86,gateway_timeout,33,6,3,0,46.68,0
PAY_00315,5721.77,checkout_abandon,4,9,2,3,4.01,1
PAY_00316,1858.41,checkout_abandon,50,7,3,3,12.18,1
PAY_00317,2672.02,other,21,7,2,0,2.25,0
PAY_00318,1244.67,insufficient_funds,9,5,2,0,4.68,1
PAY_00319,6725.29,other,34,9,1,0,22.4,0
PAY_00320,769.5,insufficient_funds,38,10,1,0,7.65,1
PAY_00321,5466.51,card_expired,7,7,1,0,3.17,0
PAY_00322,2066.05,other,57,9,3,0,16.39,0
PAY_00323,8065.03,gateway_timeout,37,9,3,0,6.58,0
PAY_00324,5297.1,insufficient_funds,60,10,3,0,6.26,1
PAY_00325,15439.62,card_expired,41,10,0,0,25.58,1
PAY_00326,5191.72,card_expired,1,6,4,0,13.98,0
PAY_00327,519.05,gateway_timeout,13,8,3,0,35.1,0
PAY_00328,2338.1,checkout_abandon,59,4,2,2,0.65,0
PAY_00329,774.36,card_expired,34,13,3,0,17.08,0
PAY_00330,1488.86,insufficient_funds,8,8,0,0,7.88,0
PAY_00331,11330.74,checkout_abandon,5,6,3,4,6.81,1
PAY_00332,4729.52,gateway_timeout,33,5,1,0,28.93,1
PAY_00333,1242.79,insufficient_funds,36,6,2,0,8.31,0
PAY_00334,907.17,card_expired,15,8,3,0,22.9,0
PAY_00335,2583.31,gateway_timeout,12,9,1,0,9.44,1
PAY_00336,740.62,other,37,8,0,0,0.53,0
PAY_00337,1277.81,checkout_abandon,27,7,1,4,22.95,1
PAY_00338,3415.42,checkout_abandon,3,8,4,2,5.4,1
PAY_00339,7937.53,gateway_timeout,4,0,4,0,3.33,0
PAY_00340,4595.38,gateway_timeout,15,6,3,0,11.63,0
PAY_00341,252.84,card_expired,34,13,0,0,16.15,0
PAY_00342,3389.42,mandate_expired,19,9,1,0,4.36,0
PAY_00343,2686.73,card_expired,1,11,2,0,54.78,0
PAY_00344,3781.73,gateway_timeout,55,12,4,0,0.1,1
PAY_00345,12584.93,gateway_timeout,42,8,0,0,15.7,1
PAY_00346,317.6,insufficient_funds,36,8,1,0,2.08,1
PAY_00347,1384.29,card_expired,15,10,1,0,17.28,1
PAY_00348,4514.06,gateway_timeout,43,6,2,0,26.91,0
PAY_00349,514.12,checkout_abandon,57,5,1,5,11.94,0
PAY_00350,10937.97,checkout_abandon,41,7,2,5,16.57,0
PAY_00351,3613.39,gateway_timeout,18,7,3,0,7.85,1
PAY_00352,5829.17,mandate_expired,24,9,1,0,2.87,1
PAY_00353,1412.48,checkout_abandon,56,10,5,5,6.4,0
PAY_00354,5640.96,other,1,6,0,0,1.27,0
PAY_00355,7277.32,insufficient_funds,14,7,4,0,3.11,1
PAY_00356,3155.57,checkout_abandon,7,9,1,1,0.1,1
PAY_00357,3160.38,insufficient_funds,39,7,0,0,16.64,1
PAY_00358,3276.04,card_expired,28,7,2,0,14.33,0
PAY_00359,1054.37,checkout_abandon,8,8,2,3,4.15,0
PAY_00360,2157.09,gateway_timeout,57,12,4,0,1.67,1
PAY_00361,2146.35,card_expired,34,10,2,0,20.93,0
PAY_00362,3668.14,checkout_abandon,15,6,2,3,2.25,1
PAY_00363,6794.51,insufficient_funds,57,12,2,0,27.74,1
PAY_00364,867.41,checkout_abandon,42,12,1,4,9.75,1
PAY_00365,2206.22,insufficient_funds,8,5,3,0,3.93,0
PAY_00366,10998.36,other,50,11,3,0,1.24,0
PAY_00367,1188.51,mandate_expired,4,6,4,0,4.77,1
PAY_00368,1098.6,card_expired,55,8,0,0,8.16,1
PAY_00369,3060.56,other,24,8,2,0,16.79,1
PAY_00370,5816.37,card_expired,18,10,1,0,17.69,0
PAY_00371,2528.73,gateway_timeout,4,2,2,0,49.53,1
PAY_00372,9442.79,insufficient_funds,56,13,1,0,7.83,0
PAY_00373,5888.99,gateway_timeout,34,8,4,0,9.24,1
PAY_00374,5801.47,other,37,6,6,0,14.56,1
PAY_00375,4351.01,other,52,6,2,0,24.94,0
PAY_00376,25634.62,card_expired,31,6,3,0,19.49,0
PAY_00377,2036.29,insufficient_funds,18,9,5,0,29.6,1
PAY_00378,337.15,insufficient_funds,47,8,0,0,5.08,1
PAY_00379,12435.37,other,32,7,0,0,5.51,0
PAY_00380,1581.84,insufficient_funds,15,6,2,0,9.03,0
PAY_00381,2784.79,checkout_abandon,51,7,0,1,0.92,0
PAY_00382,9261.27,gateway_timeout,49,5,0,0,9.71,0
PAY_00383,503.6,gateway_timeout,15,9,3,0,8.45,0
PAY_00384,715.08,mandate_expired,39,8,1,0,21.4,0
PAY_00385,504.1,other,56,10,0,0,27.3,0
PAY_00386,1129.93,card_expired,48,5,1,0,0.63,0
PAY_00387,3880.36,checkout_abandon,12,5,3,1,10.22,0
PAY_00388,4222.72,gateway_timeout,52,11,0,0,12.07,1
PAY_00389,3295.52,other,4,4,3,0,18.25,0
PAY_00390,608.67,checkout_abandon,38,5,2,4,15.13,1
PAY_00391,248.13,checkout_abandon,31,15,1,2,37.56,1
PAY_00392,2639.64,mandate_expired,3,6,1,0,4.29,1
PAY_00393,1559.73,insufficient_funds,44,6,1,0,9.39,1
PAY_00394,3957.75,insufficient_funds,18,7,2,0,2.5,0
PAY_00395,5044.23,card_expired,52,6,1,0,1.59,0
PAY_00396,2870.63,checkout_abandon,53,11,5,4,42.77,0
PAY_00397,5346.4,insufficient_funds,36,7,1,0,5.22,1
PAY_00398,3144.02,gateway_timeout,38,9,1,0,10.35,0
PAY_00399,4247.61,other,4,7,2,0,3.56,0
PAY_00400,1235.68,mandate_expired,54,3,2,0,7.15,1
PAY_00401,2088.99,mandate_expired,41,9,2,0,0.99,1
PAY_00402,3043.68,insufficient_funds,24,3,3,0,20.37,0
PAY_00403,5679.25,other,6,3,2,0,23.74,0
PAY_00404,1686.32,other,31,6,1,0,9.58,0
PAY_00405,4209.98,checkout_abandon,55,5,2,3,30.42,0
PAY_00406,1916.41,gateway_timeout,52,10,2,0,3.33,1
PAY_00407,2222.76,mandate_expired,6,4,3,0,6.0,0
PAY_00408,5730.54,card_expired,46,8,1,0,37.83,0
PAY_00409,340.69,card_expired,5,4,4,0,18.31,0
PAY_00410,683.74,other,23,13,2,0,6.73,0
PAY_00411,567.85,mandate_expired,27,7,2,0,6.24,1
PAY_00412,242.36,gateway_timeout,2,5,2,0,6.18,1
PAY_00413,1268.74,checkout_abandon,9,7,4,1,2.25,0
PAY_00414,5289.5,card_expired,53,14,3,0,18.98,0
PAY_00415,1880.25,gateway_timeout,38,12,2,0,3.2,1
PAY_00416,3046.77,insufficient_funds,48,10,2,0,7.94,0
PAY_00417,7429.87,mandate_expired,35,10,3,0,9.98,1
PAY_00418,9430.76,gateway_timeout,27,8,1,0,0.49,1
PAY_00419,2332.99,card_expired,2,5,1,0,8.23,0
PAY_00420,9678.21,insufficient_funds,33,7,0,0,4.26,1
PAY_00421,2741.26,gateway_timeout,47,8,1,0,1.79,1
PAY_00422,1082.09,gateway_timeout,13,8,2,0,2.21,1
PAY_00423,1379.73,mandate_expired,30,7,2,0,8.74,0
PAY_00424,568.79,card_expired,25,7,3,0,15.86,0
PAY_00425,1028.56,checkout_abandon,53,4,1,4,14.44,1
PAY_00426,1747.65,checkout_abandon,10,8,1,1,0.35,0
PAY_00427,5583.83,insufficient_funds,7,11,2,0,4.37,1
PAY_00428,13972.07,mandate_expired,13,13,3,0,24.75,0
PAY_00429,627.58,other,10,8,2,0,6.08,0
PAY_00430,3702.91,card_expired,51,5,3,0,2.59,0
PAY_00431,883.16,insufficient_funds,16,8,4,0,33.42,0
PAY_00432,4018.82,checkout_abandon,22,8,3,1,3.89,1
PAY_00433,2192.85,gateway_timeout,16,5,3,0,6.81,1
PAY_00434,400.67,insufficient_funds,49,4,4,0,4.56,0
PAY_00435,6325.49,insufficient_funds,40,9,2,0,10.44,1
PAY_00436,1365.19,insufficient_funds,29,12,1,0,18.69,1
PAY_00437,1465.78,insufficient_funds,48,9,4,0,11.45,1
PAY_00438,857.73,card_expired,5,6,1,0,22.77,0
PAY_00439,1299.54,gateway_timeout,41,7,1,0,8.92,0
PAY_00440,3835.05,card_expired,22,6,2,0,7.81,0
PAY_00441,2068.96,other,23,6,3,0,8.14,0
PAY_00442,3472.77,checkout_abandon,10,9,1,2,3.46,0
PAY_00443,3590.22,checkout_abandon,6,12,0,3,16.87,0
PAY_00444,9364.75,card_expired,42,7,5,0,3.53,0
PAY_00445,1774.47,insufficient_funds,52,10,2,0,21.04,1
PAY_00446,570.89,gateway_timeout,55,8,0,0,22.11,1
PAY_00447,7268.23,checkout_abandon,15,3,3,3,1.38,0
PAY_00448,1794.64,card_expired,46,6,1,0,26.27,0
PAY_00449,7620.81,card_expired,7,9,2,0,33.77,0
PAY_00450,3668.08,card_expired,47,8,1,0,1.51,0
PAY_00451,2192.74,mandate_expired,34,7,5,0,2.32,1
PAY_00452,3543.33,checkout_abandon,52,8,3,3,7.22,1
PAY_00453,17589.52,card_expired,5,7,2,0,24.66,1
PAY_00454,19950.84,other,47,11,4,0,31.48,0
PAY_00455,2679.61,checkout_abandon,29,8,1,1,17.29,0
PAY_00456,2934.34,other,35,12,3,0,8.37,0
PAY_00457,7334.07,other,33,11,2,0,25.28,0
PAY_00458,1073.18,checkout_abandon,43,11,1,3,18.25,0
PAY_00459,3488.11,insufficient_funds,36,11,1,0,5.27,1
PAY_00460,2436.17,insufficient_funds,25,13,3,0,16.52,1
PAY_00461,3421.91,card_expired,27,5,1,0,7.96,0
PAY_00462,1086.46,insufficient_funds,5,8,3,0,6.1,0
PAY_00463,510.03,checkout_abandon,44,9,1,5,8.37,1
PAY_00464,314.52,checkout_abandon,43,9,1,2,16.44,1
PAY_00465,817.84,other,35,5,1,0,10.6,0
PAY_00466,1580.3,card_expired,44,11,2,0,13.25,0
PAY_00467,1864.7,card_expired,17,8,1,0,6.72,0
PAY_00468,17348.77,gateway_timeout,14,8,2,0,30.95,0
PAY_00469,7555.56,insufficient_funds,56,6,0,0,1.66,1
PAY_00470,955.23,mandate_expired,58,13,1,0,14.9,1
PAY_00471,3539.55,insufficient_funds,52,6,4,0,0.89,1
PAY_00472,1663.98,checkout_abandon,4,12,2,3,3.7,0
PAY_00473,1881.23,other,33,11,2,0,20.68,0
PAY_00474,3009.03,checkout_abandon,45,12,3,3,1.02,1
PAY_00475,4643.47,mandate_expired,3,8,1,0,9.88,0
PAY_00476,1780.75,mandate_expired,59,12,2,0,15.18,1
PAY_00477,7243.77,card_expired,48,8,5,0,20.12,0
PAY_00478,798.0,gateway_timeout,19,8,4,0,18.55,1
PAY_00479,2515.9,checkout_abandon,31,4,4,3,0.43,1
PAY_00480,33581.14,insufficient_funds,55,5,1,0,4.72,1
PAY_00481,3124.8,checkout_abandon,52,10,2,2,24.86,0
PAY_00482,10480.38,gateway_timeout,50,9,1,0,14.52,1
PAY_00483,2739.6,checkout_abandon,60,11,1,2,5.48,1
PAY_00484,4468.57,card_expired,45,14,1,0,14.13,0
PAY_00485,2362.0,insufficient_funds,57,8,2,0,19.42,1
PAY_00486,2108.3,checkout_abandon,58,5,1,5,5.98,0
PAY_00487,1146.61,insufficient_funds,2,2,3,0,20.55,0
PAY_00488,3844.3,gateway_timeout,40,5,1,0,0.4,1
PAY_00489,1066.9,insufficient_funds,21,15,4,0,43.72,1
PAY_00490,4864.07,insufficient_funds,30,7,1,0,11.25,0
PAY_00491,7400.72,other,11,8,4,0,4.84,0
PAY_00492,3606.8,other,41,6,0,0,4.62,0
PAY_00493,1877.69,mandate_expired,51,11,2,0,4.93,0
PAY_00494,3936.36,checkout_abandon,25,8,4,5,9.46,0
PAY_00495,1836.05,card_expired,42,7,2,0,24.39,0
PAY_00496,6371.52,other,20,8,1,0,21.05,1
PAY_00497,400.47,checkout_abandon,45,5,3,5,3.08,1
PAY_00498,1787.26,insufficient_funds,5,13,1,0,3.31,1
PAY_00499,341.46,mandate_expired,53,8,2,0,18.0,1
PAY_00500,560.59,other,23,11,0,0,1.95,0
PAY_00501,9778.18,gateway_timeout,31,6,3,0,23.25,1
PAY_00502,6119.47,checkout_abandon,49,9,1,2,2.06,1
PAY_00503,1217.51,gateway_timeout,2,10,1,0,9.16,1
PAY_00504,556.43,gateway_timeout,57,3,4,0,11.77,1
PAY_00505,128.96,mandate_expired,37,9,4,0,17.15,1
PAY_00506,1451.79,gateway_timeout,59,12,1,0,16.29,1
PAY_00507,28126.32,other,34,7,1,0,41.41,0
PAY_00508,3861.96,card_expired,13,5,0,0,15.04,1
PAY_00509,1428.63,insufficient_funds,35,15,2,0,0.1,1
PAY_00510,3980.35,card_expired,35,4,1,0,13.44,0
PAY_00511,524.84,card_expired,56,8,2,0,42.58,0
PAY_00512,1857.01,checkout_abandon,35,8,1,4,11.52,1
PAY_00513,2761.48,checkout_abandon,25,5,3,1,0.1,1
PAY_00514,2293.75,card_expired,11,7,1,0,17.28,0
PAY_00515,5512.93,gateway_timeout,20,6,1,0,5.23,1
PAY_00516,3528.72,insufficient_funds,35,3,1,0,8.21,0
PAY_00517,4877.42,gateway_timeout,23,6,5,0,25.28,1
PAY_00518,1255.98,gateway_timeout,22,6,3,0,26.37,0
PAY_00519,6135.59,mandate_expired,1,8,0,0,5.01,0
PAY_00520,12746.13,insufficient_funds,57,4,5,0,6.79,1
PAY_00521,947.57,mandate_expired,51,6,2,0,17.49,0
PAY_00522,1029.01,checkout_abandon,16,13,0,3,0.92,0
PAY_00523,9507.44,card_expired,9,5,0,0,4.99,0
PAY_00524,2064.62,checkout_abandon,51,10,2,5,7.28,1
PAY_00525,10176.82,other,51,10,3,0,5.43,0
PAY_00526,1606.01,other,54,7,1,0,4.69,0
PAY_00527,10711.7,insufficient_funds,33,7,1,0,3.61,1
PAY_00528,2851.3,mandate_expired,45,12,2,0,16.84,1
PAY_00529,3236.59,insufficient_funds,44,7,0,0,16.89,1
PAY_00530,11953.32,card_expired,13,4,1,0,16.78,0
PAY_00531,1741.11,mandate_expired,32,3,1,0,6.2,1
PAY_00532,975.47,gateway_timeout,16,7,1,0,1.47,1
PAY_00533,1596.36,insufficient_funds,46,5,5,0,14.38,0
PAY_00534,3929.94,gateway_timeout,59,9,3,0,3.28,1
PAY_00535,522.32,card_expired,5,13,4,0,8.2,0
PAY_00536,4729.23,card_expired,5,3,0,0,15.95,0
PAY_00537,1458.66,insufficient_funds,16,9,2,0,2.43,1
PAY_00538,7878.23,gateway_timeout,8,11,0,0,34.47,0
PAY_00539,228.1,gateway_timeout,1,13,2,0,10.48,1
PAY_00540,1138.52,checkout_abandon,59,5,1,5,20.56,1
PAY_00541,462.93,insufficient_funds,35,5,3,0,6.1,1
PAY_00542,1094.24,gateway_timeout,47,2,3,0,8.41,1
PAY_00543,3202.58,other,34,10,3,0,7.28,0
PAY_00544,2089.79,checkout_abandon,45,7,0,2,15.77,0
PAY_00545,1940.44,mandate_expired,42,12,3,0,9.57,1
PAY_00546,2132.1,checkout_abandon,10,12,4,5,15.6,1
PAY_00547,3063.87,checkout_abandon,10,6,2,1,0.93,0
PAY_00548,911.88,checkout_abandon,30,12,1,3,12.94,1
PAY_00549,5068.98,gateway_timeout,23,7,3,0,6.62,1
PAY_00550,4849.89,insufficient_funds,51,5,2,0,6.61,0
PAY_00551,3674.18,other,19,7,1,0,38.06,0
PAY_00552,4361.54,card_expired,20,10,1,0,6.0,0
PAY_00553,3362.58,mandate_expired,32,9,1,0,15.27,1
PAY_00554,19132.03,insufficient_funds,12,8,6,0,0.77,1
PAY_00555,2291.48,insufficient_funds,52,4,0,0,3.25,0
PAY_00556,1838.97,insufficient_funds,1,9,2,0,9.11,1
PAY_00557,1176.76,other,51,8,2,0,1.56,0
PAY_00558,890.5,card_expired,38,5,0,0,6.07,0
PAY_00559,720.23,checkout_abandon,54,8,0,1,2.86,0
PAY_00560,1027.87,other,18,7,4,0,21.18,0
PAY_00561,2329.4,insufficient_funds,55,16,2,0,12.76,1
PAY_00562,3492.39,checkout_abandon,52,8,1,5,23.17,1
PAY_00563,2631.18,insufficient_funds,28,4,1,0,0.73,0
PAY_00564,1162.71,gateway_timeout,18,11,2,0,13.38,1
PAY_00565,6150.14,other,12,13,2,0,7.49,0
PAY_00566,5236.76,card_expired,10,6,1,0,14.45,0
PAY_00567,2131.11,insufficient_funds,35,4,1,0,4.87,1
PAY_00568,1301.31,insufficient_funds,58,8,1,0,3.24,1
PAY_00569,4326.33,checkout_abandon,34,7,2,3,0.46,0
PAY_00570,3017.0,insufficient_funds,58,6,1,0,25.8,1
PAY_00571,587.52,checkout_abandon,46,10,2,2,19.87,0
PAY_00572,2335.7,checkout_abandon,42,12,2,3,32.89,1
PAY_00573,3248.93,gateway_timeout,44,9,3,0,1.03,1
PAY_00574,1016.73,gateway_timeout,56,9,5,0,5.98,1
PAY_00575,3022.65,insufficient_funds,52,8,2,0,1.39,0
PAY_00576,583.6,other,10,8,1,0,19.26,0
PAY_00577,9511.26,gateway_timeout,36,14,2,0,15.78,1
PAY_00578,8707.99,checkout_abandon,28,5,4,5,15.16,1
PAY_00579,1942.11,gateway_timeout,53,12,3,0,3.17,1
PAY_00580,3595.72,mandate_expired,13,14,0,0,35.14,1
PAY_00581,224.56,insufficient_funds,50,10,3,0,4.78,0
PAY_00582,786.58,insufficient_funds,29,9,1,0,3.18,1
PAY_00583,1863.6,mandate_expired,56,8,2,0,29.28,1
PAY_00584,855.69,mandate_expired,48,11,0,0,2.63,0
PAY_00585,5107.38,gateway_timeout,21,9,2,0,20.28,1
PAY_00586,18422.77,gateway_timeout,51,7,1,0,10.47,0
PAY_00587,770.8,other,12,9,3,0,8.97,0
PAY_00588,1082.02,insufficient_funds,1,8,5,0,8.78,1
PAY_00589,3163.69,insufficient_funds,31,5,2,0,0.82,1
PAY_00590,12521.0,gateway_timeout,24,9,2,0,21.53,0
PAY_00591,736.33,gateway_timeout,8,7,1,0,7.36,1
PAY_00592,3206.97,mandate_expired,60,5,1,0,9.04,0
PAY_00593,15449.7,mandate_expired,3,13,5,0,15.81,0
PAY_00594,479.28,checkout_abandon,36,7,1,3,5.21,1
PAY_00595,694.35,checkout_abandon,16,6,6,3,8.95,1
PAY_00596,1636.7,gateway_timeout,18,10,1,0,2.96,1
PAY_00597,1485.43,card_expired,13,8,4,0,72.0,0
PAY_00598,5634.41,insufficient_funds,24,8,3,0,5.48,0
PAY_00599,3183.4,gateway_timeout,41,7,2,0,11.46,1
PAY_00600,423.72,mandate_expired,20,6,2,0,3.38,1
PAY_00601,4185.81,gateway_timeout,44,6,1,0,1.66,1
PAY_00602,1403.2,insufficient_funds,27,7,2,0,6.69,1
PAY_00603,8941.81,gateway_timeout,48,6,2,0,10.48,1
PAY_00604,1334.7,mandate_expired,27,4,0,0,45.04,0
PAY_00605,1322.7,insufficient_funds,22,9,1,0,6.85,1
PAY_00606,4294.87,mandate_expired,31,7,4,0,17.32,1
PAY_00607,5361.36,card_expired,42,6,1,0,2.91,0
PAY_00608,3913.34,mandate_expired,28,6,5,0,22.51,1
PAY_00609,463.33,insufficient_funds,55,7,1,0,10.23,0
PAY_00610,4281.59,card_expired,31,8,2,0,1.3,0
PAY_00611,888.68,insufficient_funds,18,15,2,0,2.75,1
PAY_00612,3163.15,other,2,16,1,0,0.41,0
PAY_00613,602.03,mandate_expired,24,6,0,0,1.01,0
PAY_00614,3906.39,insufficient_funds,4,9,1,0,7.89,0
PAY_00615,1115.93,card_expired,3,7,5,0,22.63,0
PAY_00616,693.26,checkout_abandon,23,8,3,4,39.3,0
PAY_00617,5104.44,checkout_abandon,18,7,2,4,3.54,1
PAY_00618,3183.35,gateway_timeout,54,10,4,0,15.19,1
PAY_00619,1352.99,checkout_abandon,44,7,1,1,9.05,1
PAY_00620,10670.36,mandate_expired,48,7,2,0,6.26,1
PAY_00621,1609.04,other,33,9,2,0,4.54,0
PAY_00622,2581.57,gateway_timeout,7,7,4,0,2.06,1
PAY_00623,3271.35,mandate_expired,52,11,1,0,4.02,1
PAY_00624,1345.31,mandate_expired,30,12,2,0,11.33,0
PAY_00625,4004.53,mandate_expired,26,6,2,0,1.89,0
PAY_00626,1466.44,checkout_abandon,37,14,1,5,10.98,0
PAY_00627,1656.41,gateway_timeout,10,7,3,0,5.16,1
PAY_00628,9766.26,card_expired,29,8,1,0,26.34,0
PAY_00629,883.12,gateway_timeout,37,5,0,0,0.1,1
PAY_00630,223.91,insufficient_funds,42,8,2,0,1.63,0
PAY_00631,12518.75,checkout_abandon,31,10,1,1,11.94,1
PAY_00632,31996.25,gateway_timeout,60,11,2,0,1.68,1
PAY_00633,1666.99,insufficient_funds,60,8,2,0,9.0,1
PAY_00634,360.4,insufficient_funds,6,11,1,0,2.97,1
PAY_00635,1832.73,mandate_expired,5,5,3,0,5.25,1
PAY_00636,1877.74,other,31,7,1,0,0.4,0
PAY_00637,2067.56,checkout_abandon,50,10,0,1,17.13,1
PAY_00638,821.11,insufficient_funds,31,6,2,0,2.78,0
PAY_00639,4463.14,card_expired,14,9,3,0,28.59,0
PAY_00640,4224.07,gateway_timeout,34,9,1,0,9.53,1
PAY_00641,560.95,other,57,13,5,0,23.59,0
PAY_00642,5030.34,checkout_abandon,11,6,3,3,2.77,0
PAY_00643,19471.96,insufficient_funds,27,7,0,0,0.65,1
PAY_00644,2969.08,checkout_abandon,39,4,1,5,19.74,1
PAY_00645,1784.19,gateway_timeout,24,7,1,0,7.76,1
PAY_00646,2169.05,card_expired,3,5,4,0,5.08,0
PAY_00647,4625.33,insufficient_funds,41,4,2,0,1.98,0
PAY_00648,442.91,card_expired,45,6,4,0,7.38,1
PAY_00649,2946.69,card_expired,40,3,2,0,21.71,0
PAY_00650,1691.86,card_expired,40,3,2,0,4.6,0
PAY_00651,15865.01,other,40,6,4,0,0.3,0
PAY_00652,2100.38,insufficient_funds,20,7,3,0,13.11,1
PAY_00653,13252.4,checkout_abandon,1,12,2,3,0.62,1
PAY_00654,829.07,card_expired,60,9,0,0,24.31,0
PAY_00655,4497.63,gateway_timeout,13,10,1,0,0.63,1
PAY_00656,3440.76,insufficient_funds,50,3,1,0,9.79,0
PAY_00657,1048.38,gateway_timeout,33,14,3,0,12.13,0
PAY_00658,2985.26,insufficient_funds,33,4,6,0,33.86,0
PAY_00659,8404.86,other,2,12,0,0,2.66,0
PAY_00660,1808.5,checkout_abandon,60,9,1,5,3.73,1
PAY_00661,460.39,mandate_expired,32,10,1,0,2.69,0
PAY_00662,2456.48,other,50,11,2,0,31.39,0
PAY_00663,1013.96,gateway_timeout,47,9,3,0,17.86,1
PAY_00664,1775.27,card_expired,9,9,0,0,4.83,0
PAY_00665,2304.13,insufficient_funds,57,5,4,0,42.64,1
PAY_00666,454.13,insufficient_funds,36,10,1,0,4.56,0
PAY_00667,496.9,insufficient_funds,12,9,2,0,0.71,0
PAY_00668,4048.55,gateway_timeout,35,14,2,0,9.96,1
PAY_00669,1482.27,gateway_timeout,37,7,1,0,14.03,1
PAY_00670,192.35,checkout_abandon,40,11,0,3,6.97,1
PAY_00671,5480.16,insufficient_funds,20,4,2,0,15.1,0
PAY_00672,3282.68,insufficient_funds,57,8,0,0,0.61,1
PAY_00673,1224.36,mandate_expired,15,10,0,0,4.67,1
PAY_00674,669.96,insufficient_funds,30,12,3,0,6.4,0
PAY_00675,5766.69,card_expired,51,7,1,0,11.63,1
PAY_00676,3545.37,other,5,7,0,0,6.83,0
PAY_00677,27082.64,mandate_expired,25,3,2,0,11.64,0
PAY_00678,3805.62,checkout_abandon,29,13,3,1,3.56,0
PAY_00679,3683.98,mandate_expired,47,7,3,0,1.68,1
PAY_00680,2115.65,mandate_expired,48,7,2,0,10.27,1
PAY_00681,5657.98,other,48,13,2,0,21.51,0
PAY_00682,4671.01,other,22,10,1,0,13.15,1
PAY_00683,8740.92,gateway_timeout,30,4,3,0,8.08,1
PAY_00684,1484.34,checkout_abandon,2,17,2,2,24.21,1
PAY_00685,1617.5,card_expired,50,10,0,0,3.3,0
PAY_00686,1548.35,insufficient_funds,19,9,1,0,4.01,1
PAY_00687,5512.91,checkout_abandon,29,11,2,4,33.08,0
PAY_00688,11186.02,mandate_expired,41,7,3,0,5.58,1
PAY_00689,1580.04,mandate_expired,47,7,4,0,1.56,1
PAY_00690,1634.79,gateway_timeout,6,5,2,0,9.65,1
PAY_00691,3422.49,gateway_timeout,47,11,1,0,4.98,1
PAY_00692,1955.27,insufficient_funds,23,9,2,0,15.55,1
PAY_00693,6477.56,checkout_abandon,26,6,0,5,8.81,1
PAY_00694,263.03,other,8,2,3,0,31.48,0
PAY_00695,1093.72,other,44,7,1,0,21.29,0
PAY_00696,1143.25,gateway_timeout,29,9,3,0,13.16,1
PAY_00697,245.6,gateway_timeout,7,7,1,0,15.77,1
PAY_00698,953.76,card_expired,9,8,2,0,15.23,0
PAY_00699,1001.14,mandate_expired,44,4,0,0,4.3,0
PAY_00700,2044.57,checkout_abandon,7,7,2,1,9.63,0
PAY_00701,7608.43,gateway_timeout,32,7,1,0,0.79,1
PAY_00702,1956.64,insufficient_funds,42,7,3,0,10.8,0
PAY_00703,891.79,card_expired,55,9,1,0,42.82,0
PAY_00704,2361.59,checkout_abandon,10,3,1,1,18.88,0
PAY_00705,7138.23,gateway_timeout,18,3,1,0,5.28,1
PAY_00706,942.08,other,10,9,2,0,1.87,0
PAY_00707,1005.73,mandate_expired,53,8,3,0,6.26,0
PAY_00708,4370.34,other,36,10,2,0,37.56,0
PAY_00709,2003.22,checkout_abandon,59,7,4,5,25.81,0
PAY_00710,4776.82,checkout_abandon,3,5,1,3,24.41,1
PAY_00711,2466.11,other,43,6,3,0,46.41,0
PAY_00712,5042.76,other,2,1,1,0,9.74,1
PAY_00713,888.0,other,7,8,4,0,15.14,0
PAY_00714,2469.97,card_expired,26,4,2,0,2.99,0
PAY_00715,2025.06,checkout_abandon,23,4,1,3,3.95,0
PAY_00716,741.11,insufficient_funds,22,13,1,0,6.01,1
PAY_00717,523.52,gateway_timeout,5,8,0,0,13.56,0
PAY_00718,4963.15,other,33,11,3,0,0.13,0
PAY_00719,1760.04,gateway_timeout,21,4,2,0,8.77,1
PAY_00720,899.43,card_expired,60,14,4,0,7.66,0
PAY_00721,2270.75,other,48,6,1,0,42.24,0
PAY_00722,7723.82,other,27,8,1,0,8.4,0
PAY_00723,255.52,other,46,11,2,0,36.73,0
PAY_00724,559.7,checkout_abandon,35,7,0,4,14.89,1
PAY_00725,993.43,checkout_abandon,30,8,1,4,16.81,1
PAY_00726,10777.6,other,56,6,6,0,18.5,1
PAY_00727,3316.39,insufficient_funds,36,9,2,0,5.31,1
PAY_00728,5384.95,insufficient_funds,29,4,3,0,25.4,0
PAY_00729,799.42,other,34,7,2,0,4.78,0
PAY_00730,816.08,mandate_expired,47,8,1,0,20.74,0
PAY_00731,3912.22,checkout_abandon,45,12,1,4,19.78,1
PAY_00732,2650.01,insufficient_funds,33,8,2,0,17.26,0
PAY_00733,4327.67,checkout_abandon,11,10,2,2,14.39,0
PAY_00734,2072.22,other,39,9,1,0,8.98,0
PAY_00735,3301.69,checkout_abandon,26,11,1,3,23.68,0
PAY_00736,2928.26,gateway_timeout,56,7,2,0,3.58,1
PAY_00737,5441.52,checkout_abandon,55,8,2,3,0.46,1
PAY_00738,5602.98,other,1,7,3,0,1.56,0
PAY_00739,494.81,other,60,8,0,0,6.72,1
PAY_00740,264.22,gateway_timeout,55,10,4,0,6.59,1
PAY_00741,6807.58,checkout_abandon,55,11,1,3,0.82,1
PAY_00742,8199.03,gateway_timeout,30,8,2,0,24.53,1
PAY_00743,900.93,checkout_abandon,17,10,0,3,0.37,1
PAY_00744,389.25,insufficient_funds,37,8,2,0,13.52,0
PAY_00745,2760.26,checkout_abandon,53,11,2,1,9.71,1
PAY_00746,6341.59,checkout_abandon,28,6,2,1,2.9,0
PAY_00747,15087.78,gateway_timeout,60,11,5,0,5.41,1
PAY_00748,4189.53,gateway_timeout,16,5,4,0,14.73,1
PAY_00749,1723.87,insufficient_funds,52,4,1,0,11.04,1
PAY_00750,1023.43,insufficient_funds,4,7,3,0,10.53,0
PAY_00751,2528.79,mandate_expired,51,8,3,0,6.44,0
PAY_00752,1853.41,insufficient_funds,57,8,1,0,9.94,1
PAY_00753,905.94,insufficient_funds,43,11,1,0,11.21,1
PAY_00754,19395.6,other,38,5,4,0,25.58,0
PAY_00755,14901.46,gateway_timeout,25,9,3,0,25.1,0
PAY_00756,7786.09,other,53,9,2,0,2.81,1
PAY_00757,995.45,checkout_abandon,8,11,1,1,2.81,0
PAY_00758,5878.55,mandate_expired,18,9,0,0,14.52,1
PAY_00759,4739.43,checkout_abandon,8,11,3,4,1.27,0
PAY_00760,3891.66,insufficient_funds,17,6,1,0,1.45,0
PAY_00761,8722.94,card_expired,32,10,3,0,0.31,1
PAY_00762,4719.31,card_expired,21,5,4,0,38.82,0
PAY_00763,5239.91,gateway_timeout,26,10,0,0,10.72,1
PAY_00764,4726.56,card_expired,14,8,2,0,2.41,1
PAY_00765,3515.15,checkout_abandon,22,7,3,3,6.52,0
PAY_00766,420.08,other,30,8,2,0,9.6,0
PAY_00767,2718.04,card_expired,13,9,0,0,19.23,0
PAY_00768,1433.47,insufficient_funds,57,5,2,0,9.08,1
PAY_00769,695.2,other,54,7,3,0,12.86,0
PAY_00770,13438.28,other,53,3,0,0,38.41,0
PAY_00771,14087.47,mandate_expired,1,6,3,0,0.77,1
PAY_00772,9732.89,insufficient_funds,30,12,0,0,8.23,1
PAY_00773,3226.84,card_expired,48,4,1,0,1.91,1
PAY_00774,9649.59,mandate_expired,21,14,1,0,2.98,1
PAY_00775,2530.32,gateway_timeout,14,6,0,0,0.1,1
PAY_00776,3062.06,other,37,4,1,0,38.78,1
PAY_00777,837.63,checkout_abandon,1,4,2,3,3.76,0
PAY_00778,3718.36,card_expired,37,6,2,0,27.1,0
PAY_00779,2655.62,mandate_expired,28,9,1,0,4.44,0
PAY_00780,679.52,gateway_timeout,42,6,3,0,28.91,0
PAY_00781,2375.23,other,41,5,1,0,9.2,0
PAY_00782,2308.42,checkout_abandon,33,9,1,4,26.08,0
PAY_00783,15087.28,checkout_abandon,36,3,4,3,9.43,1
PAY_00784,6113.53,gateway_timeout,2,11,5,0,3.33,1
PAY_00785,2528.78,insufficient_funds,59,10,0,0,7.6,1
PAY_00786,3206.17,mandate_expired,5,5,2,0,15.81,0
PAY_00787,2613.01,gateway_timeout,59,2,5,0,14.92,0
PAY_00788,2040.87,other,59,5,0,0,5.08,0
PAY_00789,846.93,other,44,6,3,0,1.65,0
PAY_00790,2149.51,card_expired,45,9,1,0,8.85,0
PAY_00791,1185.53,insufficient_funds,2,11,2,0,11.34,1
PAY_00792,716.04,mandate_expired,57,12,2,0,6.47,1
PAY_00793,4168.32,insufficient_funds,32,6,6,0,6.13,1
PAY_00794,3697.12,card_expired,21,9,2,0,14.06,0
PAY_00795,418.78,checkout_abandon,41,3,1,3,2.89,0
PAY_00796,2211.36,other,33,3,3,0,22.55,0
PAY_00797,6766.56,gateway_timeout,22,8,1,0,0.77,1
PAY_00798,7210.33,gateway_timeout,20,9,1,0,19.06,1
PAY_00799,6973.57,other,8,10,3,0,16.87,0
PAY_00800,2599.2,checkout_abandon,55,8,3,3,3.14,1
PAY_00801,1073.84,card_expired,40,8,3,0,37.39,0
PAY_00802,845.85,other,18,16,4,0,10.6,0
PAY_00803,3528.58,checkout_abandon,44,10,0,3,9.01,0
PAY_00804,3653.08,checkout_abandon,42,3,1,2,7.1,1
PAY_00805,9057.76,checkout_abandon,9,7,2,2,1.1,1
PAY_00806,7510.26,card_expired,11,8,0,0,1.47,0
PAY_00807,2190.35,other,14,9,3,0,12.01,0
PAY_00808,720.42,gateway_timeout,7,6,1,0,10.53,1
PAY_00809,1817.0,mandate_expired,50,7,2,0,15.94,0
PAY_00810,3106.58,gateway_timeout,10,6,4,0,61.8,0
PAY_00811,2042.57,checkout_abandon,49,9,3,5,4.97,0
PAY_00812,1402.7,card_expired,32,9,2,0,12.42,1
PAY_00813,3219.34,other,8,10,1,0,15.64,0
PAY_00814,1510.34,gateway_timeout,51,6,2,0,0.87,0
PAY_00815,1334.06,gateway_timeout,11,8,0,0,9.08,0
PAY_00816,3413.52,gateway_timeout,60,8,2,0,7.58,1
PAY_00817,1672.46,insufficient_funds,1,8,2,0,3.64,0
PAY_00818,3191.19,gateway_timeout,38,7,4,0,1.94,1
PAY_00819,3285.42,other,19,8,2,0,9.7,0
PAY_00820,800.0,gateway_timeout,33,8,0,0,6.02,1
PAY_00821,1545.04,gateway_timeout,51,6,2,0,36.34,1
PAY_00822,10528.31,mandate_expired,48,6,0,0,15.37,1
PAY_00823,782.09,insufficient_funds,17,6,0,0,16.72,1
PAY_00824,301.08,gateway_timeout,4,12,1,0,19.64,1
PAY_00825,388.46,other,18,8,3,0,10.57,0
PAY_00826,2573.84,insufficient_funds,49,12,1,0,9.53,1
PAY_00827,2578.5,gateway_timeout,31,7,3,0,11.29,0
PAY_00828,2222.6,checkout_abandon,46,11,1,4,2.58,0
PAY_00829,8418.91,insufficient_funds,30,14,0,0,2.04,1
PAY_00830,172.64,gateway_timeout,32,8,0,0,8.31,1
PAY_00831,3714.43,insufficient_funds,4,11,3,0,28.27,1
PAY_00832,11914.18,gateway_timeout,2,9,0,0,6.33,1
PAY_00833,809.38,other,43,6,1,0,11.72,0
PAY_00834,1709.98,gateway_timeout,13,11,1,0,9.93,1
PAY_00835,1177.51,gateway_timeout,22,6,4,0,13.19,1
PAY_00836,1022.19,gateway_timeout,23,9,1,0,12.49,1
PAY_00837,1804.04,other,38,12,0,0,10.26,0
PAY_00838,10420.51,insufficient_funds,57,7,3,0,1.34,1
PAY_00839,15700.26,other,46,9,3,0,0.25,0
PAY_00840,1786.67,gateway_timeout,39,9,1,0,22.22,1
PAY_00841,16799.53,other,51,11,2,0,17.39,0
PAY_00842,2590.54,gateway_timeout,31,7,1,0,3.65,1
PAY_00843,14439.71,insufficient_funds,9,6,3,0,18.11,0
PAY_00844,2277.3,checkout_abandon,30,8,2,4,7.53,1
PAY_00845,2850.08,insufficient_funds,59,13,0,0,8.32,1
PAY_00846,3602.99,card_expired,47,13,1,0,7.97,0
PAY_00847,60048.01,mandate_expired,21,12,3,0,27.59,0
PAY_00848,5856.64,mandate_expired,20,12,1,0,32.06,0
PAY_00849,1232.48,insufficient_funds,56,6,3,0,2.25,0
PAY_00850,6588.26,mandate_expired,6,7,0,0,1.93,1
PAY_00851,1741.0,gateway_timeout,56,4,4,0,3.0,1
PAY_00852,1531.95,other,41,5,1,0,7.43,0
PAY_00853,6202.13,mandate_expired,49,10,3,0,19.82,0
PAY_00854,2578.93,checkout_abandon,20,4,0,4,0.1,1
PAY_00855,3303.12,card_expired,39,7,1,0,8.18,0
PAY_00856,2535.21,checkout_abandon,20,10,2,2,5.35,0
PAY_00857,3500.39,checkout_abandon,2,10,2,3,5.01,0
PAY_00858,3823.85,insufficient_funds,28,9,3,0,9.8,1
PAY_00859,360.35,mandate_expired,59,5,0,0,13.56,0
PAY_00860,4868.88,gateway_timeout,15,6,1,0,1.42,1
PAY_00861,936.38,insufficient_funds,10,4,2,0,0.69,0
PAY_00862,590.96,card_expired,56,8,2,0,0.28,0
PAY_00863,2358.15,insufficient_funds,55,4,1,0,8.09,1
PAY_00864,2719.02,mandate_expired,51,13,5,0,0.73,1
PAY_00865,1249.55,insufficient_funds,59,7,0,0,13.17,1
PAY_00866,5739.22,gateway_timeout,60,7,1,0,0.51,1
PAY_00867,653.19,card_expired,56,4,0,0,5.63,1
PAY_00868,1664.2,insufficient_funds,58,6,2,0,2.14,1
PAY_00869,1392.94,mandate_expired,45,7,0,0,4.88,1
PAY_00870,2386.2,checkout_abandon,19,7,2,1,13.98,0
PAY_00871,3304.07,card_expired,28,11,1,0,10.44,1
PAY_00872,912.47,insufficient_funds,23,8,3,0,7.24,1
PAY_00873,5158.13,card_expired,31,5,2,0,0.93,0
PAY_00874,2662.57,checkout_abandon,42,6,1,3,7.38,1
PAY_00875,376.95,gateway_timeout,15,6,3,0,11.72,1
PAY_00876,352.64,gateway_timeout,1,6,3,0,17.73,0
PAY_00877,2469.39,gateway_timeout,37,4,1,0,6.38,1
PAY_00878,2004.36,checkout_abandon,60,4,0,4,15.09,0
PAY_00879,2254.37,insufficient_funds,52,6,4,0,25.17,1
PAY_00880,2431.01,gateway_timeout,1,9,1,0,8.42,1
PAY_00881,3132.56,mandate_expired,36,6,1,0,0.1,1
PAY_00882,6449.1,checkout_abandon,32,12,6,1,21.33,0
PAY_00883,822.99,insufficient_funds,26,9,3,0,47.25,1
PAY_00884,774.39,gateway_timeout,41,8,2,0,4.17,0
PAY_00885,837.75,gateway_timeout,26,8,1,0,4.15,1
PAY_00886,3337.45,mandate_expired,55,9,1,0,47.03,0
PAY_00887,8681.88,other,55,8,2,0,0.62,0
PAY_00888,1624.1,checkout_abandon,39,7,3,4,32.98,0
PAY_00889,204.86,mandate_expired,28,8,2,0,7.33,1
PAY_00890,454.89,insufficient_funds,36,7,3,0,9.19,0
PAY_00891,1086.82,other,55,9,2,0,3.72,0
PAY_00892,1431.27,gateway_timeout,19,13,1,0,14.07,1
PAY_00893,1661.8,gateway_timeout,53,10,1,0,4.02,1
PAY_00894,2598.34,insufficient_funds,36,9,0,0,5.98,1
PAY_00895,1830.42,insufficient_funds,4,7,4,0,7.51,0
PAY_00896,7139.41,card_expired,45,9,2,0,13.26,1
PAY_00897,1271.6,insufficient_funds,13,3,4,0,2.54,1
PAY_00898,1055.46,gateway_timeout,31,8,4,0,37.79,0
PAY_00899,4035.65,insufficient_funds,58,6,2,0,10.74,1
PAY_00900,538.29,other,47,10,1,0,2.41,0
PAY_00901,3691.31,card_expired,42,6,3,0,5.88,0
PAY_00902,2769.99,other,5,3,1,0,10.88,0
PAY_00903,2157.28,card_expired,52,4,3,0,28.42,0
PAY_00904,12238.26,other,21,13,3,0,17.34,0
PAY_00905,1341.9,checkout_abandon,4,8,2,2,14.13,0
PAY_00906,19620.77,insufficient_funds,58,11,3,0,6.15,1
PAY_00907,1995.43,gateway_timeout,12,8,3,0,2.84,1
PAY_00908,697.17,gateway_timeout,20,4,4,0,12.88,0
PAY_00909,2681.05,mandate_expired,9,5,1,0,5.97,0
PAY_00910,852.18,insufficient_funds,38,8,0,0,28.87,1
PAY_00911,1178.84,insufficient_funds,53,6,3,0,39.65,1
PAY_00912,3718.51,mandate_expired,32,8,0,0,17.34,0
PAY_00913,4357.39,insufficient_funds,53,5,2,0,7.57,1
PAY_00914,1341.95,insufficient_funds,57,7,4,0,2.22,1
PAY_00915,6710.65,insufficient_funds,53,11,2,0,23.79,1
PAY_00916,7954.98,mandate_expired,10,9,4,0,11.74,0
PAY_00917,10512.79,insufficient_funds,13,7,1,0,8.43,1
PAY_00918,4244.84,insufficient_funds,18,7,4,0,4.59,1
PAY_00919,9773.94,insufficient_funds,39,11,0,0,31.2,1
PAY_00920,381.17,card_expired,52,9,2,0,1.1,0
PAY_00921,1819.18,insufficient_funds,19,6,3,0,35.43,0
PAY_00922,1050.52,insufficient_funds,40,10,1,0,2.17,1
PAY_00923,2816.56,other,12,8,3,0,15.1,0
PAY_00924,1411.77,other,33,4,2,0,0.1,0
PAY_00925,2117.28,insufficient_funds,47,15,3,0,3.11,0
PAY_00926,16419.43,gateway_timeout,24,10,3,0,0.33,1
PAY_00927,2109.75,insufficient_funds,10,7,3,0,0.59,1
PAY_00928,3781.36,mandate_expired,25,7,3,0,6.92,0
PAY_00929,1981.83,gateway_timeout,46,6,2,0,3.67,0
PAY_00930,2696.63,other,57,9,0,0,7.97,0
PAY_00931,2515.09,card_expired,37,7,4,0,7.53,1
PAY_00932,3914.21,checkout_abandon,41,4,4,1,1.22,1
PAY_00933,8017.27,insufficient_funds,26,10,1,0,12.48,0
PAY_00934,12983.57,other,56,6,2,0,23.11,0
PAY_00935,3407.27,mandate_expired,53,11,1,0,9.42,0
PAY_00936,4507.93,card_expired,59,8,2,0,15.45,1
PAY_00937,790.91,insufficient_funds,52,6,2,0,14.06,1
PAY_00938,2289.68,mandate_expired,33,11,1,0,12.39,0
PAY_00939,6401.81,card_expired,58,9,3,0,3.32,1
PAY_00940,5943.27,other,37,5,1,0,0.61,0
PAY_00941,3089.16,checkout_abandon,37,10,1,2,11.72,0
PAY_00942,6065.91,checkout_abandon,40,14,1,3,5.08,1
PAY_00943,4083.92,gateway_timeout,12,9,0,0,10.93,0
PAY_00944,8302.83,mandate_expired,51,7,2,0,30.39,0
PAY_00945,3338.93,other,22,2,1,0,10.48,0
PAY_00946,1751.71,checkout_abandon,40,10,3,4,10.85,1
PAY_00947,3497.79,insufficient_funds,51,7,3,0,8.35,1
PAY_00948,133.41,insufficient_funds,7,6,2,0,18.76,0
PAY_00949,3666.28,checkout_abandon,19,15,0,2,0.42,1
PAY_00950,100.0,card_expired,57,6,2,0,2.04,0
PAY_00951,446.12,insufficient_funds,22,2,5,0,7.39,1
PAY_00952,3927.72,gateway_timeout,40,8,2,0,11.17,0
PAY_00953,4030.22,other,34,6,2,0,34.24,0
PAY_00954,781.81,checkout_abandon,53,6,3,4,2.33,1
PAY_00955,1226.53,insufficient_funds,31,7,2,0,2.9,1
PAY_00956,9843.7,gateway_timeout,26,6,1,0,30.23,0
PAY_00957,1540.74,gateway_timeout,1,11,1,0,0.14,1
PAY_00958,23552.01,insufficient_funds,29,6,1,0,5.49,0
PAY_00959,2495.2,mandate_expired,36,5,0,0,1.96,0
PAY_00960,3759.65,checkout_abandon,42,5,5,3,0.9,0
PAY_00961,12593.3,mandate_expired,47,11,5,0,2.57,1
PAY_00962,2850.0,checkout_abandon,47,9,4,2,7.08,1
PAY_00963,917.55,insufficient_funds,28,6,3,0,8.66,1
PAY_00964,2240.2,insufficient_funds,5,10,0,0,5.3,1
PAY_00965,2412.54,insufficient_funds,16,9,3,0,17.24,1
PAY_00966,638.62,insufficient_funds,25,5,1,0,35.25,1
PAY_00967,1935.68,mandate_expired,59,7,1,0,18.7,0
PAY_00968,1190.17,insufficient_funds,47,9,2,0,0.69,0
PAY_00969,6300.62,mandate_expired,54,11,3,0,15.95,0
PAY_00970,2588.04,insufficient_funds,60,11,4,0,2.63,1
PAY_00971,1884.18,insufficient_funds,8,6,1,0,26.38,1
PAY_00972,2248.15,insufficient_funds,1,8,3,0,7.16,0
PAY_00973,3124.93,checkout_abandon,35,7,2,5,0.14,1
PAY_00974,4632.54,mandate_expired,16,5,0,0,10.52,1
PAY_00975,919.96,card_expired,53,6,4,0,1.18,0
PAY_00976,882.23,insufficient_funds,28,4,0,0,6.08,0
PAY_00977,7545.64,checkout_abandon,1,5,2,2,2.25,0
PAY_00978,1655.25,card_expired,14,8,3,0,1.97,0
PAY_00979,606.2,gateway_timeout,21,7,1,0,10.48,1
PAY_00980,3896.6,insufficient_funds,2,8,3,0,1.77,1
PAY_00981,3973.55,insufficient_funds,20,7,1,0,4.6,0
PAY_00982,540.95,insufficient_funds,33,7,2,0,11.79,1
PAY_00983,3144.87,other,54,5,1,0,8.33,0
PAY_00984,5216.75,gateway_timeout,39,3,1,0,2.71,1
PAY_00985,3635.25,checkout_abandon,6,5,5,4,4.05,1
PAY_00986,4703.34,card_expired,25,4,3,0,0.75,0
PAY_00987,613.87,gateway_timeout,47,4,3,0,10.49,1
PAY_00988,3481.04,mandate_expired,23,7,0,0,5.51,1
PAY_00989,1847.2,insufficient_funds,34,8,2,0,20.1,0
PAY_00990,1542.65,checkout_abandon,60,10,3,1,11.61,1
PAY_00991,5970.59,insufficient_funds,9,12,2,0,15.04,1
PAY_00992,10974.4,insufficient_funds,29,8,4,0,2.88,1
PAY_00993,15039.21,gateway_timeout,37,8,2,0,14.26,1
PAY_00994,9310.09,mandate_expired,48,14,0,0,13.21,1
PAY_00995,2240.18,mandate_expired,51,6,5,0,20.61,0
PAY_00996,3557.33,mandate_expired,18,7,1,0,3.02,1
PAY_00997,5382.29,insufficient_funds,29,10,2,0,2.48,1
PAY_00998,2822.06,other,50,7,2,0,2.07,0
PAY_00999,2849.25,insufficient_funds,51,10,5,0,5.32,0
PAY_01000,5697.59,card_expired,50,8,3,0,6.21,0
PAY_01001,2356.1,mandate_expired,41,3,1,0,14.89,1
PAY_01002,1205.63,checkout_abandon,17,9,4,2,2.19,0
PAY_01003,1651.72,gateway_timeout,23,12,1,0,7.29,1
PAY_01004,4712.42,card_expired,40,12,1,0,9.45,0
PAY_01005,2507.49,mandate_expired,16,2,1,0,18.84,0
PAY_01006,3513.11,insufficient_funds,41,5,3,0,9.44,1
PAY_01007,4885.98,card_expired,31,9,2,0,6.49,1
PAY_01008,1718.5,insufficient_funds,27,5,3,0,3.62,1
PAY_01009,5325.67,checkout_abandon,22,11,4,3,0.83,0
PAY_01010,3651.48,mandate_expired,47,11,3,0,8.14,0
PAY_01011,727.22,card_expired,28,8,1,0,6.5,0
PAY_01012,10576.09,checkout_abandon,19,10,2,3,3.57,1
PAY_01013,1515.2,insufficient_funds,24,12,2,0,15.0,1
PAY_01014,477.68,checkout_abandon,30,6,1,2,3.49,0
PAY_01015,879.19,gateway_timeout,38,6,0,0,69.81,1
PAY_01016,900.55,checkout_abandon,60,8,2,2,2.25,0
PAY_01017,2633.9,checkout_abandon,21,5,2,4,28.99,1
PAY_01018,1901.11,card_expired,11,14,1,0,1.13,0
PAY_01019,1785.07,insufficient_funds,59,7,2,0,0.45,1
PAY_01020,4645.94,insufficient_funds,9,11,1,0,14.84,0
PAY_01021,3511.93,checkout_abandon,55,10,3,1,5.77,0
PAY_01022,3429.24,insufficient_funds,9,4,1,0,2.24,0
PAY_01023,3766.4,insufficient_funds,22,4,1,0,0.45,0
PAY_01024,4629.39,gateway_timeout,60,13,0,0,11.28,1
PAY_01025,303.72,checkout_abandon,10,9,4,3,72.0,0
PAY_01026,1736.47,gateway_timeout,10,7,4,0,14.86,0
PAY_01027,282.54,checkout_abandon,37,7,1,3,4.71,1
PAY_01028,2591.79,other,12,5,3,0,6.29,0
PAY_01029,2488.44,checkout_abandon,2,9,2,5,30.31,1
PAY_01030,7112.28,gateway_timeout,42,6,3,0,5.0,1
PAY_01031,8198.29,insufficient_funds,58,11,4,0,1.02,1
PAY_01032,3061.99,insufficient_funds,46,7,1,0,22.92,1
PAY_01033,1515.78,checkout_abandon,58,12,1,3,23.54,0
PAY_01034,4061.09,mandate_expired,32,3,1,0,0.26,1
PAY_01035,1474.58,insufficient_funds,37,10,2,0,7.36,1
PAY_01036,2496.52,insufficient_funds,59,4,3,0,12.91,0
PAY_01037,6702.14,gateway_timeout,31,10,2,0,3.77,1
PAY_01038,1431.21,gateway_timeout,3,9,5,0,13.62,0
PAY_01039,5595.54,other,15,5,3,0,7.34,0
PAY_01040,4921.89,insufficient_funds,38,5,2,0,3.39,1
PAY_01041,962.23,insufficient_funds,52,6,2,0,28.62,1
PAY_01042,6620.59,gateway_timeout,37,5,2,0,1.79,1
PAY_01043,5027.17,insufficient_funds,25,10,3,0,0.46,0
PAY_01044,2768.25,insufficient_funds,20,6,0,0,18.18,1
PAY_01045,1166.45,gateway_timeout,41,13,3,0,3.2,1
PAY_01046,1058.75,gateway_timeout,54,6,2,0,8.73,1
PAY_01047,1460.28,insufficient_funds,17,9,3,0,2.77,0
PAY_01048,4301.16,checkout_abandon,34,9,2,1,7.78,1
PAY_01049,961.43,checkout_abandon,26,6,4,3,22.67,0
PAY_01050,3872.12,insufficient_funds,15,7,0,0,31.35,1
PAY_01051,722.19,card_expired,25,8,1,0,11.45,1
PAY_01052,2038.52,gateway_timeout,6,4,1,0,12.93,0
PAY_01053,2789.71,other,32,12,1,0,28.82,1
PAY_01054,28830.13,other,7,6,3,0,8.99,0
PAY_01055,630.64,gateway_timeout,29,4,0,0,18.44,1
PAY_01056,10895.01,insufficient_funds,54,14,1,0,7.29,1
PAY_01057,2904.13,card_expired,9,9,0,0,14.77,0
PAY_01058,3771.46,gateway_timeout,16,5,0,0,1.11,1
PAY_01059,2814.09,insufficient_funds,44,15,4,0,9.65,1
PAY_01060,3900.16,checkout_abandon,55,14,4,5,62.51,1
PAY_01061,2143.86,checkout_abandon,58,7,0,2,6.57,1
PAY_01062,10701.04,card_expired,8,7,0,0,6.39,1
PAY_01063,1583.79,mandate_expired,15,7,0,0,3.71,0
PAY_01064,7756.45,other,60,9,0,0,4.63,0
PAY_01065,1312.49,mandate_expired,31,4,2,0,0.35,0
PAY_01066,2353.82,mandate_expired,51,6,2,0,11.77,0
PAY_01067,855.84,checkout_abandon,1,10,2,2,4.99,0
PAY_01068,3940.53,other,7,7,1,0,1.73,0
PAY_01069,10605.97,other,13,5,0,0,28.79,0
PAY_01070,2313.9,card_expired,6,11,2,0,0.99,0
PAY_01071,2053.21,card_expired,54,12,0,0,8.52,0
PAY_01072,820.1,checkout_abandon,49,7,1,2,0.1,0
PAY_01073,1987.74,gateway_timeout,24,5,5,0,31.89,1
PAY_01074,508.39,other,5,9,0,0,10.11,0
PAY_01075,1003.42,insufficient_funds,7,5,1,0,11.33,0
PAY_01076,3136.4,insufficient_funds,16,9,4,0,3.91,0
PAY_01077,9349.32,gateway_timeout,44,8,5,0,4.4,1
PAY_01078,41492.04,checkout_abandon,49,9,0,1,2.39,1
PAY_01079,1390.56,checkout_abandon,33,7,3,4,2.9,1
PAY_01080,10502.26,insufficient_funds,55,10,2,0,14.79,1
PAY_01081,3190.07,insufficient_funds,56,10,2,0,1.4,0
PAY_01082,2149.09,insufficient_funds,47,12,1,0,2.3,1
PAY_01083,3853.13,gateway_timeout,5,8,3,0,0.22,1
PAY_01084,2659.68,insufficient_funds,54,8,4,0,13.26,0
PAY_01085,2791.8,mandate_expired,55,11,3,0,4.96,1
PAY_01086,1661.89,insufficient_funds,34,7,4,0,0.8,1
PAY_01087,617.66,gateway_timeout,36,12,1,0,1.05,1
PAY_01088,534.01,gateway_timeout,47,7,3,0,5.25,1
PAY_01089,4804.42,checkout_abandon,36,5,3,3,0.24,0
PAY_01090,1895.7,card_expired,21,9,4,0,0.1,0
PAY_01091,1377.41,insufficient_funds,42,10,3,0,8.0,1
PAY_01092,2521.35,gateway_timeout,48,11,3,0,22.11,1
PAY_01093,5535.73,mandate_expired,9,9,1,0,0.34,1
PAY_01094,2994.13,insufficient_funds,41,7,3,0,6.93,1
PAY_01095,1297.24,card_expired,11,7,2,0,7.41,0
PAY_01096,8521.43,other,35,7,2,0,8.47,0
PAY_01097,12127.51,checkout_abandon,7,7,2,4,2.68,1
PAY_01098,4099.43,other,60,10,2,0,9.16,0
PAY_01099,6619.07,gateway_timeout,41,3,2,0,3.67,0
PAY_01100,8655.98,gateway_timeout,29,6,5,0,26.21,1
PAY_01101,7739.91,insufficient_funds,31,8,2,0,27.86,1
PAY_01102,4619.98,insufficient_funds,38,5,4,0,14.38,1
PAY_01103,4547.77,insufficient_funds,8,9,3,0,2.27,1
PAY_01104,4203.64,checkout_abandon,31,8,2,1,6.65,0
PAY_01105,834.4,checkout_abandon,43,10,1,1,1.0,0
PAY_01106,5038.02,insufficient_funds,16,6,3,0,23.69,1
PAY_01107,644.34,checkout_abandon,29,6,1,4,16.56,1
PAY_01108,1129.41,insufficient_funds,20,4,4,0,9.69,0
PAY_01109,9206.0,gateway_timeout,10,4,1,0,17.68,1
PAY_01110,5792.19,insufficient_funds,59,8,2,0,4.42,1
PAY_01111,11063.92,mandate_expired,36,2,1,0,2.13,0
PAY_01112,1905.26,checkout_abandon,24,10,4,2,9.57,0
PAY_01113,789.81,mandate_expired,21,7,1,0,13.94,0
PAY_01114,1965.71,insufficient_funds,41,7,2,0,11.26,1
PAY_01115,2768.55,gateway_timeout,7,7,1,0,9.15,0
PAY_01116,2705.48,other,35,6,2,0,47.08,0
PAY_01117,7767.68,insufficient_funds,14,7,1,0,15.23,1
PAY_01118,1741.98,gateway_timeout,54,9,0,0,11.09,1
PAY_01119,3554.89,insufficient_funds,48,8,4,0,8.58,0
PAY_01120,930.22,insufficient_funds,46,7,3,0,11.83,0
PAY_01121,3922.02,checkout_abandon,9,11,3,3,2.28,0
PAY_01122,2507.78,insufficient_funds,5,7,1,0,5.16,1
PAY_01123,1181.14,checkout_abandon,28,8,1,5,13.54,1
PAY_01124,1974.79,other,22,10,2,0,26.74,0
PAY_01125,2079.47,insufficient_funds,44,8,2,0,14.43,1
PAY_01126,1908.15,insufficient_funds,43,8,2,0,18.04,1
PAY_01127,14696.83,card_expired,24,7,1,0,2.55,0
PAY_01128,2265.61,checkout_abandon,10,7,2,1,4.86,0
PAY_01129,1958.92,other,20,4,2,0,9.06,0
PAY_01130,306.92,gateway_timeout,31,11,3,0,7.41,1
PAY_01131,1022.33,checkout_abandon,16,7,1,3,0.27,0
PAY_01132,1921.71,other,20,2,3,0,3.97,0
PAY_01133,1259.15,insufficient_funds,15,8,0,0,9.31,0
PAY_01134,9954.24,card_expired,4,8,1,0,0.41,0
PAY_01135,2119.87,mandate_expired,37,10,2,0,3.0,1
PAY_01136,9067.85,card_expired,60,8,3,0,3.63,0
PAY_01137,2659.12,insufficient_funds,58,9,4,0,26.82,1
PAY_01138,2594.82,gateway_timeout,56,6,3,0,2.9,1
PAY_01139,2287.58,insufficient_funds,40,6,1,0,1.85,1
PAY_01140,2509.51,other,45,9,1,0,12.35,1
PAY_01141,13944.51,insufficient_funds,4,8,1,0,19.23,0
PAY_01142,245.78,insufficient_funds,13,10,4,0,5.14,1
PAY_01143,337.82,other,43,5,2,0,6.17,0
PAY_01144,1452.26,gateway_timeout,60,6,2,0,15.16,1
PAY_01145,2536.58,checkout_abandon,55,7,5,3,2.12,1
PAY_01146,4984.81,gateway_timeout,38,14,4,0,3.55,1
PAY_01147,4012.35,mandate_expired,7,12,1,0,29.69,0
PAY_01148,1702.41,insufficient_funds,58,10,0,0,3.67,1
PAY_01149,6926.36,checkout_abandon,20,10,0,1,0.21,1
PAY_01150,7004.03,checkout_abandon,3,8,8,5,1.11,1
PAY_01151,3005.21,gateway_timeout,47,8,1,0,0.1,1
PAY_01152,6546.62,gateway_timeout,11,12,4,0,5.7,0
PAY_01153,3283.59,insufficient_funds,19,9,1,0,25.23,1
PAY_01154,1425.91,mandate_expired,41,12,1,0,0.86,1
PAY_01155,5023.4,insufficient_funds,58,7,3,0,50.85,0
PAY_01156,2792.41,gateway_timeout,55,11,3,0,5.92,0
PAY_01157,2503.35,gateway_timeout,10,11,2,0,27.01,1
PAY_01158,10905.25,checkout_abandon,11,6,1,1,11.72,1
PAY_01159,215.55,mandate_expired,49,9,3,0,5.79,0
PAY_01160,605.69,gateway_timeout,20,6,3,0,6.2,1
PAY_01161,762.78,other,5,8,1,0,17.58,0
PAY_01162,1738.51,mandate_expired,36,6,0,0,15.09,1
PAY_01163,1938.05,card_expired,40,4,2,0,34.4,1
PAY_01164,553.75,mandate_expired,60,5,0,0,8.16,0
PAY_01165,933.45,insufficient_funds,30,5,1,0,30.66,0
PAY_01166,1057.02,other,48,9,2,0,2.66,0
PAY_01167,29186.75,card_expired,33,8,3,0,36.12,1
PAY_01168,15150.49,checkout_abandon,56,10,3,5,5.98,1
PAY_01169,1656.23,insufficient_funds,30,12,2,0,18.54,0
PAY_01170,1737.95,insufficient_funds,41,4,2,0,21.47,1
PAY_01171,792.22,checkout_abandon,58,10,1,2,12.11,0
PAY_01172,370.89,gateway_timeout,53,14,5,0,1.08,1
PAY_01173,2224.23,mandate_expired,25,8,3,0,9.56,0
PAY_01174,921.68,gateway_timeout,31,5,5,0,7.59,1
PAY_01175,2296.62,checkout_abandon,36,13,3,5,11.09,1
PAY_01176,504.64,insufficient_funds,8,13,3,0,2.23,0
PAY_01177,1166.86,insufficient_funds,15,6,3,0,4.12,0
PAY_01178,2900.6,insufficient_funds,43,10,2,0,15.13,1
PAY_01179,3605.64,card_expired,5,8,1,0,18.71,1
PAY_01180,3795.3,checkout_abandon,37,10,3,5,11.73,1
PAY_01181,667.51,other,30,5,2,0,0.28,0
PAY_01182,5876.59,mandate_expired,30,8,2,0,2.32,0
PAY_01183,1123.08,card_expired,51,8,1,0,5.3,0
PAY_01184,4707.46,checkout_abandon,17,12,4,2,12.41,0
PAY_01185,2473.54,card_expired,48,5,1,0,9.38,0
PAY_01186,631.22,other,48,7,2,0,0.12,0
PAY_01187,1822.29,mandate_expired,60,12,0,0,15.88,1
PAY_01188,3602.6,insufficient_funds,50,6,3,0,34.92,1
PAY_01189,4614.74,mandate_expired,31,11,4,0,5.15,0
PAY_01190,2171.25,insufficient_funds,22,3,3,0,11.48,0
PAY_01191,11566.0,insufficient_funds,47,8,3,0,1.24,1
PAY_01192,6846.94,mandate_expired,56,6,4,0,18.41,0
PAY_01193,1934.09,card_expired,17,10,4,0,15.41,0
PAY_01194,5293.14,insufficient_funds,23,4,5,0,0.62,1
PAY_01195,17289.24,insufficient_funds,30,7,2,0,2.28,1
PAY_01196,17756.92,other,7,10,1,0,4.87,0
PAY_01197,732.19,insufficient_funds,19,7,3,0,21.08,1
PAY_01198,989.81,insufficient_funds,10,5,2,0,3.08,0
PAY_01199,11036.52,mandate_expired,47,8,4,0,1.6,0
PAY_01200,867.63,card_expired,30,11,3,0,1.47,0
PAY_01201,666.14,checkout_abandon,37,9,3,4,0.65,0
PAY_01202,1537.41,checkout_abandon,5,8,2,1,10.56,1
PAY_01203,3805.77,gateway_timeout,35,11,3,0,50.1,0
PAY_01204,2256.68,insufficient_funds,44,8,1,0,9.0,0
PAY_01205,1304.38,card_expired,42,6,2,0,8.57,1
PAY_01206,1273.89,card_expired,48,9,3,0,2.8,1
PAY_01207,1226.24,gateway_timeout,7,11,4,0,9.39,0
PAY_01208,1037.47,gateway_timeout,33,8,1,0,10.04,1
PAY_01209,24481.64,gateway_timeout,29,10,4,0,2.36,1
PAY_01210,3366.26,insufficient_funds,54,11,1,0,8.79,1
PAY_01211,6068.13,gateway_timeout,42,6,2,0,15.9,1
PAY_01212,1532.98,insufficient_funds,58,11,2,0,5.71,0
PAY_01213,2075.77,card_expired,2,7,2,0,6.36,0
PAY_01214,1224.75,gateway_timeout,27,6,2,0,0.94,1
PAY_01215,176.33,mandate_expired,43,11,4,0,4.41,1
PAY_01216,630.2,checkout_abandon,6,9,1,3,2.65,1
PAY_01217,408.88,card_expired,40,8,2,0,3.6,1
PAY_01218,263.56,other,14,8,2,0,9.24,0
PAY_01219,756.49,gateway_timeout,5,8,1,0,35.64,1
PAY_01220,9405.05,insufficient_funds,40,9,1,0,4.97,1
PAY_01221,2391.34,mandate_expired,26,10,3,0,6.46,1
PAY_01222,9087.09,insufficient_funds,25,9,2,0,27.99,1
PAY_01223,3770.75,insufficient_funds,20,10,3,0,3.35,0
PAY_01224,5467.65,insufficient_funds,42,7,1,0,45.86,1
PAY_01225,1015.51,other,38,7,3,0,4.19,0
PAY_01226,4221.72,insufficient_funds,41,9,4,0,1.19,0
PAY_01227,5181.04,checkout_abandon,48,7,1,3,23.16,1
PAY_01228,1404.45,gateway_timeout,37,11,2,0,6.73,1
PAY_01229,4374.67,mandate_expired,5,6,1,0,39.64,0
PAY_01230,4403.85,gateway_timeout,10,8,1,0,0.31,0
PAY_01231,1443.02,other,60,9,3,0,12.68,0
PAY_01232,813.44,mandate_expired,18,9,3,0,7.96,1
PAY_01233,765.03,gateway_timeout,26,16,1,0,0.96,1
PAY_01234,2725.89,gateway_timeout,23,11,2,0,1.39,1
PAY_01235,3467.04,card_expired,60,8,5,0,18.77,0
PAY_01236,1131.75,card_expired,50,4,3,0,18.91,0
PAY_01237,2567.35,gateway_timeout,30,5,1,0,23.83,1
PAY_01238,4423.04,gateway_timeout,41,9,3,0,8.3,1
PAY_01239,4638.92,insufficient_funds,34,10,0,0,10.41,0
PAY_01240,11800.84,insufficient_funds,39,8,0,0,11.69,1
PAY_01241,8964.49,insufficient_funds,58,5,1,0,45.59,0
PAY_01242,918.51,insufficient_funds,41,11,2,0,2.11,1
PAY_01243,13462.08,insufficient_funds,7,8,2,0,13.3,0
PAY_01244,1470.08,card_expired,31,7,2,0,4.79,0
PAY_01245,7107.59,card_expired,50,6,3,0,4.21,0
PAY_01246,2675.88,card_expired,3,5,1,0,2.84,0
PAY_01247,1655.56,checkout_abandon,22,11,3,2,7.94,0
PAY_01248,410.08,checkout_abandon,13,10,1,2,16.33,0
PAY_01249,2105.86,insufficient_funds,44,11,2,0,23.35,1
PAY_01250,525.66,mandate_expired,9,10,2,0,21.82,0
PAY_01251,6577.07,gateway_timeout,38,9,1,0,44.65,1
PAY_01252,11393.96,checkout_abandon,4,12,1,1,9.88,1
PAY_01253,1126.8,other,56,5,0,0,7.77,0
PAY_01254,3381.3,other,20,5,0,0,19.61,0
PAY_01255,1210.34,insufficient_funds,25,9,2,0,24.33,1
PAY_01256,1333.5,mandate_expired,48,5,2,0,14.6,1
PAY_01257,5423.74,insufficient_funds,23,6,0,0,30.58,1
PAY_01258,2405.49,insufficient_funds,7,12,2,0,22.03,0
PAY_01259,14238.35,insufficient_funds,55,5,1,0,9.51,1
PAY_01260,1543.51,insufficient_funds,7,15,1,0,8.44,0
PAY_01261,6791.2,mandate_expired,30,10,1,0,19.21,1
PAY_01262,2755.79,gateway_timeout,8,8,4,0,17.26,1
PAY_01263,5540.41,insufficient_funds,42,9,4,0,10.37,1
PAY_01264,1598.61,other,17,7,2,0,25.11,0
PAY_01265,2379.12,checkout_abandon,56,13,1,3,19.95,1
PAY_01266,2227.3,gateway_timeout,13,11,5,0,2.43,1
PAY_01267,1083.54,checkout_abandon,41,10,3,2,4.54,0
PAY_01268,4847.06,checkout_abandon,1,12,1,2,28.25,0
PAY_01269,4790.04,checkout_abandon,7,8,1,1,8.64,0
PAY_01270,4526.03,checkout_abandon,17,12,1,1,28.55,0
PAY_01271,11626.14,other,54,8,4,0,25.13,1
PAY_01272,10650.81,gateway_timeout,60,7,0,0,4.35,0
PAY_01273,1718.32,checkout_abandon,37,6,2,4,13.33,1
PAY_01274,3630.4,insufficient_funds,21,7,1,0,7.71,1
PAY_01275,1340.03,card_expired,19,8,3,0,2.64,0
PAY_01276,2559.08,gateway_timeout,13,6,2,0,3.01,1
PAY_01277,1372.37,gateway_timeout,21,15,3,0,20.19,1
PAY_01278,12633.61,other,30,8,3,0,5.67,0
PAY_01279,3596.6,checkout_abandon,42,9,0,4,8.91,1
PAY_01280,2010.26,insufficient_funds,14,11,5,0,5.44,1
PAY_01281,8247.49,gateway_timeout,3,9,5,0,4.67,1
PAY_01282,285.27,gateway_timeout,34,4,1,0,7.32,1
PAY_01283,333.6,other,15,4,0,0,4.15,0
PAY_01284,5540.75,gateway_timeout,25,10,2,0,36.33,1
PAY_01285,2655.84,insufficient_funds,43,8,2,0,6.81,1
PAY_01286,3211.5,checkout_abandon,54,8,0,2,8.16,1
PAY_01287,663.58,gateway_timeout,33,3,2,0,9.22,1
PAY_01288,2442.59,insufficient_funds,56,6,2,0,19.76,1
PAY_01289,18537.58,card_expired,17,9,1,0,32.61,0
PAY_01290,5700.14,insufficient_funds,43,8,0,0,1.37,1
PAY_01291,2962.39,other,59,7,2,0,2.5,1
PAY_01292,1611.62,card_expired,13,10,2,0,22.61,1
PAY_01293,1684.92,insufficient_funds,45,13,2,0,18.61,0
PAY_01294,297.33,mandate_expired,29,6,1,0,8.34,0
PAY_01295,3234.68,card_expired,53,3,1,0,22.96,0
PAY_01296,5822.76,checkout_abandon,19,8,2,3,11.07,0
PAY_01297,517.2,checkout_abandon,58,10,1,4,9.95,1
PAY_01298,1290.3,insufficient_funds,48,7,2,0,10.75,1
PAY_01299,785.7,insufficient_funds,43,4,3,0,8.56,1
PAY_01300,952.12,mandate_expired,2,13,3,0,0.5,0
PAY_01301,2637.34,insufficient_funds,5,6,2,0,43.79,1
PAY_01302,310.95,insufficient_funds,40,7,2,0,6.24,1
PAY_01303,4620.77,checkout_abandon,29,7,1,3,3.76,0
PAY_01304,5312.94,insufficient_funds,20,9,3,0,6.01,0
PAY_01305,1944.86,card_expired,51,5,1,0,17.18,0
PAY_01306,209.21,card_expired,29,8,0,0,50.41,0
PAY_01307,923.0,card_expired,28,3,4,0,5.87,0
PAY_01308,8577.93,insufficient_funds,20,6,3,0,38.63,1
PAY_01309,155.41,gateway_timeout,59,17,1,0,30.87,1
PAY_01310,1766.09,card_expired,22,10,0,0,36.51,0
PAY_01311,768.2,gateway_timeout,16,4,1,0,24.07,1
PAY_01312,5589.34,mandate_expired,41,4,3,0,62.53,0
PAY_01313,1272.75,checkout_abandon,3,11,1,2,0.45,0
PAY_01314,3744.34,gateway_timeout,36,7,3,0,4.66,1
PAY_01315,4400.65,gateway_timeout,34,10,1,0,31.38,1
PAY_01316,15682.05,mandate_expired,15,8,3,0,10.91,1
PAY_01317,2040.81,insufficient_funds,47,4,5,0,2.27,1
PAY_01318,3641.28,card_expired,3,4,2,0,5.51,0
PAY_01319,566.22,checkout_abandon,59,14,3,2,1.85,0
PAY_01320,8221.1,insufficient_funds,52,7,1,0,5.65,1
PAY_01321,1168.57,mandate_expired,11,9,1,0,1.33,0
PAY_01322,1426.95,gateway_timeout,30,7,0,0,7.9,1
PAY_01323,2444.99,insufficient_funds,12,13,0,0,6.94,1
PAY_01324,523.83,other,38,8,2,0,6.64,0
PAY_01325,3142.63,mandate_expired,22,10,1,0,22.77,0
PAY_01326,6578.17,checkout_abandon,30,12,2,4,1.44,0
PAY_01327,3350.89,card_expired,58,6,1,0,17.11,0
PAY_01328,510.38,checkout_abandon,38,6,6,3,24.69,1
PAY_01329,2208.87,gateway_timeout,53,4,3,0,3.44,1
PAY_01330,5250.48,insufficient_funds,38,8,0,0,14.06,1
PAY_01331,382.24,insufficient_funds,29,5,3,0,4.4,1
PAY_01332,853.44,gateway_timeout,1,6,2,0,9.42,0
PAY_01333,6006.45,checkout_abandon,6,13,2,5,21.28,0
PAY_01334,3275.22,mandate_expired,32,11,2,0,3.4,1
PAY_01335,3774.48,gateway_timeout,31,10,4,0,11.21,1
PAY_01336,16051.23,checkout_abandon,31,9,2,4,5.31,1
PAY_01337,3994.2,card_expired,51,9,3,0,30.7,0
PAY_01338,4826.78,other,6,3,1,0,4.59,0
PAY_01339,37601.21,gateway_timeout,40,10,2,0,11.64,0
PAY_01340,2018.77,other,45,11,0,0,37.71,1
PAY_01341,1125.7,card_expired,39,10,3,0,10.0,0
PAY_01342,3834.68,insufficient_funds,15,9,2,0,21.37,0
PAY_01343,3877.85,gateway_timeout,25,10,1,0,1.74,1
PAY_01344,1476.35,insufficient_funds,4,8,2,0,19.27,1
PAY_01345,890.38,mandate_expired,11,6,1,0,3.7,0
PAY_01346,25182.14,checkout_abandon,49,13,0,5,51.89,1
PAY_01347,3466.46,checkout_abandon,38,8,2,2,13.0,0
PAY_01348,1202.02,card_expired,52,6,4,0,2.14,0
PAY_01349,6247.75,gateway_timeout,42,6,2,0,13.24,1
PAY_01350,2241.5,gateway_timeout,15,14,2,0,15.8,0
PAY_01351,1941.4,card_expired,49,6,1,0,14.01,1
PAY_01352,4386.64,other,42,5,3,0,47.68,0
PAY_01353,686.88,card_expired,12,9,1,0,3.07,0
PAY_01354,3557.0,insufficient_funds,1,12,1,0,10.21,0
PAY_01355,16932.68,insufficient_funds,46,9,0,0,6.73,1
PAY_01356,3984.73,insufficient_funds,44,8,2,0,0.28,1
PAY_01357,1716.14,gateway_timeout,6,8,0,0,11.09,1
PAY_01358,1505.59,insufficient_funds,28,7,3,0,11.97,1
PAY_01359,1658.56,other,55,6,3,0,3.51,0
PAY_01360,1939.3,mandate_expired,48,7,2,0,20.39,0
PAY_01361,1713.41,gateway_timeout,50,10,3,0,28.35,0
PAY_01362,6250.13,gateway_timeout,24,7,0,0,12.71,1
PAY_01363,441.79,gateway_timeout,8,7,0,0,0.61,1
PAY_01364,5919.73,checkout_abandon,22,7,2,4,11.6,1
PAY_01365,1710.19,mandate_expired,42,8,1,0,8.63,0
PAY_01366,3644.57,insufficient_funds,51,9,4,0,4.71,0
PAY_01367,810.02,card_expired,39,3,4,0,9.8,0
PAY_01368,9439.68,insufficient_funds,3,5,0,0,7.18,1
PAY_01369,8687.85,gateway_timeout,36,3,3,0,14.57,1
PAY_01370,6526.57,other,12,10,4,0,3.73,0
PAY_01371,549.66,insufficient_funds,37,12,3,0,4.68,1
PAY_01372,5728.26,insufficient_funds,25,12,4,0,3.59,0
PAY_01373,3747.71,mandate_expired,32,6,5,0,19.84,0
PAY_01374,502.09,gateway_timeout,36,4,3,0,0.72,1
PAY_01375,2439.99,insufficient_funds,39,2,0,0,9.63,1
PAY_01376,3599.61,insufficient_funds,1,4,3,0,3.44,1
PAY_01377,4359.54,insufficient_funds,58,8,0,0,17.8,1
PAY_01378,2984.86,checkout_abandon,35,8,2,5,42.9,1
PAY_01379,3345.19,insufficient_funds,31,10,5,0,4.1,0
PAY_01380,10912.43,card_expired,23,9,0,0,13.73,0
PAY_01381,8519.22,card_expired,7,4,5,0,4.4,0
PAY_01382,142.17,insufficient_funds,38,7,1,0,5.45,0
PAY_01383,1820.03,gateway_timeout,22,11,1,0,3.93,1
PAY_01384,2120.47,insufficient_funds,55,19,0,0,31.52,0
PAY_01385,433.52,gateway_timeout,40,6,5,0,36.33,0
PAY_01386,2746.9,insufficient_funds,27,7,1,0,4.51,1
PAY_01387,8715.02,card_expired,2,10,0,0,5.22,1
PAY_01388,843.43,gateway_timeout,34,8,3,0,7.12,1
PAY_01389,3499.75,checkout_abandon,51,11,1,4,0.8,1
PAY_01390,1000.47,mandate_expired,28,7,4,0,1.8,0
PAY_01391,1276.83,card_expired,40,8,3,0,43.08,0
PAY_01392,10953.78,gateway_timeout,8,10,1,0,11.21,1
PAY_01393,1453.15,insufficient_funds,25,6,3,0,11.41,0
PAY_01394,3968.96,other,48,6,0,0,17.18,1
PAY_01395,384.84,gateway_timeout,26,13,3,0,9.86,0
PAY_01396,16096.6,mandate_expired,54,9,0,0,6.47,1
PAY_01397,4567.4,mandate_expired,25,8,4,0,8.03,1
PAY_01398,2082.96,checkout_abandon,49,8,6,5,2.0,1
PAY_01399,4445.26,insufficient_funds,39,6,3,0,1.46,0
PAY_01400,610.47,insufficient_funds,57,6,2,0,1.68,1
PAY_01401,8156.55,checkout_abandon,32,8,1,4,0.48,1
PAY_01402,1808.15,checkout_abandon,29,8,0,5,17.11,1
PAY_01403,2038.51,card_expired,22,7,2,0,7.45,0
PAY_01404,1529.03,mandate_expired,40,7,3,0,13.0,1
PAY_01405,1398.83,other,59,8,3,0,9.5,0
PAY_01406,5007.62,other,11,8,0,0,13.81,0
PAY_01407,3229.08,mandate_expired,57,10,5,0,5.67,0
PAY_01408,4797.23,insufficient_funds,59,4,4,0,2.66,1
PAY_01409,2478.11,gateway_timeout,47,4,1,0,0.17,1
PAY_01410,4176.57,checkout_abandon,35,7,4,3,16.14,0
PAY_01411,1644.51,checkout_abandon,52,12,1,1,2.73,1
PAY_01412,23243.43,insufficient_funds,16,8,3,0,10.48,1
PAY_01413,521.19,checkout_abandon,39,9,3,5,15.77,1
PAY_01414,8821.82,gateway_timeout,49,10,4,0,1.2,1
PAY_01415,9817.81,gateway_timeout,49,15,3,0,16.73,1
PAY_01416,1066.23,card_expired,36,4,4,0,14.79,0
PAY_01417,23232.78,gateway_timeout,24,10,0,0,17.65,1
PAY_01418,6765.13,checkout_abandon,57,10,2,4,27.69,0
PAY_01419,6602.38,checkout_abandon,41,10,2,2,16.37,0
PAY_01420,2571.05,checkout_abandon,47,12,1,5,7.92,1
PAY_01421,2011.87,insufficient_funds,38,7,1,0,23.64,1
PAY_01422,2027.66,checkout_abandon,53,10,3,5,6.41,1
PAY_01423,3694.41,gateway_timeout,29,7,2,0,6.54,1
PAY_01424,10150.03,mandate_expired,33,12,3,0,28.41,1
PAY_01425,2996.98,insufficient_funds,49,8,2,0,7.72,1
PAY_01426,1004.86,other,32,4,4,0,17.67,0
PAY_01427,5701.43,card_expired,15,12,0,0,1.13,0
PAY_01428,6280.45,gateway_timeout,46,11,1,0,13.48,1
PAY_01429,4811.22,gateway_timeout,23,9,1,0,27.51,1
PAY_01430,5268.73,gateway_timeout,7,7,2,0,2.43,1
PAY_01431,1906.68,mandate_expired,23,3,1,0,7.0,0
PAY_01432,987.38,mandate_expired,4,10,1,0,16.21,1
PAY_01433,1049.27,mandate_expired,53,6,2,0,4.42,0
PAY_01434,487.16,other,60,4,4,0,19.98,0
PAY_01435,3168.44,checkout_abandon,16,9,1,1,0.2,0
PAY_01436,2299.85,mandate_expired,55,12,2,0,9.72,1
PAY_01437,1610.11,gateway_timeout,43,6,1,0,3.71,1
PAY_01438,130.12,mandate_expired,58,4,0,0,5.98,1
PAY_01439,718.19,checkout_abandon,10,8,2,1,24.87,0
PAY_01440,7668.58,card_expired,4,6,2,0,18.78,0
PAY_01441,1286.16,insufficient_funds,56,11,0,0,2.48,1
PAY_01442,3585.44,insufficient_funds,17,5,3,0,4.68,0
PAY_01443,622.26,gateway_timeout,36,10,3,0,8.04,1
PAY_01444,10538.09,other,55,8,3,0,0.2,0
PAY_01445,2164.66,checkout_abandon,21,9,2,3,2.83,0
PAY_01446,3341.2,gateway_timeout,6,4,4,0,33.84,1
PAY_01447,25586.64,gateway_timeout,48,6,1,0,1.74,0
PAY_01448,11389.94,checkout_abandon,28,4,5,5,5.06,1
PAY_01449,1839.93,card_expired,2,15,1,0,7.25,0
PAY_01450,1381.36,other,21,7,1,0,4.18,0
PAY_01451,1805.33,card_expired,32,4,2,0,3.79,1
PAY_01452,4162.8,card_expired,53,6,1,0,20.91,0
PAY_01453,2250.31,insufficient_funds,14,8,1,0,4.68,1
PAY_01454,1683.79,gateway_timeout,32,9,0,0,29.45,1
PAY_01455,10842.48,checkout_abandon,11,7,5,1,8.35,0
PAY_01456,2230.18,mandate_expired,18,8,2,0,13.28,0
PAY_01457,24925.21,insufficient_funds,16,11,6,0,41.73,0
PAY_01458,2737.47,mandate_expired,32,5,2,0,29.06,1
PAY_01459,14903.69,insufficient_funds,40,8,1,0,4.66,1
PAY_01460,3573.73,gateway_timeout,7,6,0,0,6.54,1
PAY_01461,6548.6,gateway_timeout,5,6,1,0,0.45,1
PAY_01462,1211.28,card_expired,44,8,3,0,7.23,1
PAY_01463,1064.53,mandate_expired,18,6,1,0,8.49,1
PAY_01464,3959.02,checkout_abandon,38,10,1,4,3.67,0
PAY_01465,6718.36,card_expired,5,6,0,0,3.26,0
PAY_01466,2602.69,card_expired,37,7,2,0,3.85,0
PAY_01467,690.66,gateway_timeout,55,8,3,0,3.84,0
PAY_01468,641.49,card_expired,27,9,3,0,18.28,0
PAY_01469,599.99,insufficient_funds,35,9,3,0,4.83,0
PAY_01470,426.85,checkout_abandon,18,8,3,2,25.99,1
PAY_01471,2789.26,insufficient_funds,18,5,3,0,40.48,0
PAY_01472,7700.88,gateway_timeout,4,5,3,0,7.36,1
PAY_01473,2466.68,checkout_abandon,29,15,1,1,16.16,0
PAY_01474,260.77,insufficient_funds,57,10,3,0,21.38,1
PAY_01475,2065.83,checkout_abandon,7,7,1,4,31.9,0
PAY_01476,2124.4,mandate_expired,25,10,1,0,1.86,0
PAY_01477,20333.9,checkout_abandon,51,12,0,4,1.66,0
PAY_01478,582.25,insufficient_funds,30,5,2,0,1.1,1
PAY_01479,1691.5,insufficient_funds,46,7,1,0,7.03,1
PAY_01480,13765.2,gateway_timeout,23,9,1,0,22.06,1
PAY_01481,3920.7,card_expired,37,7,2,0,6.27,0
PAY_01482,4391.21,card_expired,60,4,1,0,31.66,0
PAY_01483,2803.52,gateway_timeout,36,7,0,0,19.72,1
PAY_01484,3477.22,mandate_expired,48,5,3,0,3.3,1
PAY_01485,5440.66,checkout_abandon,42,11,2,2,1.06,0
PAY_01486,1112.72,other,6,6,2,0,19.38,0
PAY_01487,6015.56,insufficient_funds,10,13,1,0,27.46,1
PAY_01488,633.36,checkout_abandon,37,9,4,4,10.6,1
PAY_01489,3471.75,checkout_abandon,21,4,1,1,13.33,0
PAY_01490,2989.28,gateway_timeout,30,4,6,0,37.04,1
PAY_01491,1349.86,insufficient_funds,30,9,4,0,6.04,0
PAY_01492,2443.93,insufficient_funds,48,12,0,0,22.04,0
PAY_01493,1341.45,checkout_abandon,60,6,1,3,31.08,0
PAY_01494,856.06,mandate_expired,60,5,0,0,1.91,1
PAY_01495,1755.36,mandate_expired,5,5,0,0,0.35,1
PAY_01496,828.87,insufficient_funds,45,9,2,0,25.27,0
PAY_01497,3452.46,card_expired,44,10,2,0,3.95,0
PAY_01498,791.52,gateway_timeout,52,8,1,0,4.3,1
PAY_01499,5095.04,other,26,12,2,0,0.23,0
PAY_01500,767.06,insufficient_funds,31,9,2,0,10.54,0
PAY_01501,1419.06,card_expired,28,10,1,0,5.33,1
PAY_01502,1338.68,other,23,10,1,0,1.07,1
PAY_01503,9406.84,card_expired,15,9,2,0,1.1,1
PAY_01504,3478.43,card_expired,39,12,2,0,12.46,0
PAY_01505,2022.95,gateway_timeout,2,11,1,0,6.0,1
PAY_01506,4116.53,mandate_expired,45,5,4,0,1.2,0
PAY_01507,303.95,checkout_abandon,51,7,2,2,7.69,0
PAY_01508,2394.46,gateway_timeout,14,7,1,0,14.29,1
PAY_01509,18426.78,other,13,6,4,0,29.16,0
PAY_01510,2853.76,gateway_timeout,31,5,1,0,1.39,1
PAY_01511,2675.68,gateway_timeout,51,5,3,0,5.94,1
PAY_01512,4325.03,other,7,12,0,0,4.54,0
PAY_01513,6122.04,gateway_timeout,26,9,3,0,13.87,1
PAY_01514,339.2,insufficient_funds,13,6,3,0,2.16,1
PAY_01515,464.85,gateway_timeout,52,9,0,0,13.7,0
PAY_01516,3085.09,card_expired,53,6,2,0,4.34,0
PAY_01517,1223.13,card_expired,6,8,2,0,5.57,0
PAY_01518,9284.22,insufficient_funds,9,11,0,0,15.94,1
PAY_01519,1824.15,checkout_abandon,10,8,4,4,3.63,0
PAY_01520,361.23,checkout_abandon,49,12,1,5,2.37,1
PAY_01521,703.47,mandate_expired,55,8,2,0,5.34,0
PAY_01522,159.87,mandate_expired,23,12,0,0,10.01,0
PAY_01523,1978.16,other,10,8,2,0,15.46,0
PAY_01524,2070.74,gateway_timeout,40,2,3,0,3.22,1
PAY_01525,1635.3,gateway_timeout,54,11,2,0,7.32,0
PAY_01526,7353.45,checkout_abandon,55,7,5,2,7.57,0
PAY_01527,8288.02,gateway_timeout,27,7,0,0,2.9,1
PAY_01528,2108.34,checkout_abandon,47,12,1,5,8.88,1
PAY_01529,295.7,insufficient_funds,58,2,2,0,13.9,1
PAY_01530,4634.7,insufficient_funds,50,6,4,0,22.1,1
PAY_01531,4356.42,other,29,6,2,0,0.8,0
PAY_01532,3406.49,insufficient_funds,16,7,3,0,6.47,1
PAY_01533,6671.0,checkout_abandon,23,6,3,5,33.95,1
PAY_01534,779.94,card_expired,22,8,0,0,6.79,0
PAY_01535,18635.09,insufficient_funds,60,15,1,0,4.02,1
PAY_01536,957.78,insufficient_funds,44,9,3,0,3.41,1
PAY_01537,5288.39,gateway_timeout,52,7,3,0,6.02,1
PAY_01538,462.52,checkout_abandon,47,12,1,2,23.02,0
PAY_01539,986.12,gateway_timeout,29,6,4,0,14.74,1
PAY_01540,11389.13,mandate_expired,48,15,1,0,27.67,0
PAY_01541,1925.9,insufficient_funds,39,4,0,0,0.71,1
PAY_01542,5790.47,insufficient_funds,45,10,2,0,10.88,0
PAY_01543,3168.46,insufficient_funds,19,9,0,0,19.28,1
PAY_01544,2250.91,gateway_timeout,14,8,0,0,12.73,0
PAY_01545,9778.06,gateway_timeout,11,7,2,0,46.43,1
PAY_01546,1973.15,other,18,12,1,0,13.03,0
PAY_01547,421.28,insufficient_funds,59,9,2,0,22.66,1
PAY_01548,1119.69,checkout_abandon,57,4,3,2,1.92,0
PAY_01549,4338.3,checkout_abandon,9,11,1,4,1.06,0
PAY_01550,3712.85,mandate_expired,34,10,1,0,32.97,0
PAY_01551,521.65,mandate_expired,57,10,1,0,11.28,1
PAY_01552,1211.61,insufficient_funds,46,5,6,0,8.15,0
PAY_01553,1397.34,mandate_expired,37,7,2,0,9.14,1
PAY_01554,1734.68,gateway_timeout,36,13,1,0,24.88,0
PAY_01555,631.52,card_expired,20,6,3,0,10.39,1
PAY_01556,1333.65,insufficient_funds,56,5,1,0,11.5,1
PAY_01557,1206.45,mandate_expired,5,8,1,0,17.66,1
PAY_01558,5407.7,checkout_abandon,53,12,1,4,16.08,1
PAY_01559,5614.83,mandate_expired,53,9,2,0,23.75,1
PAY_01560,2160.8,insufficient_funds,16,7,1,0,9.6,1
PAY_01561,1689.19,mandate_expired,31,12,4,0,16.56,0
PAY_01562,2875.47,mandate_expired,54,6,2,0,5.53,1
PAY_01563,1104.86,checkout_abandon,29,2,3,4,12.75,0
PAY_01564,794.1,gateway_timeout,19,9,3,0,4.96,1
PAY_01565,976.35,insufficient_funds,5,5,1,0,15.78,1
PAY_01566,1325.09,gateway_timeout,27,11,1,0,0.68,1
PAY_01567,781.0,card_expired,17,5,4,0,9.21,0
PAY_01568,2939.83,gateway_timeout,52,5,1,0,2.23,1
PAY_01569,5186.23,mandate_expired,52,12,1,0,17.15,1
PAY_01570,511.3,mandate_expired,20,2,0,0,37.37,1
PAY_01571,2563.62,mandate_expired,13,6,3,0,2.26,0
PAY_01572,2006.43,mandate_expired,18,11,1,0,16.56,1
PAY_01573,3517.67,checkout_abandon,25,6,4,3,1.11,0
PAY_01574,2467.86,checkout_abandon,41,3,0,3,0.62,0
PAY_01575,584.32,insufficient_funds,10,7,2,0,5.7,0
PAY_01576,707.44,card_expired,60,14,6,0,10.17,0
PAY_01577,2574.65,other,43,9,4,0,0.47,0
PAY_01578,6994.13,checkout_abandon,8,2,3,5,10.12,0
PAY_01579,273.11,other,19,10,5,0,5.5,0
PAY_01580,3532.54,other,43,10,3,0,15.26,0
PAY_01581,8214.6,checkout_abandon,31,16,4,1,0.92,1
PAY_01582,2145.27,mandate_expired,32,3,2,0,5.2,0
PAY_01583,4334.01,mandate_expired,3,5,1,0,32.31,0
PAY_01584,1237.66,insufficient_funds,25,11,6,0,7.28,1
PAY_01585,2218.71,insufficient_funds,37,5,3,0,17.16,0
PAY_01586,494.29,checkout_abandon,45,9,2,4,13.12,0
PAY_01587,239.78,card_expired,27,6,0,0,12.8,1
PAY_01588,6417.68,gateway_timeout,34,12,1,0,12.69,1
PAY_01589,933.6,card_expired,14,13,1,0,10.4,0
PAY_01590,1585.28,mandate_expired,48,8,6,0,25.35,1
PAY_01591,624.91,mandate_expired,42,15,1,0,1.59,1
PAY_01592,610.38,gateway_timeout,45,6,2,0,5.8,1
PAY_01593,2101.08,checkout_abandon,41,12,1,4,9.33,0
PAY_01594,1205.28,insufficient_funds,60,10,3,0,13.13,1
PAY_01595,3648.3,insufficient_funds,53,9,3,0,10.87,1
PAY_01596,3930.75,insufficient_funds,49,16,2,0,3.94,1
PAY_01597,3445.75,insufficient_funds,21,9,0,0,16.23,1
PAY_01598,3173.68,insufficient_funds,5,8,2,0,8.05,1
PAY_01599,12110.33,checkout_abandon,1,9,2,3,1.73,0
PAY_01600,859.59,gateway_timeout,47,13,1,0,14.32,1
PAY_01601,2366.37,gateway_timeout,54,9,3,0,5.24,1
PAY_01602,7759.99,card_expired,39,10,1,0,30.12,0
PAY_01603,8853.66,checkout_abandon,44,10,2,5,72.0,0
PAY_01604,603.22,other,6,7,1,0,5.99,0
PAY_01605,1829.3,mandate_expired,34,10,3,0,23.3,1
PAY_01606,9722.2,insufficient_funds,37,10,4,0,5.2,0
PAY_01607,4155.24,other,10,7,3,0,10.77,0
PAY_01608,3039.08,card_expired,46,9,1,0,13.41,0
PAY_01609,2010.95,mandate_expired,21,4,3,0,3.56,1
PAY_01610,1703.17,checkout_abandon,12,7,3,1,5.52,0
PAY_01611,3335.12,checkout_abandon,42,10,1,5,7.51,0
PAY_01612,1942.39,checkout_abandon,27,8,2,3,7.17,0
PAY_01613,2395.79,card_expired,33,4,1,0,1.37,0
PAY_01614,2704.43,checkout_abandon,33,9,3,1,16.75,0
PAY_01615,1268.99,insufficient_funds,38,9,3,0,2.18,1
PAY_01616,4256.38,insufficient_funds,25,12,0,0,48.28,0
PAY_01617,46087.21,insufficient_funds,49,5,2,0,11.27,1
PAY_01618,422.87,gateway_timeout,53,12,4,0,2.18,1
PAY_01619,3456.66,gateway_timeout,30,8,0,0,3.06,1
PAY_01620,1168.94,other,11,16,1,0,9.44,0
PAY_01621,4453.51,insufficient_funds,17,6,1,0,9.47,0
PAY_01622,2619.15,gateway_timeout,47,5,1,0,13.5,1
PAY_01623,5355.61,insufficient_funds,16,11,0,0,3.22,1
PAY_01624,8099.46,checkout_abandon,47,8,2,2,2.07,0
PAY_01625,3030.45,checkout_abandon,40,9,0,4,3.45,1
PAY_01626,7755.04,checkout_abandon,27,11,0,3,14.29,1
PAY_01627,239.79,other,8,12,2,0,9.55,1
PAY_01628,12264.92,other,33,2,1,0,2.31,0
PAY_01629,3637.7,card_expired,42,9,0,0,12.3,0
PAY_01630,7345.84,card_expired,10,9,4,0,7.4,0
PAY_01631,738.17,gateway_timeout,50,7,3,0,0.41,1
PAY_01632,1089.28,checkout_abandon,12,8,4,1,30.86,0
PAY_01633,2892.81,gateway_timeout,25,6,2,0,33.96,1
PAY_01634,2457.77,card_expired,32,11,4,0,3.47,0
PAY_01635,3317.99,insufficient_funds,45,9,4,0,10.81,1
PAY_01636,7395.01,insufficient_funds,14,7,2,0,25.92,1
PAY_01637,427.87,insufficient_funds,21,5,2,0,2.34,0
PAY_01638,6620.1,checkout_abandon,49,6,0,2,17.16,1
PAY_01639,2520.79,mandate_expired,20,11,3,0,33.82,0
PAY_01640,2039.1,insufficient_funds,37,6,1,0,20.81,1
PAY_01641,574.17,checkout_abandon,24,11,3,4,18.08,0
PAY_01642,4134.39,gateway_timeout,4,10,3,0,1.2,0
PAY_01643,223.62,card_expired,31,6,1,0,1.1,1
PAY_01644,4781.17,insufficient_funds,22,5,1,0,12.66,1
PAY_01645,562.25,insufficient_funds,16,7,1,0,3.67,0
PAY_01646,2637.28,checkout_abandon,52,9,3,4,5.73,1
PAY_01647,2219.14,checkout_abandon,47,7,3,4,11.48,0
PAY_01648,8051.26,card_expired,17,11,1,0,0.19,1
PAY_01649,2090.99,checkout_abandon,32,5,2,3,4.5,0
PAY_01650,1248.76,other,44,5,1,0,10.05,0
PAY_01651,1506.35,gateway_timeout,4,6,1,0,4.67,1
PAY_01652,8927.83,gateway_timeout,6,9,2,0,27.78,0
PAY_01653,4274.16,other,33,9,2,0,47.92,0
PAY_01654,1700.06,insufficient_funds,56,10,0,0,1.1,1
PAY_01655,1973.57,card_expired,56,10,3,0,2.68,0
PAY_01656,521.58,insufficient_funds,27,9,3,0,7.75,1
PAY_01657,3686.82,checkout_abandon,43,15,1,4,23.64,1
PAY_01658,430.19,insufficient_funds,30,9,1,0,12.59,1
PAY_01659,5302.02,checkout_abandon,55,7,1,5,14.48,0
PAY_01660,2843.15,card_expired,35,8,3,0,5.39,0
PAY_01661,27200.7,insufficient_funds,54,5,4,0,40.39,1
PAY_01662,832.06,insufficient_funds,22,7,3,0,7.57,1
PAY_01663,2256.08,gateway_timeout,56,8,4,0,7.82,0
PAY_01664,15098.24,gateway_timeout,44,10,6,0,0.19,0
PAY_01665,8229.13,gateway_timeout,47,10,0,0,1.39,1
PAY_01666,1246.17,other,1,8,0,0,2.81,0
PAY_01667,3127.58,insufficient_funds,49,5,2,0,9.21,1
PAY_01668,2505.0,gateway_timeout,10,7,2,0,1.13,1
PAY_01669,3314.3,checkout_abandon,57,9,2,1,13.01,1
PAY_01670,1243.1,gateway_timeout,12,6,3,0,4.35,1
PAY_01671,2286.38,gateway_timeout,50,7,4,0,0.11,1
PAY_01672,505.73,mandate_expired,39,5,3,0,7.94,1
PAY_01673,2861.7,checkout_abandon,24,5,3,5,6.08,1
PAY_01674,3920.86,card_expired,54,11,1,0,7.11,0
PAY_01675,1991.47,gateway_timeout,24,8,2,0,16.21,1
PAY_01676,497.2,checkout_abandon,4,14,3,3,28.34,0
PAY_01677,6718.22,other,5,6,4,0,1.52,0
PAY_01678,3599.57,card_expired,52,8,1,0,10.21,1
PAY_01679,1209.58,other,24,6,1,0,2.68,0
PAY_01680,1888.33,gateway_timeout,50,8,3,0,1.17,1
PAY_01681,557.45,other,2,4,4,0,5.27,0
PAY_01682,896.62,card_expired,5,11,0,0,9.37,0
PAY_01683,1460.06,card_expired,60,6,0,0,17.1,0
PAY_01684,8539.58,mandate_expired,9,5,2,0,2.86,0
PAY_01685,1318.89,other,42,9,4,0,2.96,0
PAY_01686,4742.22,gateway_timeout,22,5,2,0,0.43,0
PAY_01687,1459.33,mandate_expired,31,13,1,0,13.1,1
PAY_01688,3203.48,mandate_expired,7,12,3,0,16.59,0
PAY_01689,2170.36,mandate_expired,17,11,0,0,2.53,0
PAY_01690,5985.54,card_expired,46,6,1,0,29.81,0
PAY_01691,1464.45,insufficient_funds,33,7,3,0,30.4,0
PAY_01692,518.8,gateway_timeout,31,13,2,0,51.03,0
PAY_01693,627.72,gateway_timeout,57,13,0,0,72.0,1
PAY_01694,1468.75,mandate_expired,25,6,3,0,4.55,0
PAY_01695,716.94,mandate_expired,49,11,1,0,0.23,0
PAY_01696,3767.84,card_expired,44,9,3,0,15.95,0
PAY_01697,1569.13,card_expired,28,14,1,0,6.03,0
PAY_01698,26866.96,checkout_abandon,18,9,3,4,16.65,1
PAY_01699,439.8,insufficient_funds,22,6,2,0,16.73,1
PAY_01700,3064.62,mandate_expired,53,8,4,0,1.65,1
PAY_01701,809.24,other,19,9,4,0,8.22,0
PAY_01702,1526.37,mandate_expired,40,8,1,0,1.82,1
PAY_01703,2879.77,other,8,8,2,0,19.23,0
PAY_01704,244.37,other,21,9,0,0,18.42,1
PAY_01705,3168.05,gateway_timeout,57,9,0,0,5.18,1
PAY_01706,16763.4,mandate_expired,33,11,3,0,5.18,0
PAY_01707,1588.6,checkout_abandon,50,11,1,3,1.12,1
PAY_01708,3241.7,checkout_abandon,16,5,0,3,14.83,0
PAY_01709,6967.19,insufficient_funds,46,11,1,0,0.64,0
PAY_01710,2121.95,insufficient_funds,60,11,2,0,1.31,1
PAY_01711,1398.4,insufficient_funds,56,4,1,0,0.85,0
PAY_01712,256.8,mandate_expired,27,6,3,0,54.74,1
PAY_01713,4745.9,insufficient_funds,41,12,0,0,3.14,0
PAY_01714,2232.5,gateway_timeout,54,9,2,0,12.21,1
PAY_01715,908.11,checkout_abandon,49,9,6,2,1.77,0
PAY_01716,2837.4,gateway_timeout,59,6,4,0,6.7,0
PAY_01717,1394.6,card_expired,2,3,4,0,11.89,0
PAY_01718,1473.83,gateway_timeout,33,9,1,0,2.75,1
PAY_01719,4584.05,insufficient_funds,48,8,2,0,10.06,1
PAY_01720,655.67,other,44,11,2,0,31.19,0
PAY_01721,7124.97,card_expired,10,10,3,0,33.45,0
PAY_01722,617.92,mandate_expired,35,12,1,0,12.43,1
PAY_01723,1288.64,card_expired,10,8,6,0,7.0,0
PAY_01724,17102.71,insufficient_funds,6,6,0,0,23.0,1
PAY_01725,7718.7,card_expired,7,3,3,0,2.05,0
PAY_01726,2756.32,insufficient_funds,58,11,1,0,13.86,1
PAY_01727,976.05,checkout_abandon,17,6,2,3,1.82,0
PAY_01728,1472.58,insufficient_funds,28,9,2,0,4.23,0
PAY_01729,2690.07,card_expired,16,11,1,0,8.27,1
PAY_01730,2595.59,insufficient_funds,54,12,3,0,3.26,1
PAY_01731,2282.84,gateway_timeout,54,10,2,0,0.75,1
PAY_01732,2424.09,insufficient_funds,40,7,1,0,12.25,0
PAY_01733,2017.61,mandate_expired,50,9,2,0,2.72,1
PAY_01734,591.15,gateway_timeout,7,12,2,0,1.76,1
PAY_01735,1491.5,checkout_abandon,60,6,0,3,37.4,1
PAY_01736,6239.59,gateway_timeout,26,9,3,0,13.01,1
PAY_01737,636.33,card_expired,25,7,2,0,13.71,0
PAY_01738,2068.32,insufficient_funds,12,11,1,0,16.4,1
PAY_01739,1101.35,other,53,4,2,0,6.22,0
PAY_01740,2794.47,gateway_timeout,11,5,2,0,6.57,1
PAY_01741,1694.96,insufficient_funds,52,9,6,0,25.26,1
PAY_01742,10953.78,insufficient_funds,43,7,1,0,8.16,1
PAY_01743,4149.03,insufficient_funds,47,5,3,0,28.57,1
PAY_01744,673.33,checkout_abandon,2,10,1,4,1.75,0
PAY_01745,4891.6,gateway_timeout,45,3,4,0,12.75,1
PAY_01746,1152.16,other,58,9,1,0,36.53,0
PAY_01747,1403.96,checkout_abandon,24,5,2,5,3.31,0
PAY_01748,3421.61,insufficient_funds,27,8,0,0,5.71,0
PAY_01749,1528.89,checkout_abandon,7,7,2,1,0.76,0
PAY_01750,6105.23,insufficient_funds,30,6,1,0,52.45,1
PAY_01751,1152.32,insufficient_funds,41,11,5,0,8.04,1
PAY_01752,1346.28,gateway_timeout,18,9,2,0,13.22,1
PAY_01753,1296.83,insufficient_funds,45,7,4,0,1.89,0
PAY_01754,1419.99,insufficient_funds,6,4,1,0,48.22,0
PAY_01755,7504.35,other,41,8,1,0,3.65,0
PAY_01756,4688.38,mandate_expired,36,7,5,0,18.64,0
PAY_01757,13821.63,other,14,3,0,0,2.14,0
PAY_01758,24141.56,gateway_timeout,21,8,0,0,14.18,0
PAY_01759,891.88,card_expired,15,3,2,0,3.03,0
PAY_01760,2682.39,gateway_timeout,38,7,3,0,22.72,1
PAY_01761,771.12,insufficient_funds,39,3,1,0,17.73,1
PAY_01762,1148.76,card_expired,34,7,5,0,4.35,0
PAY_01763,1331.37,insufficient_funds,12,8,3,0,4.26,1
PAY_01764,868.61,gateway_timeout,14,3,2,0,9.64,0
PAY_01765,873.19,card_expired,49,9,3,0,9.56,0
PAY_01766,2164.1,checkout_abandon,28,7,3,4,2.95,0
PAY_01767,740.5,checkout_abandon,27,11,1,2,19.52,0
PAY_01768,5803.25,gateway_timeout,19,6,3,0,14.59,1
PAY_01769,998.54,insufficient_funds,56,11,0,0,6.45,1
PAY_01770,41506.9,other,15,9,1,0,5.65,0
PAY_01771,1591.86,insufficient_funds,47,6,3,0,4.84,0
PAY_01772,2686.69,gateway_timeout,47,7,1,0,29.34,1
PAY_01773,684.51,insufficient_funds,15,9,3,0,2.89,0
PAY_01774,13768.49,other,1,8,0,0,3.45,0
PAY_01775,7658.31,card_expired,15,8,0,0,0.73,0
PAY_01776,3364.26,checkout_abandon,17,7,2,4,27.99,1
PAY_01777,650.18,other,45,3,3,0,0.64,1
PAY_01778,3086.25,insufficient_funds,32,6,1,0,14.57,0
PAY_01779,814.53,other,26,9,2,0,10.33,0
PAY_01780,10790.28,insufficient_funds,29,14,0,0,8.92,1
PAY_01781,5615.25,gateway_timeout,58,4,1,0,9.22,0
PAY_01782,2750.35,insufficient_funds,57,11,1,0,3.89,0
PAY_01783,218.69,other,2,10,3,0,5.58,0
PAY_01784,935.08,other,51,4,2,0,6.23,1
PAY_01785,4973.14,checkout_abandon,22,7,2,3,8.78,1
PAY_01786,8407.92,insufficient_funds,46,13,2,0,7.84,1
PAY_01787,7579.6,gateway_timeout,60,12,3,0,9.14,1
PAY_01788,508.79,gateway_timeout,31,16,0,0,1.45,1
PAY_01789,3379.89,gateway_timeout,38,11,3,0,1.45,0
PAY_01790,6901.96,insufficient_funds,26,7,4,0,11.65,1
PAY_01791,476.14,mandate_expired,5,5,2,0,20.85,0
PAY_01792,2480.32,checkout_abandon,3,6,1,2,17.17,1
PAY_01793,3287.52,other,22,11,4,0,17.76,0
PAY_01794,1850.63,checkout_abandon,50,8,1,1,9.8,1
PAY_01795,392.24,gateway_timeout,21,7,3,0,7.95,1
PAY_01796,1805.06,checkout_abandon,26,5,2,5,7.03,0
PAY_01797,1802.16,insufficient_funds,32,9,2,0,13.6,0
PAY_01798,2155.92,checkout_abandon,20,8,3,1,15.21,1
PAY_01799,1423.07,card_expired,30,12,2,0,0.68,0
PAY_01800,1605.25,insufficient_funds,37,9,1,0,0.61,0
PAY_01801,2402.68,gateway_timeout,52,10,2,0,1.53,1
PAY_01802,3891.31,card_expired,46,12,2,0,2.94,0
PAY_01803,1843.87,checkout_abandon,50,7,2,1,11.97,1
PAY_01804,1659.71,checkout_abandon,32,8,2,3,3.69,1
PAY_01805,2741.88,mandate_expired,42,9,1,0,6.09,1
PAY_01806,366.18,checkout_abandon,9,6,4,2,8.37,0
PAY_01807,4028.23,insufficient_funds,9,8,1,0,1.73,0
PAY_01808,2498.59,card_expired,56,6,0,0,20.35,1
PAY_01809,2601.23,other,37,10,0,0,29.45,0
PAY_01810,6534.04,insufficient_funds,7,6,3,0,8.18,0
PAY_01811,354.69,insufficient_funds,25,12,3,0,6.9,0
PAY_01812,347.31,mandate_expired,59,7,3,0,29.25,1
PAY_01813,3287.39,checkout_abandon,2,5,4,1,28.63,1
PAY_01814,2482.27,gateway_timeout,27,5,3,0,0.94,1
PAY_01815,2963.79,checkout_abandon,51,12,3,3,15.95,0
PAY_01816,1574.86,mandate_expired,57,5,1,0,1.59,0
PAY_01817,4858.09,checkout_abandon,23,8,2,2,5.96,0
PAY_01818,6353.02,insufficient_funds,55,9,2,0,3.84,0
PAY_01819,4056.31,insufficient_funds,43,11,0,0,16.82,1
PAY_01820,1926.03,gateway_timeout,25,11,5,0,2.17,1
PAY_01821,303.8,other,47,12,0,0,1.23,0
PAY_01822,5395.29,checkout_abandon,49,10,1,1,9.19,0
PAY_01823,8482.62,gateway_timeout,17,8,0,0,0.13,1
PAY_01824,4762.86,other,6,9,0,0,15.92,0
PAY_01825,1037.33,gateway_timeout,47,5,0,0,18.11,1
PAY_01826,4904.17,checkout_abandon,5,8,4,2,21.77,0
PAY_01827,5911.03,insufficient_funds,47,8,2,0,4.5,0
PAY_01828,11882.98,mandate_expired,22,6,1,0,46.39,1
PAY_01829,1041.0,mandate_expired,43,5,3,0,5.31,0
PAY_01830,1993.39,card_expired,37,9,3,0,41.14,0
PAY_01831,5278.08,gateway_timeout,3,11,0,0,2.62,1
PAY_01832,2647.73,gateway_timeout,1,9,3,0,2.83,0
PAY_01833,817.88,insufficient_funds,38,8,0,0,5.84,1
PAY_01834,3784.47,other,31,11,3,0,69.78,0
PAY_01835,4459.12,insufficient_funds,3,4,2,0,2.53,0
PAY_01836,2729.87,mandate_expired,59,5,0,0,1.43,1
PAY_01837,3113.9,mandate_expired,15,10,4,0,11.82,0
PAY_01838,1930.13,insufficient_funds,52,12,0,0,31.67,0
PAY_01839,10963.48,gateway_timeout,8,9,3,0,21.71,1
PAY_01840,1015.72,insufficient_funds,14,11,4,0,25.79,0
PAY_01841,1389.54,checkout_abandon,32,4,2,5,0.47,1
PAY_01842,2527.62,other,32,9,2,0,18.89,0
PAY_01843,6020.95,gateway_timeout,37,10,1,0,2.39,1
PAY_01844,559.29,other,11,7,2,0,6.83,0
PAY_01845,674.35,insufficient_funds,16,10,0,0,18.87,1
PAY_01846,325.81,gateway_timeout,16,9,3,0,2.85,0
PAY_01847,2583.09,other,27,5,1,0,0.91,0
PAY_01848,817.08,other,56,12,0,0,4.33,0
PAY_01849,1701.89,gateway_timeout,28,7,3,0,8.62,1
PAY_01850,4843.65,mandate_expired,60,3,3,0,16.33,1
PAY_01851,1316.2,other,16,10,1,0,15.01,0
PAY_01852,3150.54,card_expired,15,15,3,0,18.58,0
PAY_01853,1853.27,checkout_abandon,7,9,2,4,20.96,1
PAY_01854,4895.93,insufficient_funds,13,7,3,0,38.85,0
PAY_01855,4020.55,insufficient_funds,19,12,0,0,0.54,1
PAY_01856,1251.52,checkout_abandon,24,5,4,3,0.45,1
PAY_01857,2112.01,checkout_abandon,43,8,2,3,7.58,0
PAY_01858,7099.57,insufficient_funds,27,9,0,0,37.77,1
PAY_01859,3704.94,gateway_timeout,42,6,2,0,23.57,1
PAY_01860,618.37,gateway_timeout,6,12,1,0,5.7,1
PAY_01861,4815.83,checkout_abandon,57,6,3,3,1.5,0
PAY_01862,845.08,gateway_timeout,9,6,2,0,8.04,1
PAY_01863,10265.65,gateway_timeout,3,8,1,0,2.02,1
PAY_01864,6961.46,insufficient_funds,26,7,3,0,16.76,1
PAY_01865,3340.69,card_expired,40,8,0,0,19.49,0
PAY_01866,2925.67,checkout_abandon,15,7,1,4,3.28,1
PAY_01867,2028.42,insufficient_funds,10,7,1,0,3.02,1
PAY_01868,4927.42,gateway_timeout,51,7,1,0,8.47,1
PAY_01869,1725.49,gateway_timeout,50,6,2,0,4.92,1
PAY_01870,3164.07,checkout_abandon,46,13,3,4,0.15,0
PAY_01871,5978.83,checkout_abandon,14,9,1,1,23.07,0
PAY_01872,1425.45,mandate_expired,33,9,3,0,18.66,0
PAY_01873,1349.99,mandate_expired,42,8,4,0,5.4,1
PAY_01874,757.24,insufficient_funds,26,6,1,0,7.84,1
PAY_01875,862.27,gateway_timeout,11,6,3,0,1.83,1
PAY_01876,401.68,insufficient_funds,50,10,2,0,30.4,1
PAY_01877,5186.81,checkout_abandon,57,4,2,4,0.1,0
PAY_01878,15259.55,gateway_timeout,10,13,0,0,6.92,1
PAY_01879,10398.06,mandate_expired,43,11,3,0,4.71,1
PAY_01880,491.75,insufficient_funds,54,7,1,0,4.93,1
PAY_01881,5161.08,mandate_expired,33,8,1,0,40.23,0
PAY_01882,10364.61,gateway_timeout,3,6,1,0,26.39,0
PAY_01883,1583.25,gateway_timeout,42,6,1,0,7.13,1
PAY_01884,2766.93,mandate_expired,56,6,1,0,14.32,1
PAY_01885,335.68,insufficient_funds,16,5,0,0,2.21,1
PAY_01886,3264.24,gateway_timeout,9,4,0,0,4.25,0
PAY_01887,863.06,gateway_timeout,16,6,3,0,13.77,0
PAY_01888,3052.39,mandate_expired,49,9,1,0,6.77,1
PAY_01889,524.71,insufficient_funds,34,10,2,0,1.53,1
PAY_01890,4302.3,other,2,4,4,0,3.02,0
PAY_01891,6964.34,other,36,6,1,0,12.34,0
PAY_01892,1142.38,card_expired,49,12,1,0,9.29,1
PAY_01893,802.01,gateway_timeout,12,14,1,0,1.09,1
PAY_01894,289.46,mandate_expired,36,6,2,0,7.1,0
PAY_01895,1915.31,insufficient_funds,14,7,2,0,6.4,0
PAY_01896,1397.52,other,2,12,3,0,7.77,1
PAY_01897,530.08,checkout_abandon,25,4,1,5,12.99,0
PAY_01898,3932.63,insufficient_funds,47,6,3,0,3.81,0
PAY_01899,1594.12,gateway_timeout,41,9,1,0,17.94,1
PAY_01900,852.62,card_expired,7,10,3,0,26.85,0
PAY_01901,1435.79,other,12,5,0,0,18.33,0
PAY_01902,7297.96,checkout_abandon,33,8,3,1,3.14,1
PAY_01903,4568.7,checkout_abandon,20,2,4,1,40.25,0
PAY_01904,2195.18,card_expired,20,4,2,0,45.0,0
PAY_01905,4643.16,card_expired,27,10,3,0,4.88,0
PAY_01906,783.0,card_expired,46,3,0,0,3.42,0
PAY_01907,2582.25,gateway_timeout,35,14,0,0,34.88,1
PAY_01908,2896.82,mandate_expired,52,10,3,0,1.38,1
PAY_01909,1562.76,card_expired,7,15,1,0,13.52,0
PAY_01910,3864.18,insufficient_funds,28,13,3,0,0.66,1
PAY_01911,1145.52,gateway_timeout,34,6,2,0,14.45,0
PAY_01912,4162.48,insufficient_funds,46,7,1,0,19.02,1
PAY_01913,4341.19,gateway_timeout,31,5,4,0,7.82,1
PAY_01914,135.22,card_expired,55,6,1,0,5.29,0
PAY_01915,8220.22,insufficient_funds,51,8,2,0,2.04,1
PAY_01916,118.68,checkout_abandon,42,5,3,5,4.16,0
PAY_01917,1350.19,insufficient_funds,24,8,1,0,11.69,0
PAY_01918,6970.16,other,20,7,3,0,7.21,0
PAY_01919,1820.3,card_expired,33,7,1,0,12.77,0
PAY_01920,577.01,checkout_abandon,28,11,3,2,7.79,0
PAY_01921,837.41,mandate_expired,2,11,3,0,2.65,1
PAY_01922,6981.03,insufficient_funds,14,9,1,0,1.67,1
PAY_01923,365.97,card_expired,51,6,3,0,0.1,0
PAY_01924,7731.34,mandate_expired,28,7,2,0,2.46,1
PAY_01925,2365.97,insufficient_funds,57,12,3,0,0.66,1
PAY_01926,758.73,other,15,11,2,0,0.37,0
PAY_01927,1395.39,insufficient_funds,59,9,1,0,5.15,1
PAY_01928,903.99,checkout_abandon,49,9,3,3,3.8,1
PAY_01929,5944.79,insufficient_funds,22,4,3,0,1.46,0
PAY_01930,5200.31,mandate_expired,37,6,5,0,14.02,1
PAY_01931,448.04,insufficient_funds,60,12,2,0,60.23,1
PAY_01932,1669.79,insufficient_funds,38,9,3,0,7.74,0
PAY_01933,1054.54,checkout_abandon,56,4,2,5,2.71,1
PAY_01934,9113.9,other,7,9,3,0,3.96,1
PAY_01935,648.04,gateway_timeout,10,9,2,0,3.96,0
PAY_01936,12435.06,checkout_abandon,1,5,2,1,5.09,0
PAY_01937,2418.13,checkout_abandon,20,10,2,5,59.43,1
PAY_01938,782.2,card_expired,48,8,1,0,13.14,0
PAY_01939,1270.0,gateway_timeout,58,6,4,0,2.21,1
PAY_01940,1121.51,checkout_abandon,33,11,2,1,28.41,1
PAY_01941,698.84,other,26,8,1,0,6.55,0
PAY_01942,2748.67,gateway_timeout,56,5,1,0,11.42,1
PAY_01943,732.26,gateway_timeout,36,3,1,0,13.84,1
PAY_01944,282.5,other,33,7,2,0,17.51,0
PAY_01945,1710.21,gateway_timeout,6,10,0,0,33.34,0
PAY_01946,412.07,gateway_timeout,13,11,1,0,4.24,1
PAY_01947,1178.37,gateway_timeout,42,9,2,0,39.79,1
PAY_01948,1007.21,card_expired,42,6,3,0,2.58,0
PAY_01949,1046.11,other,30,7,2,0,18.28,0
PAY_01950,18490.44,mandate_expired,43,10,2,0,30.73,1
PAY_01951,2645.08,checkout_abandon,42,7,4,2,9.8,1
PAY_01952,3195.24,gateway_timeout,4,4,2,0,24.01,1
PAY_01953,423.12,insufficient_funds,51,3,3,0,44.99,1
PAY_01954,1299.95,insufficient_funds,42,10,5,0,4.38,0
PAY_01955,3100.59,insufficient_funds,14,9,0,0,0.1,1
PAY_01956,897.41,insufficient_funds,13,7,4,0,22.79,0
PAY_01957,6198.79,mandate_expired,58,8,5,0,0.45,1
PAY_01958,750.96,insufficient_funds,16,15,2,0,12.72,0
PAY_01959,1877.47,insufficient_funds,2,6,4,0,3.63,1
PAY_01960,1391.3,gateway_timeout,2,9,0,0,5.15,1
PAY_01961,2946.48,insufficient_funds,14,11,3,0,2.61,0
PAY_01962,1317.59,insufficient_funds,38,6,4,0,11.29,0
PAY_01963,1906.74,insufficient_funds,28,9,1,0,1.64,1
PAY_01964,1974.19,gateway_timeout,44,7,1,0,6.46,1
PAY_01965,1199.5,checkout_abandon,14,10,0,3,39.12,1
PAY_01966,4060.82,card_expired,14,6,4,0,10.8,0
PAY_01967,3173.01,card_expired,25,5,4,0,0.1,0
PAY_01968,2288.0,card_expired,48,7,3,0,1.92,0
PAY_01969,1625.53,checkout_abandon,31,10,2,3,10.03,0
PAY_01970,5544.66,other,46,6,2,0,8.66,0
PAY_01971,1974.78,checkout_abandon,6,5,4,5,0.56,0
PAY_01972,1839.68,mandate_expired,25,3,2,0,2.84,1
PAY_01973,2775.92,gateway_timeout,27,8,2,0,7.17,0
PAY_01974,13638.24,gateway_timeout,5,8,0,0,5.28,1
PAY_01975,654.38,gateway_timeout,19,12,1,0,0.1,1
PAY_01976,5398.64,insufficient_funds,17,6,2,0,17.83,0
PAY_01977,376.48,card_expired,28,7,3,0,6.04,0
PAY_01978,3106.71,insufficient_funds,10,6,1,0,3.44,0
PAY_01979,12077.85,mandate_expired,17,6,1,0,0.7,1
PAY_01980,4075.36,card_expired,58,5,1,0,10.62,0
PAY_01981,2965.11,checkout_abandon,9,5,5,5,17.13,1
PAY_01982,1427.38,insufficient_funds,50,9,0,0,13.35,1
PAY_01983,2578.84,gateway_timeout,33,6,3,0,3.76,1
PAY_01984,1942.99,gateway_timeout,5,11,5,0,31.34,1
PAY_01985,1139.19,other,25,10,0,0,5.64,1
PAY_01986,1870.89,mandate_expired,31,2,2,0,15.41,1
PAY_01987,3048.57,mandate_expired,17,13,2,0,14.06,1
PAY_01988,1160.76,checkout_abandon,17,4,1,2,14.1,0
PAY_01989,1116.29,mandate_expired,43,11,3,0,10.84,1
PAY_01990,641.5,mandate_expired,2,10,2,0,16.2,0
PAY_01991,3695.13,insufficient_funds,56,14,2,0,4.1,0
PAY_01992,4312.91,insufficient_funds,20,4,1,0,38.72,0
PAY_01993,3151.73,insufficient_funds,23,6,5,0,4.24,1
PAY_01994,6563.09,checkout_abandon,8,4,3,4,6.92,1
PAY_01995,2729.61,other,53,5,4,0,4.33,0
PAY_01996,3699.88,checkout_abandon,14,9,3,3,17.0,0
PAY_01997,3387.62,checkout_abandon,49,4,2,1,4.56,0
PAY_01998,2281.31,other,20,9,2,0,13.34,0
PAY_01999,1470.3,insufficient_funds,2,7,3,0,11.05,1
PAY_02000,22884.12,insufficient_funds,25,11,2,0,8.69,0
PAY_02001,1590.96,other,32,8,1,0,16.72,0
PAY_02002,1284.56,other,29,5,3,0,5.38,1
PAY_02003,3858.59,mandate_expired,60,10,3,0,3.85,1
PAY_02004,3216.02,insufficient_funds,32,6,0,0,52.13,1
PAY_02005,613.55,other,47,4,0,0,3.43,0
PAY_02006,7682.68,card_expired,23,5,1,0,6.17,0
PAY_02007,2275.26,mandate_expired,9,14,3,0,5.19,0
PAY_02008,823.13,insufficient_funds,30,5,3,0,13.35,0
PAY_02009,8207.72,checkout_abandon,34,6,3,4,21.35,0
PAY_02010,4673.77,card_expired,26,8,2,0,23.8,1
PAY_02011,705.92,card_expired,46,5,1,0,0.85,0
PAY_02012,14782.94,checkout_abandon,58,8,1,4,7.45,1
PAY_02013,4831.17,checkout_abandon,5,8,1,3,3.23,0
PAY_02014,2474.64,mandate_expired,5,8,2,0,3.36,1
PAY_02015,12262.06,checkout_abandon,17,9,2,1,14.9,0
PAY_02016,2931.72,gateway_timeout,36,9,4,0,9.21,1
PAY_02017,2430.77,insufficient_funds,3,9,1,0,56.36,0
PAY_02018,1291.74,insufficient_funds,12,10,3,0,8.64,1
PAY_02019,4473.37,card_expired,25,6,2,0,6.82,0
PAY_02020,4026.48,insufficient_funds,23,3,7,0,18.38,0
PAY_02021,2536.97,insufficient_funds,51,2,3,0,4.81,1
PAY_02022,1134.63,other,33,14,3,0,12.07,1
PAY_02023,2846.87,mandate_expired,53,9,3,0,4.62,1
PAY_02024,2331.45,insufficient_funds,46,13,0,0,5.14,1
PAY_02025,658.9,gateway_timeout,25,8,1,0,6.52,1
PAY_02026,573.77,card_expired,59,8,1,0,8.28,1
PAY_02027,4399.29,gateway_timeout,51,5,0,0,33.22,0
PAY_02028,185.33,checkout_abandon,30,12,3,2,26.21,1
PAY_02029,3070.07,checkout_abandon,52,6,1,2,16.87,0
PAY_02030,1549.93,insufficient_funds,16,13,3,0,11.53,1
PAY_02031,9249.2,mandate_expired,13,8,2,0,0.95,0
PAY_02032,1526.26,insufficient_funds,48,6,2,0,5.72,0
PAY_02033,4834.49,checkout_abandon,48,6,2,2,33.23,1
PAY_02034,1680.98,insufficient_funds,14,8,1,0,26.5,0
PAY_02035,2801.17,insufficient_funds,46,7,3,0,7.99,1
PAY_02036,5223.29,insufficient_funds,31,4,2,0,31.73,1
PAY_02037,1574.18,card_expired,34,6,3,0,5.73,0
PAY_02038,6772.33,insufficient_funds,51,10,0,0,10.51,1
PAY_02039,925.51,gateway_timeout,10,8,0,0,41.37,1
PAY_02040,3356.45,insufficient_funds,25,7,1,0,3.5,0
PAY_02041,6289.81,mandate_expired,18,6,2,0,32.94,1
PAY_02042,4837.16,gateway_timeout,34,9,3,0,1.08,1
PAY_02043,16991.88,other,10,8,1,0,19.47,0
PAY_02044,1165.15,mandate_expired,8,7,0,0,37.09,0
PAY_02045,629.48,checkout_abandon,42,8,0,2,25.14,0
PAY_02046,924.92,mandate_expired,4,2,1,0,21.52,0
PAY_02047,4839.12,insufficient_funds,26,10,2,0,3.49,0
PAY_02048,4113.25,other,60,12,2,0,9.53,0
PAY_02049,2769.17,other,60,13,2,0,5.28,0
PAY_02050,813.29,gateway_timeout,11,4,2,0,6.07,0
PAY_02051,5382.53,checkout_abandon,56,3,0,4,18.44,0
PAY_02052,734.61,insufficient_funds,21,13,2,0,32.92,0
PAY_02053,7966.46,checkout_abandon,12,7,3,5,5.19,1
PAY_02054,43542.14,card_expired,31,6,2,0,52.11,0
PAY_02055,3606.51,other,30,6,1,0,9.28,0
PAY_02056,4479.0,gateway_timeout,23,7,3,0,1.3,1
PAY_02057,1527.19,mandate_expired,26,8,1,0,5.93,1
PAY_02058,409.05,mandate_expired,6,5,2,0,21.72,1
PAY_02059,1368.3,insufficient_funds,16,8,0,0,9.03,0
PAY_02060,838.11,checkout_abandon,12,12,1,3,11.11,1
PAY_02061,588.18,mandate_expired,56,9,6,0,8.68,0
PAY_02062,13994.31,card_expired,30,9,1,0,9.55,0
PAY_02063,3284.3,other,33,9,4,0,35.9,0
PAY_02064,3654.57,insufficient_funds,27,8,2,0,0.85,0
PAY_02065,1835.41,insufficient_funds,54,6,0,0,42.24,1
PAY_02066,2103.12,insufficient_funds,48,3,1,0,3.95,1
PAY_02067,6559.02,insufficient_funds,42,9,1,0,13.72,1
PAY_02068,2420.45,checkout_abandon,19,13,0,4,27.94,1
PAY_02069,4250.28,other,19,5,1,0,1.06,0
PAY_02070,2055.02,gateway_timeout,57,11,3,0,18.06,0
PAY_02071,1775.6,mandate_expired,56,5,2,0,0.3,1
PAY_02072,612.24,gateway_timeout,17,12,0,0,5.95,1
PAY_02073,345.95,gateway_timeout,21,8,3,0,30.09,1
PAY_02074,1924.62,card_expired,20,5,3,0,1.49,0
PAY_02075,2645.31,mandate_expired,48,6,4,0,5.15,1
PAY_02076,690.85,gateway_timeout,57,9,1,0,0.57,1
PAY_02077,2415.28,other,54,8,2,0,10.6,0
PAY_02078,2638.06,checkout_abandon,51,8,4,4,19.79,0
PAY_02079,289.47,insufficient_funds,21,5,0,0,2.27,1
PAY_02080,1001.17,checkout_abandon,20,9,2,5,4.66,1
PAY_02081,3756.75,mandate_expired,54,7,2,0,7.93,0
PAY_02082,3681.61,gateway_timeout,24,6,2,0,1.68,1
PAY_02083,788.69,card_expired,13,9,0,0,10.98,0
PAY_02084,2929.23,checkout_abandon,51,8,3,2,8.57,0
PAY_02085,6949.7,checkout_abandon,29,7,2,3,8.35,1
PAY_02086,5437.74,card_expired,6,5,2,0,7.65,0
PAY_02087,2272.78,checkout_abandon,54,8,1,2,0.14,1
PAY_02088,1565.67,gateway_timeout,18,4,1,0,19.77,0
PAY_02089,1332.35,insufficient_funds,19,5,0,0,3.39,1
PAY_02090,3991.27,gateway_timeout,32,6,2,0,0.46,1
PAY_02091,3038.59,gateway_timeout,17,7,2,0,5.76,1
PAY_02092,4691.23,insufficient_funds,50,9,1,0,7.91,0
PAY_02093,2852.41,checkout_abandon,42,5,1,5,17.53,1
PAY_02094,5669.24,insufficient_funds,34,11,0,0,3.05,0
PAY_02095,2748.03,insufficient_funds,13,7,2,0,1.48,0
PAY_02096,5479.31,checkout_abandon,30,10,1,4,8.42,1
PAY_02097,5972.19,gateway_timeout,17,5,2,0,7.92,1
PAY_02098,1118.25,mandate_expired,58,8,3,0,2.3,0
PAY_02099,409.9,mandate_expired,48,10,6,0,11.98,1
PAY_02100,11702.28,gateway_timeout,7,9,1,0,17.62,0
PAY_02101,3231.51,insufficient_funds,32,10,0,0,25.94,0
PAY_02102,450.14,checkout_abandon,47,12,3,2,9.45,0
PAY_02103,1224.42,insufficient_funds,32,6,4,0,10.43,0
PAY_02104,5409.55,checkout_abandon,8,6,1,4,2.35,0
PAY_02105,1890.07,mandate_expired,9,6,2,0,1.05,1
PAY_02106,1498.15,checkout_abandon,44,15,0,2,16.79,0
PAY_02107,10146.94,gateway_timeout,32,10,1,0,1.85,1
PAY_02108,877.22,other,33,4,3,0,52.49,0
PAY_02109,1125.4,insufficient_funds,17,6,2,0,2.02,0
PAY_02110,3088.47,other,16,16,3,0,7.51,0
PAY_02111,3694.13,card_expired,25,8,1,0,3.12,0
PAY_02112,4106.76,gateway_timeout,33,9,6,0,0.57,1
PAY_02113,6218.5,insufficient_funds,29,5,5,0,3.31,0
PAY_02114,3049.17,insufficient_funds,53,10,1,0,28.31,1
PAY_02115,4078.28,other,12,12,2,0,8.48,0
PAY_02116,1929.15,insufficient_funds,29,5,2,0,0.21,1
PAY_02117,2661.76,other,15,9,6,0,24.8,1
PAY_02118,2783.82,checkout_abandon,1,7,2,3,0.86,1
PAY_02119,3099.96,checkout_abandon,25,8,3,4,20.2,0
PAY_02120,5413.15,checkout_abandon,4,5,3,3,12.47,0
PAY_02121,4355.49,insufficient_funds,23,7,4,0,3.0,0
PAY_02122,2613.02,gateway_timeout,38,7,1,0,12.12,1
PAY_02123,1113.12,other,23,6,4,0,2.82,1
PAY_02124,2675.03,insufficient_funds,41,5,1,0,0.13,0
PAY_02125,2430.93,other,18,9,3,0,9.83,0
PAY_02126,3032.76,other,25,6,4,0,25.07,0
PAY_02127,22710.24,insufficient_funds,53,11,2,0,14.5,0
PAY_02128,1480.7,checkout_abandon,15,10,1,5,3.66,0
PAY_02129,3813.62,insufficient_funds,31,7,3,0,4.37,0
PAY_02130,7277.25,checkout_abandon,43,9,3,2,4.67,0
PAY_02131,2757.41,other,22,8,2,0,2.63,0
PAY_02132,25897.23,other,19,8,4,0,21.42,0
PAY_02133,1713.01,other,42,5,3,0,3.24,0
PAY_02134,3456.93,insufficient_funds,5,8,4,0,13.75,1
PAY_02135,1124.66,checkout_abandon,16,11,1,3,14.11,0
PAY_02136,1759.04,insufficient_funds,25,6,0,0,1.98,1
PAY_02137,3206.64,other,14,9,1,0,19.84,0
PAY_02138,5827.54,insufficient_funds,33,7,1,0,15.11,1
PAY_02139,3439.7,insufficient_funds,38,13,6,0,2.93,1
PAY_02140,8805.76,insufficient_funds,58,10,3,0,29.9,1
PAY_02141,2273.51,insufficient_funds,37,10,3,0,19.54,1
PAY_02142,1793.42,insufficient_funds,36,7,3,0,14.43,0
PAY_02143,37347.87,insufficient_funds,44,6,0,0,8.36,1
PAY_02144,3708.13,card_expired,13,9,0,0,6.47,0
PAY_02145,1217.51,card_expired,29,11,1,0,4.77,1
PAY_02146,1248.61,gateway_timeout,50,9,1,0,0.36,1
PAY_02147,973.96,card_expired,11,10,1,0,31.97,0
PAY_02148,6378.04,gateway_timeout,18,10,1,0,10.2,0
PAY_02149,1736.57,card_expired,14,8,0,0,1.21,1
PAY_02150,2839.57,gateway_timeout,58,6,1,0,12.74,1
PAY_02151,2346.16,checkout_abandon,22,5,1,4,9.21,1
PAY_02152,5195.45,gateway_timeout,20,12,4,0,3.78,1
PAY_02153,1072.02,insufficient_funds,49,16,1,0,1.76,0
PAY_02154,852.76,checkout_abandon,55,6,4,2,8.97,0
PAY_02155,3128.61,card_expired,1,16,4,0,1.04,0
PAY_02156,4559.67,card_expired,53,8,1,0,8.72,0
PAY_02157,3486.24,gateway_timeout,43,5,0,0,17.14,1
PAY_02158,1112.75,checkout_abandon,52,8,1,5,5.24,1
PAY_02159,4922.3,card_expired,6,8,4,0,3.06,1
PAY_02160,1188.19,insufficient_funds,3,11,4,0,2.95,0
PAY_02161,1484.02,insufficient_funds,21,4,3,0,1.75,0
PAY_02162,972.72,gateway_timeout,51,7,0,0,14.17,1
PAY_02163,9183.87,insufficient_funds,30,12,3,0,13.23,0
PAY_02164,4710.11,gateway_timeout,44,10,3,0,10.23,0
PAY_02165,4578.1,insufficient_funds,15,8,2,0,19.1,1
PAY_02166,8701.56,checkout_abandon,21,5,2,2,40.06,1
PAY_02167,41634.95,mandate_expired,53,13,1,0,2.95,0
PAY_02168,452.51,card_expired,30,7,1,0,40.24,0
PAY_02169,1194.72,mandate_expired,47,9,2,0,14.47,1
PAY_02170,1350.01,gateway_timeout,39,4,3,0,10.51,0
PAY_02171,1067.66,other,11,8,5,0,0.81,0
PAY_02172,851.04,mandate_expired,57,7,4,0,11.47,1
PAY_02173,1852.69,checkout_abandon,57,14,1,3,0.11,1
PAY_02174,740.59,insufficient_funds,47,5,1,0,3.09,1
PAY_02175,3495.0,mandate_expired,29,10,1,0,0.1,1
PAY_02176,2632.65,checkout_abandon,26,8,2,2,5.55,0
PAY_02177,4044.34,mandate_expired,18,8,1,0,12.32,0
PAY_02178,4153.78,card_expired,39,7,1,0,4.66,1
PAY_02179,4569.01,other,19,8,0,0,4.58,0
PAY_02180,1720.96,other,12,7,2,0,6.81,0
PAY_02181,20851.67,mandate_expired,4,5,0,0,28.9,0
PAY_02182,3160.47,other,26,9,3,0,4.18,1
PAY_02183,388.22,other,49,9,2,0,2.31,1
PAY_02184,917.52,insufficient_funds,48,7,1,0,0.52,1
PAY_02185,438.58,mandate_expired,51,8,1,0,13.16,1
PAY_02186,2543.71,insufficient_funds,37,13,0,0,12.3,0
PAY_02187,2213.3,gateway_timeout,53,8,3,0,12.69,1
PAY_02188,1564.97,gateway_timeout,47,6,1,0,0.36,1
PAY_02189,18675.58,checkout_abandon,49,11,3,5,0.95,1
PAY_02190,4328.73,insufficient_funds,31,8,0,0,13.05,1
PAY_02191,5167.5,insufficient_funds,6,6,2,0,30.62,0
PAY_02192,985.33,insufficient_funds,23,5,2,0,15.04,0
PAY_02193,920.49,mandate_expired,51,11,1,0,16.0,1
PAY_02194,2593.73,other,45,6,2,0,25.41,0
PAY_02195,2972.19,other,1,6,2,0,15.15,0
PAY_02196,390.62,gateway_timeout,6,6,3,0,22.49,0
PAY_02197,2087.53,gateway_timeout,40,7,5,0,22.7,1
PAY_02198,2535.43,card_expired,59,13,1,0,18.11,1
PAY_02199,2016.05,insufficient_funds,44,8,1,0,6.92,1
PAY_02200,1108.38,other,57,10,1,0,0.29,0
PAY_02201,1457.55,mandate_expired,4,7,0,0,9.78,0
PAY_02202,2094.74,checkout_abandon,53,7,2,3,5.83,1
PAY_02203,2737.62,insufficient_funds,8,10,0,0,7.07,0
PAY_02204,4577.18,insufficient_funds,54,9,3,0,21.3,0
PAY_02205,7368.0,checkout_abandon,59,5,0,3,3.16,1
PAY_02206,1862.54,gateway_timeout,31,12,2,0,19.22,1
PAY_02207,1584.29,card_expired,32,9,3,0,9.35,0
PAY_02208,3872.68,mandate_expired,30,3,1,0,0.26,1
PAY_02209,4604.97,gateway_timeout,34,11,1,0,2.99,1
PAY_02210,1619.46,insufficient_funds,50,9,1,0,24.55,1
PAY_02211,5510.66,checkout_abandon,17,6,4,3,2.34,1
PAY_02212,6658.38,insufficient_funds,17,6,1,0,1.42,1
PAY_02213,9097.3,mandate_expired,59,5,3,0,2.58,0
PAY_02214,14799.77,checkout_abandon,51,10,1,5,2.92,1
PAY_02215,1051.14,card_expired,33,8,1,0,21.91,0
PAY_02216,2534.99,gateway_timeout,13,9,0,0,4.07,1
PAY_02217,2528.35,gateway_timeout,58,6,1,0,9.13,1
PAY_02218,2266.46,card_expired,53,9,0,0,1.07,0
PAY_02219,1306.08,mandate_expired,20,12,3,0,24.24,1
PAY_02220,565.94,mandate_expired,33,11,0,0,7.63,1
PAY_02221,2742.77,checkout_abandon,26,3,5,5,2.61,0
PAY_02222,1159.44,other,51,9,1,0,4.05,0
PAY_02223,2724.5,insufficient_funds,42,9,2,0,4.64,1
PAY_02224,1130.03,gateway_timeout,30,8,2,0,30.49,0
PAY_02225,832.46,card_expired,59,8,0,0,7.85,0
PAY_02226,3160.05,insufficient_funds,37,9,1,0,2.73,1
PAY_02227,2907.26,card_expired,30,9,2,0,10.52,0
PAY_02228,4461.89,gateway_timeout,56,12,2,0,3.37,1
PAY_02229,22245.83,insufficient_funds,27,7,4,0,5.46,0
PAY_02230,3298.87,insufficient_funds,26,5,2,0,4.25,0
PAY_02231,4060.77,card_expired,24,4,2,0,8.94,0
PAY_02232,851.06,card_expired,14,7,4,0,0.81,0
PAY_02233,690.31,gateway_timeout,17,7,1,0,6.43,0
PAY_02234,12171.78,insufficient_funds,6,7,0,0,1.49,1
PAY_02235,992.84,insufficient_funds,44,5,4,0,8.42,0
PAY_02236,880.16,insufficient_funds,36,10,0,0,0.9,0
PAY_02237,2404.14,mandate_expired,56,11,0,0,7.89,1
PAY_02238,2284.39,insufficient_funds,37,7,9,0,3.97,0
PAY_02239,1013.88,insufficient_funds,5,14,0,0,1.43,1
PAY_02240,1842.86,insufficient_funds,38,5,2,0,27.63,0
PAY_02241,8547.74,checkout_abandon,11,9,1,2,13.43,0
PAY_02242,1116.61,mandate_expired,3,3,0,0,10.24,0
PAY_02243,620.41,mandate_expired,40,9,3,0,13.54,1
PAY_02244,6416.57,checkout_abandon,2,6,2,5,2.23,0
PAY_02245,4090.17,other,25,12,0,0,10.64,0
PAY_02246,1344.16,checkout_abandon,54,6,2,2,11.38,0
PAY_02247,513.82,card_expired,16,8,3,0,12.37,0
PAY_02248,1187.28,mandate_expired,42,7,2,0,1.1,1
PAY_02249,2366.91,insufficient_funds,23,6,2,0,14.4,0
PAY_02250,8020.2,card_expired,7,9,2,0,10.34,0
PAY_02251,886.66,checkout_abandon,12,8,4,4,1.09,0
PAY_02252,2297.38,mandate_expired,5,9,3,0,27.62,1
PAY_02253,4910.79,insufficient_funds,10,11,1,0,12.21,1
PAY_02254,231.08,gateway_timeout,10,14,3,0,8.27,1
PAY_02255,7029.23,other,53,6,2,0,9.97,0
PAY_02256,766.32,insufficient_funds,49,8,2,0,29.1,1
PAY_02257,3484.37,insufficient_funds,22,3,0,0,0.27,1
PAY_02258,3199.43,gateway_timeout,44,9,2,0,11.84,1
PAY_02259,7395.54,checkout_abandon,13,9,0,5,5.92,1
PAY_02260,4337.14,card_expired,39,8,3,0,5.58,0
PAY_02261,232.0,mandate_expired,13,6,2,0,2.36,0
PAY_02262,1140.55,other,39,7,1,0,3.6,0
PAY_02263,2870.53,checkout_abandon,22,13,1,4,18.79,1
PAY_02264,2057.13,gateway_timeout,52,7,6,0,6.94,1
PAY_02265,4030.54,insufficient_funds,51,4,2,0,27.19,0
PAY_02266,5505.0,insufficient_funds,21,6,2,0,12.79,0
PAY_02267,4593.96,mandate_expired,3,8,4,0,19.21,1
PAY_02268,2017.82,insufficient_funds,20,5,5,0,3.61,0
PAY_02269,394.54,insufficient_funds,17,6,2,0,12.94,1
PAY_02270,1585.36,other,26,7,1,0,29.65,0
PAY_02271,3791.11,checkout_abandon,35,3,1,4,0.1,0
PAY_02272,840.17,insufficient_funds,60,8,5,0,3.04,0
PAY_02273,4700.01,mandate_expired,4,11,2,0,29.89,0
PAY_02274,6200.84,checkout_abandon,34,10,3,4,0.21,1
PAY_02275,2838.16,card_expired,11,7,4,0,1.19,0
PAY_02276,116.78,mandate_expired,33,12,2,0,13.97,0
PAY_02277,696.42,insufficient_funds,39,9,0,0,1.28,1
PAY_02278,16485.48,insufficient_funds,49,11,5,0,17.56,1
PAY_02279,1447.38,gateway_timeout,34,9,0,0,2.23,1
PAY_02280,343.75,mandate_expired,11,10,1,0,22.99,0
PAY_02281,8598.07,checkout_abandon,55,7,5,1,21.65,1
PAY_02282,2533.61,mandate_expired,25,10,1,0,2.5,1
PAY_02283,7547.61,checkout_abandon,29,9,1,3,14.9,1
PAY_02284,3297.78,gateway_timeout,39,10,5,0,12.05,1
PAY_02285,3954.48,insufficient_funds,16,15,1,0,5.11,1
PAY_02286,3594.12,insufficient_funds,60,9,1,0,3.34,1
PAY_02287,5021.75,gateway_timeout,3,10,0,0,26.34,0
PAY_02288,24378.98,checkout_abandon,10,5,3,5,5.0,0
PAY_02289,6601.5,other,60,8,3,0,1.12,0
PAY_02290,514.76,insufficient_funds,28,13,1,0,0.88,0
PAY_02291,3907.71,mandate_expired,54,12,2,0,1.83,1
PAY_02292,7828.5,insufficient_funds,55,9,4,0,5.41,1
PAY_02293,8322.74,mandate_expired,60,9,2,0,4.41,0
PAY_02294,1631.8,insufficient_funds,44,7,5,0,33.69,1
PAY_02295,8014.36,mandate_expired,41,5,2,0,13.87,1
PAY_02296,6321.98,insufficient_funds,37,17,3,0,15.95,1
PAY_02297,32746.9,insufficient_funds,41,6,2,0,23.08,1
PAY_02298,1180.91,checkout_abandon,16,6,2,1,40.06,0
PAY_02299,1505.15,gateway_timeout,49,9,1,0,13.51,1
PAY_02300,1840.75,checkout_abandon,12,4,1,4,17.97,0
PAY_02301,1531.23,gateway_timeout,29,8,2,0,0.18,0
PAY_02302,1026.62,other,23,11,2,0,5.67,0
PAY_02303,157.81,gateway_timeout,46,3,2,0,9.67,1
PAY_02304,1618.65,checkout_abandon,16,9,4,2,8.09,0
PAY_02305,3617.01,card_expired,13,10,2,0,5.87,0
PAY_02306,1526.64,mandate_expired,49,12,1,0,4.81,1
PAY_02307,17316.71,gateway_timeout,30,9,5,0,29.32,1
PAY_02308,2533.66,checkout_abandon,44,16,1,4,5.78,1
PAY_02309,9091.32,insufficient_funds,53,7,1,0,1.53,1
PAY_02310,3246.93,checkout_abandon,51,9,4,2,8.03,0
PAY_02311,5712.74,gateway_timeout,24,6,3,0,4.52,0
PAY_02312,3305.32,card_expired,11,6,1,0,6.05,0
PAY_02313,9826.43,card_expired,58,6,3,0,3.57,0
PAY_02314,2643.83,insufficient_funds,19,9,4,0,15.12,0
PAY_02315,4105.84,insufficient_funds,47,8,2,0,9.64,1
PAY_02316,3606.09,gateway_timeout,47,6,3,0,0.18,1
PAY_02317,1873.87,checkout_abandon,27,10,2,3,22.98,1
PAY_02318,3748.19,gateway_timeout,10,9,2,0,9.73,1
PAY_02319,23351.87,checkout_abandon,29,18,5,2,11.05,1
PAY_02320,1907.69,checkout_abandon,9,5,1,1,3.56,0
PAY_02321,3802.87,other,22,7,0,0,3.09,0
PAY_02322,8794.0,gateway_timeout,23,9,0,0,0.94,0
PAY_02323,7818.9,insufficient_funds,32,7,1,0,2.01,1
PAY_02324,2529.46,gateway_timeout,12,8,3,0,22.81,1
PAY_02325,230.59,checkout_abandon,51,14,0,1,4.7,0
PAY_02326,4191.23,gateway_timeout,5,9,2,0,15.23,1
PAY_02327,271.67,gateway_timeout,60,12,1,0,17.66,1
PAY_02328,10872.41,gateway_timeout,19,5,2,0,4.93,1
PAY_02329,2961.7,mandate_expired,30,8,2,0,4.08,0
PAY_02330,6793.49,other,53,2,2,0,6.75,0
PAY_02331,1014.28,gateway_timeout,40,9,5,0,15.97,1
PAY_02332,529.29,insufficient_funds,4,9,4,0,6.46,1
PAY_02333,3244.77,gateway_timeout,37,7,1,0,49.72,1
PAY_02334,2417.39,gateway_timeout,34,6,2,0,10.61,1
PAY_02335,1529.21,other,56,7,0,0,5.04,1
PAY_02336,2720.87,checkout_abandon,34,9,2,2,1.05,1
PAY_02337,39794.42,mandate_expired,60,7,0,0,11.26,1
PAY_02338,5759.3,other,32,8,0,0,11.72,0
PAY_02339,7140.55,checkout_abandon,12,8,3,2,13.57,1
PAY_02340,5813.76,insufficient_funds,31,5,0,0,2.43,1
PAY_02341,10976.46,checkout_abandon,56,14,4,3,6.47,0
PAY_02342,2067.25,gateway_timeout,2,4,1,0,1.27,1
PAY_02343,320.31,gateway_timeout,24,15,0,0,7.51,1
PAY_02344,2070.32,other,3,9,2,0,10.72,0
PAY_02345,5629.53,gateway_timeout,51,9,2,0,1.49,1
PAY_02346,947.9,checkout_abandon,31,7,3,1,2.68,0
PAY_02347,2095.78,insufficient_funds,43,5,1,0,3.37,1
PAY_02348,1251.72,insufficient_funds,59,7,6,0,12.8,1
PAY_02349,11226.98,checkout_abandon,50,6,2,1,2.17,1
PAY_02350,5289.63,card_expired,25,8,5,0,29.05,1
PAY_02351,4796.24,mandate_expired,57,9,4,0,4.99,0
PAY_02352,4654.77,gateway_timeout,29,9,2,0,20.13,1
PAY_02353,2408.59,insufficient_funds,59,6,2,0,3.05,0
PAY_02354,3046.05,checkout_abandon,59,12,6,1,6.37,1
PAY_02355,764.22,checkout_abandon,14,6,0,5,2.88,1
PAY_02356,280.79,card_expired,47,3,3,0,8.58,0
PAY_02357,2904.82,mandate_expired,42,4,1,0,7.49,0
PAY_02358,3456.58,other,47,5,1,0,0.33,1
PAY_02359,8377.55,card_expired,11,13,1,0,1.36,0
PAY_02360,12032.68,gateway_timeout,31,8,3,0,0.75,1
PAY_02361,12016.6,mandate_expired,10,11,3,0,37.06,1
PAY_02362,921.52,mandate_expired,54,6,1,0,5.71,1
PAY_02363,1757.73,other,53,7,3,0,2.84,0
PAY_02364,4041.54,gateway_timeout,35,5,0,0,13.79,1
PAY_02365,31443.6,mandate_expired,8,9,1,0,1.38,0
PAY_02366,10983.45,gateway_timeout,40,14,0,0,1.56,1
PAY_02367,7657.52,mandate_expired,27,4,1,0,5.72,0
PAY_02368,1696.39,other,48,12,3,0,8.35,1
PAY_02369,1033.64,other,6,8,1,0,10.88,1
PAY_02370,5502.48,insufficient_funds,25,5,2,0,10.46,0
PAY_02371,831.63,insufficient_funds,22,10,4,0,22.1,0
PAY_02372,1969.65,card_expired,58,5,4,0,27.32,0
PAY_02373,2228.91,mandate_expired,18,8,0,0,9.71,0
PAY_02374,12295.12,other,60,7,1,0,9.44,0
PAY_02375,1753.46,gateway_timeout,56,4,1,0,20.02,1
PAY_02376,218.07,card_expired,36,6,0,0,3.96,1
PAY_02377,4140.16,mandate_expired,11,17,1,0,17.19,0
PAY_02378,1242.68,insufficient_funds,14,4,0,0,6.98,1
PAY_02379,2608.88,insufficient_funds,2,6,2,0,11.71,1
PAY_02380,2292.37,mandate_expired,47,20,2,0,10.51,1
PAY_02381,1901.39,insufficient_funds,44,8,4,0,3.67,1
PAY_02382,5510.37,card_expired,20,2,1,0,22.76,0
PAY_02383,539.79,checkout_abandon,44,12,1,1,7.52,0
PAY_02384,1490.75,checkout_abandon,35,7,1,1,5.24,0
PAY_02385,4954.66,gateway_timeout,49,6,5,0,13.63,1
PAY_02386,1352.84,other,6,8,1,0,0.85,0
PAY_02387,500.32,mandate_expired,12,13,1,0,19.45,1
PAY_02388,4878.54,card_expired,49,7,2,0,37.28,0
PAY_02389,7685.88,card_expired,23,6,3,0,5.4,0
PAY_02390,2390.01,checkout_abandon,58,11,1,1,6.9,1
PAY_02391,351.85,other,53,10,2,0,9.77,0
PAY_02392,5064.53,checkout_abandon,6,9,2,3,3.52,1
PAY_02393,475.4,checkout_abandon,25,8,0,2,9.57,0
PAY_02394,3404.47,gateway_timeout,44,6,1,0,17.04,1
PAY_02395,1029.25,gateway_timeout,9,5,1,0,0.41,1
PAY_02396,783.84,mandate_expired,52,8,1,0,5.27,0
PAY_02397,1607.02,gateway_timeout,6,5,1,0,11.95,1
PAY_02398,2081.3,mandate_expired,7,16,1,0,4.01,1
PAY_02399,1312.7,other,33,5,3,0,2.67,0
PAY_02400,4504.13,gateway_timeout,15,6,2,0,16.7,1
PAY_02401,1600.35,insufficient_funds,39,5,2,0,3.05,0
PAY_02402,6662.41,mandate_expired,24,11,2,0,3.61,1
PAY_02403,3311.71,insufficient_funds,17,9,1,0,14.04,1
PAY_02404,1244.5,card_expired,51,11,0,0,6.78,1
PAY_02405,1051.64,checkout_abandon,10,4,4,2,21.9,0
PAY_02406,481.33,checkout_abandon,30,11,1,4,17.74,0
PAY_02407,3343.52,checkout_abandon,11,5,2,3,0.1,1
PAY_02408,1753.66,checkout_abandon,9,12,2,2,8.3,0
PAY_02409,233.19,gateway_timeout,13,5,1,0,26.12,1
PAY_02410,1463.13,gateway_timeout,16,7,1,0,12.31,1
PAY_02411,1015.37,gateway_timeout,25,4,1,0,20.35,1
PAY_02412,12085.04,other,29,8,3,0,13.66,0
PAY_02413,455.44,insufficient_funds,9,9,1,0,36.73,1
PAY_02414,591.52,gateway_timeout,3,5,1,0,5.63,1
PAY_02415,7585.67,insufficient_funds,6,8,1,0,3.01,1
PAY_02416,9709.01,gateway_timeout,38,9,1,0,12.29,1
PAY_02417,1186.86,insufficient_funds,59,11,1,0,10.36,1
PAY_02418,1328.71,card_expired,2,8,2,0,0.62,0
PAY_02419,4629.86,insufficient_funds,3,6,3,0,3.27,1
PAY_02420,243.95,mandate_expired,47,6,3,0,46.38,1
PAY_02421,388.72,gateway_timeout,44,7,0,0,8.17,1
PAY_02422,1888.07,checkout_abandon,45,11,2,2,2.6,0
PAY_02423,11777.39,insufficient_funds,11,11,2,0,22.89,0
PAY_02424,1616.98,mandate_expired,52,10,3,0,23.41,1
PAY_02425,2765.52,other,38,2,2,0,12.07,0
PAY_02426,7768.52,insufficient_funds,10,9,1,0,3.5,1
PAY_02427,20556.46,other,7,5,0,0,16.64,0
PAY_02428,1404.16,gateway_timeout,37,7,1,0,3.46,1
PAY_02429,2458.26,checkout_abandon,47,4,3,2,3.74,0
PAY_02430,15461.39,mandate_expired,47,11,4,0,13.75,0
PAY_02431,545.58,insufficient_funds,36,10,4,0,5.4,1
PAY_02432,6985.75,gateway_timeout,31,9,3,0,6.29,1
PAY_02433,903.01,insufficient_funds,42,7,4,0,15.32,1
PAY_02434,2769.77,mandate_expired,8,8,1,0,5.36,0
PAY_02435,1961.43,gateway_timeout,22,5,2,0,7.55,0
PAY_02436,959.14,other,6,12,3,0,0.46,0
PAY_02437,935.37,gateway_timeout,51,9,2,0,45.83,1
PAY_02438,3295.99,other,37,9,2,0,4.76,1
PAY_02439,6765.46,insufficient_funds,47,11,2,0,2.53,1
PAY_02440,2195.82,checkout_abandon,30,8,2,2,5.26,1
PAY_02441,2681.57,gateway_timeout,56,7,0,0,0.38,1
PAY_02442,4425.86,insufficient_funds,56,5,4,0,11.86,0
PAY_02443,946.17,insufficient_funds,37,8,1,0,11.65,0
PAY_02444,5238.23,mandate_expired,51,6,2,0,8.12,1
PAY_02445,5672.52,insufficient_funds,40,7,0,0,11.38,1
PAY_02446,33781.63,checkout_abandon,44,12,1,4,26.86,1
PAY_02447,1716.33,other,15,8,2,0,5.94,0
PAY_02448,1581.24,gateway_timeout,59,6,3,0,1.4,1
PAY_02449,5393.83,insufficient_funds,12,12,4,0,19.1,0
PAY_02450,5671.17,insufficient_funds,42,7,0,0,19.41,0
PAY_02451,1464.05,insufficient_funds,37,3,2,0,26.8,1
PAY_02452,1670.51,checkout_abandon,6,8,0,1,0.49,0
PAY_02453,4294.87,mandate_expired,47,6,1,0,2.44,1
PAY_02454,1092.76,gateway_timeout,5,5,3,0,19.66,1
PAY_02455,1658.24,insufficient_funds,31,6,1,0,1.59,1
PAY_02456,2734.32,mandate_expired,49,8,3,0,22.89,1
PAY_02457,6768.16,gateway_timeout,8,7,2,0,10.05,0
PAY_02458,1365.73,checkout_abandon,22,8,0,2,0.11,1
PAY_02459,396.1,other,31,6,2,0,15.17,0
PAY_02460,367.77,gateway_timeout,56,7,1,0,0.68,1
PAY_02461,709.55,checkout_abandon,23,6,3,5,6.24,0
PAY_02462,672.42,card_expired,8,14,3,0,1.21,0
PAY_02463,2141.87,mandate_expired,8,8,3,0,6.44,0
PAY_02464,761.41,card_expired,12,7,1,0,17.93,0
PAY_02465,1238.05,card_expired,52,6,3,0,0.79,0
PAY_02466,1152.81,checkout_abandon,47,13,1,4,12.62,1
PAY_02467,1609.27,checkout_abandon,26,8,3,3,10.58,0
PAY_02468,9382.02,mandate_expired,51,4,0,0,4.03,1
PAY_02469,4846.41,mandate_expired,56,11,2,0,7.46,0
PAY_02470,2540.65,mandate_expired,53,11,1,0,9.79,1
PAY_02471,1576.59,gateway_timeout,1,5,2,0,21.79,0
PAY_02472,1621.02,card_expired,6,8,3,0,11.12,0
PAY_02473,3469.59,insufficient_funds,44,6,2,0,1.19,1
PAY_02474,4483.75,insufficient_funds,23,9,1,0,7.63,1
PAY_02475,1008.71,gateway_timeout,10,4,4,0,1.79,1
PAY_02476,2592.89,gateway_timeout,39,7,1,0,4.48,1
PAY_02477,327.81,mandate_expired,22,8,4,0,6.31,0
PAY_02478,3089.49,insufficient_funds,56,9,3,0,20.18,1
PAY_02479,5357.19,mandate_expired,35,7,2,0,1.06,0
PAY_02480,1889.33,checkout_abandon,15,7,0,5,20.68,0
PAY_02481,15376.15,insufficient_funds,57,5,0,0,8.45,1
PAY_02482,1035.67,gateway_timeout,37,6,1,0,3.99,0
PAY_02483,3107.23,checkout_abandon,18,4,1,2,5.51,0
PAY_02484,2412.02,mandate_expired,9,7,3,0,10.34,0
PAY_02485,2261.42,gateway_timeout,34,12,3,0,16.43,1
PAY_02486,2229.93,insufficient_funds,45,8,2,0,26.06,1
PAY_02487,2782.63,gateway_timeout,51,5,0,0,7.96,1
PAY_02488,5837.19,insufficient_funds,8,8,1,0,0.95,1
PAY_02489,9914.78,insufficient_funds,26,1,1,0,2.27,0
PAY_02490,2494.38,other,60,11,2,0,28.28,1
PAY_02491,5649.72,insufficient_funds,40,6,8,0,18.91,1
PAY_02492,1239.27,insufficient_funds,6,6,0,0,11.53,1
PAY_02493,5377.62,other,56,5,4,0,29.32,0
PAY_02494,1166.84,mandate_expired,42,4,2,0,2.66,1
PAY_02495,7440.59,gateway_timeout,28,6,1,0,2.25,1
PAY_02496,22803.9,mandate_expired,47,8,3,0,23.03,1
PAY_02497,2212.69,other,39,10,0,0,15.79,0
PAY_02498,279.08,insufficient_funds,16,3,2,0,26.16,0
PAY_02499,1445.16,insufficient_funds,48,10,5,0,0.63,1
PAY_02500,8569.13,card_expired,16,7,1,0,62.32,0
PAY_02501,4346.49,card_expired,14,5,0,0,5.75,1
PAY_02502,3206.58,other,36,8,3,0,13.74,0
PAY_02503,6854.87,gateway_timeout,2,4,5,0,2.07,1
PAY_02504,4058.22,other,38,8,3,0,9.08,0
PAY_02505,8448.73,gateway_timeout,34,8,0,0,1.45,1
PAY_02506,6269.61,mandate_expired,44,9,2,0,2.59,0
PAY_02507,11450.02,other,10,7,1,0,11.86,0
PAY_02508,3579.01,insufficient_funds,35,8,3,0,45.13,1
PAY_02509,6181.43,insufficient_funds,27,13,0,0,9.09,1
PAY_02510,1838.89,checkout_abandon,11,11,4,3,22.75,0
PAY_02511,1370.03,card_expired,28,9,3,0,5.09,0
PAY_02512,13777.8,insufficient_funds,56,7,2,0,3.77,1
PAY_02513,3103.39,card_expired,50,8,4,0,12.77,0
PAY_02514,5591.07,gateway_timeout,10,9,1,0,10.65,0
PAY_02515,2829.3,gateway_timeout,51,6,2,0,0.7,1
PAY_02516,1390.66,gateway_timeout,34,10,1,0,0.1,1
PAY_02517,2527.61,other,3,6,1,0,0.44,0
PAY_02518,10509.55,insufficient_funds,56,10,5,0,6.2,1
PAY_02519,4355.9,checkout_abandon,32,6,3,2,7.45,1
PAY_02520,451.5,insufficient_funds,55,10,1,0,9.75,0
PAY_02521,2015.86,other,6,8,0,0,12.44,0
PAY_02522,14858.68,card_expired,11,3,0,0,8.97,0
PAY_02523,2018.78,insufficient_funds,55,10,1,0,6.42,1
PAY_02524,413.05,gateway_timeout,15,11,0,0,1.46,1
PAY_02525,16598.95,gateway_timeout,33,7,4,0,13.45,0
PAY_02526,4946.51,gateway_timeout,37,4,1,0,2.69,0
PAY_02527,2330.95,card_expired,57,4,0,0,2.33,0
PAY_02528,1724.39,checkout_abandon,21,13,1,5,0.44,1
PAY_02529,7379.03,gateway_timeout,46,14,1,0,11.98,1
PAY_02530,1453.98,mandate_expired,44,10,2,0,1.21,0
PAY_02531,7881.73,checkout_abandon,43,9,2,4,4.26,1
PAY_02532,4299.45,insufficient_funds,32,11,4,0,8.03,1
PAY_02533,3193.04,insufficient_funds,5,10,4,0,1.3,0
PAY_02534,2891.59,gateway_timeout,16,8,1,0,2.31,1
PAY_02535,2098.71,checkout_abandon,34,7,2,5,6.2,1
PAY_02536,7113.05,insufficient_funds,25,4,0,0,6.42,1
PAY_02537,1052.27,checkout_abandon,12,6,1,3,19.08,1
PAY_02538,493.8,gateway_timeout,42,4,3,0,1.31,1
PAY_02539,4621.55,mandate_expired,28,9,0,0,5.34,0
PAY_02540,4699.84,insufficient_funds,48,6,4,0,4.65,1
PAY_02541,4041.16,checkout_abandon,33,7,0,1,30.59,1
PAY_02542,3758.5,insufficient_funds,23,7,3,0,21.97,1
PAY_02543,1814.39,gateway_timeout,7,14,1,0,3.66,1
PAY_02544,5494.64,insufficient_funds,7,13,2,0,0.68,1
PAY_02545,2388.66,checkout_abandon,31,7,2,3,3.73,0
PAY_02546,1535.99,card_expired,22,11,3,0,4.5,0
PAY_02547,1830.15,insufficient_funds,44,4,3,0,21.49,0
PAY_02548,18857.87,mandate_expired,38,10,3,0,15.93,0
PAY_02549,441.01,checkout_abandon,18,8,2,3,15.81,1
PAY_02550,4120.93,checkout_abandon,46,8,1,5,26.26,0
PAY_02551,466.35,checkout_abandon,34,12,0,2,57.43,1
PAY_02552,2243.55,gateway_timeout,53,13,4,0,32.27,1
PAY_02553,1620.38,mandate_expired,58,9,1,0,3.05,0
PAY_02554,310.76,card_expired,58,13,1,0,2.37,1
PAY_02555,3688.9,card_expired,8,6,0,0,20.21,0
PAY_02556,1709.59,gateway_timeout,32,8,0,0,7.57,0
PAY_02557,306.38,mandate_expired,2,7,2,0,10.82,0
PAY_02558,5788.42,insufficient_funds,53,4,3,0,44.05,0
PAY_02559,10499.18,checkout_abandon,43,9,1,5,4.4,0
PAY_02560,11094.12,insufficient_funds,16,9,4,0,9.68,0
PAY_02561,3579.59,insufficient_funds,37,11,1,0,19.98,0
PAY_02562,2617.84,mandate_expired,34,13,0,0,18.87,1
PAY_02563,9435.2,other,33,4,2,0,35.95,0
PAY_02564,13445.9,insufficient_funds,33,9,2,0,34.12,1
PAY_02565,7766.81,checkout_abandon,60,3,1,5,7.84,1
PAY_02566,975.07,mandate_expired,47,13,1,0,6.3,1
PAY_02567,3057.62,other,25,6,2,0,34.12,0
PAY_02568,3879.89,mandate_expired,47,15,2,0,4.27,0
PAY_02569,409.29,insufficient_funds,9,10,4,0,10.56,1
PAY_02570,3997.43,insufficient_funds,18,6,2,0,28.25,1
PAY_02571,24271.01,mandate_expired,8,7,3,0,7.63,1
PAY_02572,4740.9,insufficient_funds,54,15,3,0,36.28,1
PAY_02573,10910.26,other,2,11,2,0,7.11,0
PAY_02574,3001.78,other,54,5,0,0,2.09,0
PAY_02575,2323.49,other,50,9,3,0,43.64,0
PAY_02576,3660.36,gateway_timeout,57,8,4,0,1.91,1
PAY_02577,1105.68,mandate_expired,46,9,2,0,14.97,1
PAY_02578,953.63,mandate_expired,28,9,1,0,8.62,1
PAY_02579,8869.29,insufficient_funds,49,11,5,0,17.65,1
PAY_02580,9861.45,gateway_timeout,60,10,2,0,8.07,1
PAY_02581,927.91,insufficient_funds,54,4,4,0,16.78,1
PAY_02582,6581.68,gateway_timeout,48,4,2,0,32.14,1
PAY_02583,2291.78,other,47,12,4,0,11.52,0
PAY_02584,3511.7,card_expired,40,12,2,0,2.06,0
PAY_02585,3961.05,gateway_timeout,54,9,0,0,7.21,1
PAY_02586,6757.42,checkout_abandon,26,6,2,2,2.47,1
PAY_02587,2715.59,insufficient_funds,31,12,0,0,1.5,1
PAY_02588,10241.55,gateway_timeout,51,11,4,0,11.13,1
PAY_02589,3406.56,insufficient_funds,16,10,2,0,5.46,1
PAY_02590,4666.81,mandate_expired,46,7,1,0,5.41,1
PAY_02591,1086.57,mandate_expired,7,6,2,0,12.93,0
PAY_02592,21648.79,card_expired,36,3,1,0,2.2,0
PAY_02593,3999.29,other,3,9,2,0,39.18,0
PAY_02594,5100.24,insufficient_funds,60,11,4,0,14.12,1
PAY_02595,500.63,mandate_expired,51,8,1,0,16.59,0
PAY_02596,1098.11,insufficient_funds,15,5,4,0,13.23,0
PAY_02597,8620.77,gateway_timeout,10,6,5,0,3.28,1
PAY_02598,3330.7,checkout_abandon,39,9,0,2,16.67,1
PAY_02599,368.8,insufficient_funds,55,6,5,0,7.74,1
PAY_02600,7060.96,insufficient_funds,20,5,1,0,17.49,0
PAY_02601,1451.37,gateway_timeout,58,9,4,0,6.25,1
PAY_02602,10253.38,insufficient_funds,28,2,6,0,40.52,1
PAY_02603,2289.78,other,27,10,3,0,12.4,1
PAY_02604,3067.91,gateway_timeout,21,9,3,0,13.05,0
PAY_02605,8127.43,checkout_abandon,17,8,4,5,3.73,1
PAY_02606,1018.98,other,21,12,2,0,9.2,0
PAY_02607,926.3,checkout_abandon,11,6,2,4,15.55,0
PAY_02608,2054.01,gateway_timeout,23,8,2,0,4.74,1
PAY_02609,5717.11,other,18,12,2,0,6.1,0
PAY_02610,660.61,insufficient_funds,4,8,1,0,2.31,1
PAY_02611,471.54,insufficient_funds,22,9,0,0,8.01,1
PAY_02612,5697.41,checkout_abandon,3,9,2,4,30.59,0
PAY_02613,1367.95,gateway_timeout,11,4,2,0,32.83,1
PAY_02614,1688.88,card_expired,44,4,3,0,4.29,0
PAY_02615,390.42,insufficient_funds,2,7,2,0,5.11,0
PAY_02616,1267.84,checkout_abandon,19,12,2,1,23.74,0
PAY_02617,2481.15,mandate_expired,42,11,3,0,17.82,1
PAY_02618,6338.67,other,2,7,2,0,1.52,0
PAY_02619,1156.11,insufficient_funds,45,9,6,0,9.55,1
PAY_02620,13113.82,insufficient_funds,5,5,7,0,6.46,0
PAY_02621,1260.79,other,4,10,4,0,3.6,0
PAY_02622,1262.63,mandate_expired,12,6,2,0,11.25,0
PAY_02623,11630.7,insufficient_funds,52,11,0,0,18.32,1
PAY_02624,3088.7,insufficient_funds,3,3,1,0,2.92,0
PAY_02625,1439.46,card_expired,6,5,3,0,1.87,0
PAY_02626,2140.75,checkout_abandon,57,5,1,2,11.01,0
PAY_02627,9673.25,checkout_abandon,37,7,1,2,31.85,0
PAY_02628,10831.88,other,35,11,1,0,9.47,0
PAY_02629,1104.62,insufficient_funds,3,4,2,0,22.19,1
PAY_02630,2396.13,insufficient_funds,24,9,3,0,34.88,1
PAY_02631,2735.86,checkout_abandon,35,2,3,1,28.11,1
PAY_02632,932.44,other,32,8,0,0,1.69,0
PAY_02633,2364.59,gateway_timeout,32,6,1,0,2.08,1
PAY_02634,2513.34,mandate_expired,7,8,5,0,6.65,1
PAY_02635,7818.56,insufficient_funds,60,4,1,0,10.68,1
PAY_02636,8362.15,insufficient_funds,43,5,4,0,14.18,1
PAY_02637,1798.73,other,15,5,5,0,12.85,0
PAY_02638,2018.47,insufficient_funds,59,12,4,0,0.66,1
PAY_02639,4857.79,insufficient_funds,19,4,1,0,4.25,0
PAY_02640,1392.5,card_expired,8,5,0,0,3.66,0
PAY_02641,4503.84,gateway_timeout,54,8,2,0,21.11,1
PAY_02642,2289.62,gateway_timeout,10,7,3,0,2.94,0
PAY_02643,948.28,card_expired,4,9,2,0,8.91,0
PAY_02644,960.27,insufficient_funds,38,12,1,0,5.02,1
PAY_02645,10626.48,mandate_expired,16,9,2,0,19.3,0
PAY_02646,2138.0,gateway_timeout,10,9,2,0,6.34,1
PAY_02647,12892.49,insufficient_funds,7,5,3,0,14.16,1
PAY_02648,1495.79,mandate_expired,8,14,1,0,27.41,0
PAY_02649,3345.1,gateway_timeout,58,9,4,0,2.91,1
PAY_02650,27356.86,card_expired,41,10,1,0,6.03,0
PAY_02651,868.41,other,51,2,1,0,8.52,0
PAY_02652,374.74,card_expired,38,12,4,0,0.5,1
PAY_02653,9051.05,gateway_timeout,33,5,1,0,8.32,1
PAY_02654,1093.61,insufficient_funds,14,6,2,0,5.77,0
PAY_02655,2448.77,other,59,4,2,0,11.08,0
PAY_02656,1391.49,checkout_abandon,50,9,4,3,2.78,1
PAY_02657,3268.9,mandate_expired,32,5,2,0,8.22,0
PAY_02658,966.33,card_expired,7,6,3,0,3.3,0
PAY_02659,2088.3,gateway_timeout,46,6,3,0,11.74,1
PAY_02660,3920.06,insufficient_funds,20,7,1,0,9.26,1
PAY_02661,912.09,checkout_abandon,13,7,2,2,15.77,0
PAY_02662,1241.36,checkout_abandon,45,6,2,2,4.21,0
PAY_02663,1766.34,gateway_timeout,51,8,3,0,12.01,1
PAY_02664,598.98,checkout_abandon,37,8,2,3,10.84,0
PAY_02665,1638.42,card_expired,5,10,5,0,9.04,0
PAY_02666,2815.35,gateway_timeout,37,6,2,0,5.21,0
PAY_02667,1676.56,insufficient_funds,56,8,3,0,10.61,1
PAY_02668,1905.82,mandate_expired,42,9,0,0,15.29,0
PAY_02669,2450.74,card_expired,16,4,3,0,5.54,1
PAY_02670,1297.64,other,39,7,2,0,24.03,0
PAY_02671,4989.59,insufficient_funds,15,12,1,0,44.01,0
PAY_02672,10509.39,other,53,11,3,0,6.25,0
PAY_02673,1571.31,card_expired,51,17,2,0,6.47,0
PAY_02674,4061.24,mandate_expired,35,9,3,0,30.3,0
PAY_02675,1967.32,gateway_timeout,9,6,5,0,3.29,1
PAY_02676,3603.04,insufficient_funds,25,6,3,0,4.58,0
PAY_02677,11966.01,checkout_abandon,8,5,1,1,3.91,0
PAY_02678,4157.65,gateway_timeout,46,8,2,0,20.09,1
PAY_02679,424.38,gateway_timeout,41,10,3,0,19.77,1
PAY_02680,3936.48,other,16,11,2,0,16.45,0
PAY_02681,8577.6,insufficient_funds,52,10,2,0,5.08,1
PAY_02682,2003.1,other,46,9,1,0,13.94,1
PAY_02683,6766.1,checkout_abandon,57,10,2,4,1.78,0
PAY_02684,1253.8,card_expired,17,4,2,0,19.75,0
PAY_02685,565.95,gateway_timeout,11,7,4,0,22.23,1
PAY_02686,2879.05,mandate_expired,29,9,5,0,3.26,0
PAY_02687,431.63,checkout_abandon,16,7,1,3,0.2,0
PAY_02688,1967.02,other,45,10,3,0,6.98,0
PAY_02689,9053.33,insufficient_funds,26,7,3,0,13.6,1
PAY_02690,370.29,insufficient_funds,38,7,3,0,27.34,1
PAY_02691,695.44,other,11,13,1,0,51.71,0
PAY_02692,890.71,insufficient_funds,6,12,0,0,7.34,1
PAY_02693,2346.61,mandate_expired,57,8,0,0,6.08,0
PAY_02694,1734.25,insufficient_funds,27,10,1,0,15.51,0
PAY_02695,10129.25,insufficient_funds,9,8,4,0,11.18,1
PAY_02696,6492.44,checkout_abandon,49,7,4,1,16.65,0
PAY_02697,4102.37,checkout_abandon,8,12,1,3,0.23,0
PAY_02698,2891.92,checkout_abandon,60,9,1,5,5.9,1
PAY_02699,3704.4,checkout_abandon,24,13,0,1,4.14,0
PAY_02700,1055.81,mandate_expired,29,7,0,0,10.22,0
PAY_02701,5891.44,other,16,7,2,0,22.73,0
PAY_02702,822.21,gateway_timeout,6,10,1,0,4.17,1
PAY_02703,5764.21,gateway_timeout,25,9,4,0,0.15,1
PAY_02704,8186.06,gateway_timeout,22,7,2,0,18.87,1
PAY_02705,3086.86,card_expired,27,5,2,0,2.88,0
PAY_02706,2096.1,gateway_timeout,30,10,3,0,0.59,1
PAY_02707,3730.72,mandate_expired,38,16,3,0,1.1,0
PAY_02708,142.95,gateway_timeout,5,7,5,0,0.75,1
PAY_02709,3382.28,checkout_abandon,22,12,1,2,1.5,1
PAY_02710,2232.09,card_expired,52,4,0,0,5.22,0
PAY_02711,2376.58,checkout_abandon,58,6,3,2,4.79,1
PAY_02712,5067.38,checkout_abandon,33,8,3,5,2.04,1
PAY_02713,2319.89,gateway_timeout,22,7,3,0,4.58,1
PAY_02714,799.38,checkout_abandon,25,10,4,1,2.14,1
PAY_02715,2170.35,gateway_timeout,47,9,1,0,37.6,1
PAY_02716,2674.72,card_expired,24,6,1,0,19.15,0
PAY_02717,2804.5,gateway_timeout,57,5,1,0,23.22,1
PAY_02718,2939.41,insufficient_funds,2,9,1,0,1.88,0
PAY_02719,7068.58,insufficient_funds,37,6,3,0,4.64,1
PAY_02720,843.88,checkout_abandon,32,13,2,2,4.64,0
PAY_02721,2980.2,other,28,8,2,0,1.61,0
PAY_02722,9081.33,gateway_timeout,29,6,2,0,11.2,1
PAY_02723,441.17,gateway_timeout,10,8,1,0,7.84,1
PAY_02724,2991.99,gateway_timeout,21,5,1,0,29.05,0
PAY_02725,1392.24,other,22,8,2,0,0.58,0
PAY_02726,1725.61,card_expired,40,8,6,0,4.29,0
PAY_02727,1011.55,insufficient_funds,36,14,0,0,0.1,0
PAY_02728,2110.11,checkout_abandon,25,7,3,5,15.33,0
PAY_02729,15761.12,card_expired,32,5,2,0,22.83,0
PAY_02730,706.0,card_expired,35,5,1,0,15.88,0
PAY_02731,776.22,checkout_abandon,3,8,1,5,5.47,1
PAY_02732,680.01,mandate_expired,54,5,1,0,42.56,0
PAY_02733,14065.28,checkout_abandon,54,8,1,4,13.59,1
PAY_02734,1574.52,insufficient_funds,22,6,5,0,7.93,0
PAY_02735,2436.72,insufficient_funds,46,5,3,0,6.81,0
PAY_02736,1671.14,gateway_timeout,24,5,0,0,40.71,1
PAY_02737,972.26,insufficient_funds,5,6,2,0,22.41,1
PAY_02738,1976.13,gateway_timeout,52,13,3,0,33.97,0
PAY_02739,29210.68,card_expired,17,8,1,0,0.39,0
PAY_02740,10057.93,card_expired,22,12,4,0,24.39,0
PAY_02741,1065.4,insufficient_funds,35,10,0,0,7.12,0
PAY_02742,4777.25,insufficient_funds,27,9,4,0,5.57,0
PAY_02743,1088.46,mandate_expired,16,11,3,0,9.12,1
PAY_02744,423.13,checkout_abandon,49,3,1,5,0.1,1
PAY_02745,6929.6,insufficient_funds,22,5,4,0,17.95,1
PAY_02746,7975.57,card_expired,36,1,1,0,30.29,1
PAY_02747,7115.98,insufficient_funds,40,8,4,0,21.19,1
PAY_02748,1562.72,insufficient_funds,57,10,2,0,2.14,0
PAY_02749,2115.97,mandate_expired,29,9,4,0,24.16,0
PAY_02750,5291.26,checkout_abandon,29,9,1,1,2.52,0
PAY_02751,3697.98,gateway_timeout,55,8,3,0,3.59,1
PAY_02752,1686.5,mandate_expired,29,11,0,0,7.47,0
PAY_02753,495.21,other,18,14,2,0,10.75,0
PAY_02754,2801.53,insufficient_funds,3,9,2,0,6.74,1
PAY_02755,7354.41,checkout_abandon,20,8,3,2,7.56,0
PAY_02756,754.8,insufficient_funds,12,3,2,0,5.37,1
PAY_02757,4735.32,checkout_abandon,19,6,2,5,16.42,1
PAY_02758,3482.79,gateway_timeout,33,5,1,0,1.44,0
PAY_02759,5293.28,gateway_timeout,32,4,1,0,1.71,0
PAY_02760,5979.08,insufficient_funds,12,8,0,0,26.77,1
PAY_02761,1248.35,card_expired,28,10,2,0,8.25,0
PAY_02762,496.25,gateway_timeout,28,9,3,0,5.75,1
PAY_02763,1466.34,other,3,7,2,0,4.0,0
PAY_02764,6082.51,gateway_timeout,17,8,2,0,2.08,1
PAY_02765,1453.95,card_expired,44,11,2,0,1.84,0
PAY_02766,1248.88,checkout_abandon,2,13,1,3,13.09,0
PAY_02767,404.52,gateway_timeout,19,9,4,0,4.91,0
PAY_02768,14424.65,mandate_expired,29,7,0,0,1.47,0
PAY_02769,5708.77,card_expired,10,5,2,0,23.1,0
PAY_02770,5398.85,checkout_abandon,39,6,2,5,9.27,0
PAY_02771,6579.88,gateway_timeout,43,8,5,0,2.44,1
PAY_02772,4450.42,checkout_abandon,21,10,2,5,4.11,1
PAY_02773,1958.08,checkout_abandon,14,11,3,3,10.75,1
PAY_02774,2122.36,gateway_timeout,47,6,4,0,0.84,1
PAY_02775,1630.24,card_expired,13,8,1,0,12.29,0
PAY_02776,34849.25,gateway_timeout,9,9,0,0,1.48,1
PAY_02777,4358.83,checkout_abandon,2,6,6,2,18.53,0
PAY_02778,1572.22,checkout_abandon,6,5,1,1,18.26,1
PAY_02779,3982.01,other,53,8,2,0,22.38,0
PAY_02780,909.76,gateway_timeout,57,9,2,0,24.3,1
PAY_02781,11254.83,insufficient_funds,33,12,1,0,3.22,1
PAY_02782,1290.75,insufficient_funds,56,10,3,0,36.59,0
PAY_02783,4126.28,mandate_expired,43,11,2,0,7.71,0
PAY_02784,7259.19,gateway_timeout,25,5,4,0,18.64,0
PAY_02785,3673.19,gateway_timeout,43,4,2,0,45.74,1
PAY_02786,2747.69,insufficient_funds,26,12,1,0,18.05,1
PAY_02787,2527.15,other,58,6,0,0,0.92,0
PAY_02788,2362.81,gateway_timeout,52,9,2,0,3.61,1
PAY_02789,1404.37,checkout_abandon,51,10,4,3,22.87,1
PAY_02790,1594.89,insufficient_funds,32,12,2,0,1.81,1
PAY_02791,10977.87,insufficient_funds,32,3,1,0,5.95,1
PAY_02792,2242.87,insufficient_funds,8,13,0,0,4.58,0
PAY_02793,1139.39,gateway_timeout,40,13,0,0,3.58,1
PAY_02794,1491.81,checkout_abandon,7,4,2,5,22.17,0
PAY_02795,7513.2,insufficient_funds,33,5,1,0,20.83,1
PAY_02796,4913.06,gateway_timeout,8,7,3,0,28.63,1
PAY_02797,4378.12,insufficient_funds,29,10,2,0,0.57,1
PAY_02798,1932.41,gateway_timeout,47,9,3,0,1.05,1
PAY_02799,4435.56,insufficient_funds,19,11,6,0,9.01,0
PAY_02800,1313.55,insufficient_funds,37,0,4,0,7.98,1
PAY_02801,1928.37,insufficient_funds,16,3,2,0,20.51,1
PAY_02802,6593.57,mandate_expired,18,10,1,0,26.18,1
PAY_02803,5992.86,other,11,7,1,0,6.76,0
PAY_02804,936.49,checkout_abandon,10,2,2,5,36.05,1
PAY_02805,1062.65,insufficient_funds,23,7,3,0,2.58,0
PAY_02806,2787.08,other,8,8,3,0,8.16,0
PAY_02807,14047.2,other,54,4,1,0,8.85,0
PAY_02808,368.15,checkout_abandon,45,5,1,1,25.21,0
PAY_02809,3302.31,insufficient_funds,14,5,4,0,22.2,1
PAY_02810,631.44,mandate_expired,54,7,1,0,11.41,1
PAY_02811,1325.73,other,22,3,4,0,37.68,0
PAY_02812,1736.48,card_expired,32,5,2,0,6.34,1
PAY_02813,1641.78,checkout_abandon,42,9,3,4,5.54,0
PAY_02814,1465.94,checkout_abandon,47,7,2,1,0.43,0
PAY_02815,2518.08,other,1,13,3,0,5.51,0
PAY_02816,1463.8,insufficient_funds,17,7,1,0,47.15,1
PAY_02817,579.17,insufficient_funds,21,12,3,0,10.61,0
PAY_02818,5452.97,card_expired,36,12,0,0,12.21,1
PAY_02819,5307.72,insufficient_funds,53,12,3,0,2.41,1
PAY_02820,5809.33,gateway_timeout,27,2,1,0,2.6,1
PAY_02821,535.56,gateway_timeout,28,15,1,0,16.93,1
PAY_02822,3371.0,insufficient_funds,6,8,2,0,5.21,0
PAY_02823,4914.89,insufficient_funds,32,8,1,0,8.33,0
PAY_02824,891.45,checkout_abandon,30,13,2,3,7.11,0
PAY_02825,2523.04,gateway_timeout,39,10,1,0,25.87,1
PAY_02826,2225.59,checkout_abandon,51,9,1,5,8.97,0
PAY_02827,15775.24,gateway_timeout,35,7,0,0,7.89,1
PAY_02828,17129.24,other,4,4,2,0,30.61,0
PAY_02829,473.28,checkout_abandon,50,6,2,5,27.22,1
PAY_02830,30271.83,other,29,12,1,0,2.08,0
PAY_02831,1001.07,gateway_timeout,30,5,0,0,18.63,1
PAY_02832,6665.63,insufficient_funds,53,7,3,0,30.11,1
PAY_02833,6598.15,card_expired,36,6,3,0,12.91,1
PAY_02834,923.67,card_expired,48,6,2,0,16.33,1
PAY_02835,4094.15,insufficient_funds,53,6,0,0,0.78,1
PAY_02836,2245.12,checkout_abandon,30,14,0,3,8.54,1
PAY_02837,4351.94,mandate_expired,59,10,3,0,0.73,0
PAY_02838,3148.62,insufficient_funds,11,10,1,0,1.77,0
PAY_02839,8269.96,checkout_abandon,53,7,5,2,29.02,0
PAY_02840,2695.79,insufficient_funds,51,9,2,0,2.42,0
PAY_02841,2113.65,insufficient_funds,6,7,3,0,5.42,1
PAY_02842,7480.91,card_expired,10,10,4,0,14.19,0
PAY_02843,4466.86,checkout_abandon,3,6,3,2,0.1,0
PAY_02844,5197.12,card_expired,17,6,3,0,11.71,0
PAY_02845,1286.22,mandate_expired,60,8,2,0,5.72,1
PAY_02846,879.0,other,8,7,2,0,16.42,0
PAY_02847,1417.04,gateway_timeout,3,2,0,0,7.81,1
PAY_02848,1343.76,gateway_timeout,28,8,5,0,8.41,1
PAY_02849,5487.59,gateway_timeout,22,8,2,0,15.56,1
PAY_02850,6634.44,checkout_abandon,38,11,1,3,6.9,0
PAY_02851,2140.76,checkout_abandon,37,4,3,2,20.04,0
PAY_02852,10456.35,mandate_expired,50,6,2,0,3.57,1
PAY_02853,9823.33,gateway_timeout,25,4,2,0,2.87,1
PAY_02854,3188.94,insufficient_funds,28,6,4,0,13.98,1
PAY_02855,1099.0,card_expired,2,9,1,0,6.22,0
PAY_02856,12081.4,card_expired,59,11,2,0,0.91,0
PAY_02857,2352.02,gateway_timeout,13,9,3,0,0.31,1
PAY_02858,2836.17,mandate_expired,36,6,1,0,0.99,0
PAY_02859,1780.13,checkout_abandon,53,5,3,3,4.8,1
PAY_02860,1026.85,card_expired,37,10,2,0,17.32,0
PAY_02861,575.6,gateway_timeout,38,4,2,0,30.48,1
PAY_02862,4707.51,checkout_abandon,11,13,1,2,6.4,0
PAY_02863,1142.12,insufficient_funds,43,5,4,0,1.33,0
PAY_02864,53293.9,insufficient_funds,12,8,1,0,9.43,1
PAY_02865,843.85,card_expired,42,9,1,0,0.17,0
PAY_02866,710.99,gateway_timeout,35,11,1,0,3.66,1
PAY_02867,4163.81,insufficient_funds,30,11,1,0,30.35,0
PAY_02868,11537.52,insufficient_funds,44,7,1,0,5.69,0
PAY_02869,2666.8,gateway_timeout,44,14,2,0,5.0,1
PAY_02870,4430.59,mandate_expired,13,11,3,0,3.29,1
PAY_02871,395.64,gateway_timeout,23,8,2,0,8.81,1
PAY_02872,1269.7,mandate_expired,30,4,1,0,10.24,0
PAY_02873,854.43,card_expired,10,7,2,0,37.93,0
PAY_02874,375.78,gateway_timeout,22,11,1,0,4.84,0
PAY_02875,2810.24,card_expired,3,4,3,0,0.93,0
PAY_02876,265.39,insufficient_funds,27,8,4,0,7.4,1
PAY_02877,666.37,gateway_timeout,13,11,0,0,19.16,1
PAY_02878,1460.96,insufficient_funds,14,8,3,0,16.11,0
PAY_02879,1088.72,insufficient_funds,50,14,6,0,1.72,1
PAY_02880,3716.19,insufficient_funds,9,10,2,0,26.59,1
PAY_02881,3393.53,insufficient_funds,8,6,2,0,10.23,0
PAY_02882,6110.99,card_expired,20,11,0,0,21.45,0
PAY_02883,5305.13,checkout_abandon,2,10,1,5,4.93,1
PAY_02884,7823.28,other,53,6,1,0,16.64,0
PAY_02885,2495.21,checkout_abandon,60,8,1,4,20.31,1
PAY_02886,3386.37,checkout_abandon,49,9,0,1,21.08,0
PAY_02887,4169.53,insufficient_funds,48,6,2,0,7.59,0
PAY_02888,2880.45,checkout_abandon,7,9,2,4,10.83,0
PAY_02889,1680.51,gateway_timeout,34,9,0,0,3.58,1
PAY_02890,1792.92,other,6,4,3,0,34.48,0
PAY_02891,1103.77,other,19,6,2,0,2.23,0
PAY_02892,3811.06,insufficient_funds,30,7,0,0,0.12,1
PAY_02893,2275.67,checkout_abandon,41,5,5,2,8.02,0
PAY_02894,1288.03,mandate_expired,17,8,4,0,20.36,1
PAY_02895,1289.23,checkout_abandon,16,12,3,3,2.43,1
PAY_02896,745.2,insufficient_funds,50,5,0,0,0.17,0
PAY_02897,6653.43,mandate_expired,14,5,1,0,8.11,0
PAY_02898,2704.48,card_expired,30,8,0,0,23.64,1
PAY_02899,1054.95,gateway_timeout,18,12,1,0,0.78,1
PAY_02900,5611.61,checkout_abandon,52,8,1,1,36.15,0
PAY_02901,1427.38,insufficient_funds,33,9,4,0,10.32,1
PAY_02902,612.5,other,7,10,2,0,4.96,0
PAY_02903,6941.47,insufficient_funds,9,4,2,0,31.7,1
PAY_02904,1461.11,insufficient_funds,59,5,2,0,72.0,1
PAY_02905,1660.95,gateway_timeout,57,4,3,0,30.83,0
PAY_02906,2605.1,card_expired,47,6,2,0,11.37,1
PAY_02907,7837.19,mandate_expired,5,11,4,0,5.81,1
PAY_02908,2550.6,insufficient_funds,44,6,0,0,48.85,1
PAY_02909,753.65,insufficient_funds,40,9,0,0,8.16,1
PAY_02910,4306.68,card_expired,57,10,3,0,5.05,0
PAY_02911,1539.26,gateway_timeout,30,6,3,0,10.05,1
PAY_02912,16514.1,insufficient_funds,29,8,0,0,17.53,1
PAY_02913,2497.2,other,38,9,3,0,3.53,0
PAY_02914,267.47,insufficient_funds,9,5,2,0,45.28,0
PAY_02915,3573.89,checkout_abandon,45,6,2,3,35.12,0
PAY_02916,17477.05,insufficient_funds,30,5,4,0,13.68,0
PAY_02917,12087.97,mandate_expired,12,5,2,0,22.54,0
PAY_02918,15599.6,card_expired,49,8,2,0,13.86,0
PAY_02919,901.7,gateway_timeout,16,10,1,0,35.48,0
PAY_02920,6224.19,mandate_expired,52,7,1,0,2.16,1
PAY_02921,1214.46,other,17,9,4,0,7.74,0
PAY_02922,3128.58,card_expired,30,7,2,0,14.48,1
PAY_02923,700.01,gateway_timeout,27,6,4,0,2.83,1
PAY_02924,1312.37,gateway_timeout,44,10,2,0,0.33,1
PAY_02925,1271.31,other,12,10,1,0,5.03,0
PAY_02926,6140.13,insufficient_funds,15,6,4,0,11.95,1
PAY_02927,5567.85,insufficient_funds,12,9,2,0,20.37,0
PAY_02928,3297.32,insufficient_funds,14,10,2,0,8.46,1
PAY_02929,647.83,card_expired,28,6,2,0,7.96,0
PAY_02930,1830.61,insufficient_funds,36,5,3,0,0.2,0
PAY_02931,1185.51,gateway_timeout,52,3,0,0,6.32,1
PAY_02932,5965.34,checkout_abandon,26,7,1,1,3.99,0
PAY_02933,8121.18,insufficient_funds,25,9,2,0,3.84,1
PAY_02934,7189.89,gateway_timeout,10,10,3,0,14.3,0
PAY_02935,1174.77,checkout_abandon,6,6,5,1,7.52,0
PAY_02936,161.5,insufficient_funds,46,6,3,0,7.31,1
PAY_02937,427.13,other,38,6,3,0,15.96,0
PAY_02938,10359.64,insufficient_funds,32,8,2,0,10.43,1
PAY_02939,1673.7,card_expired,27,11,4,0,9.41,0
PAY_02940,1180.06,checkout_abandon,32,14,0,2,9.79,1
PAY_02941,12922.26,insufficient_funds,51,13,4,0,8.6,1
PAY_02942,8859.15,insufficient_funds,12,11,1,0,14.31,1
PAY_02943,2561.88,checkout_abandon,30,6,2,5,2.18,1
PAY_02944,1864.3,gateway_timeout,15,11,2,0,15.43,1
PAY_02945,2190.63,insufficient_funds,7,7,2,0,7.59,1
PAY_02946,3137.59,other,42,6,1,0,5.16,0
PAY_02947,12383.17,checkout_abandon,43,15,1,5,11.38,1
PAY_02948,3814.3,other,52,8,2,0,3.28,1
PAY_02949,5167.14,insufficient_funds,2,4,1,0,0.42,0
PAY_02950,8049.1,insufficient_funds,11,9,2,0,1.71,0
PAY_02951,776.17,checkout_abandon,35,9,2,4,21.59,1
PAY_02952,5318.29,gateway_timeout,49,12,0,0,8.72,1
PAY_02953,1862.13,insufficient_funds,57,14,1,0,12.66,1
PAY_02954,201.94,insufficient_funds,48,7,1,0,58.31,0
PAY_02955,297.64,insufficient_funds,55,9,2,0,37.99,0
PAY_02956,903.19,card_expired,49,9,0,0,6.14,0
PAY_02957,4252.53,gateway_timeout,19,9,0,0,10.43,1
PAY_02958,2801.32,other,35,16,2,0,2.74,0
PAY_02959,3006.14,insufficient_funds,39,11,3,0,10.84,1
PAY_02960,17588.31,gateway_timeout,22,11,3,0,19.2,0
PAY_02961,702.72,gateway_timeout,54,15,3,0,1.63,1
PAY_02962,2432.35,checkout_abandon,47,9,1,5,6.91,1
PAY_02963,3389.65,other,32,6,0,0,4.51,0
PAY_02964,1197.24,card_expired,29,8,2,0,7.37,0
PAY_02965,2571.83,insufficient_funds,48,11,1,0,7.29,1
PAY_02966,504.77,gateway_timeout,14,11,3,0,19.92,1
PAY_02967,10238.93,card_expired,14,10,2,0,18.11,1
PAY_02968,1264.5,insufficient_funds,25,10,1,0,14.77,0
PAY_02969,19061.89,checkout_abandon,8,7,3,1,0.11,1
PAY_02970,2420.12,gateway_timeout,28,6,1,0,1.94,1
PAY_02971,6989.05,gateway_timeout,26,4,3,0,16.51,0
PAY_02972,2370.23,gateway_timeout,31,6,1,0,10.71,1
PAY_02973,2424.31,gateway_timeout,28,7,5,0,0.1,1
PAY_02974,1394.12,other,54,3,5,0,16.82,0
PAY_02975,2816.27,checkout_abandon,17,6,0,5,31.15,0
PAY_02976,3435.94,other,25,17,1,0,14.14,0
PAY_02977,1141.15,mandate_expired,45,7,2,0,42.5,0
PAY_02978,2206.14,gateway_timeout,18,4,1,0,3.28,1
PAY_02979,1358.24,checkout_abandon,40,9,3,5,11.66,0
PAY_02980,24927.08,gateway_timeout,58,11,1,0,20.79,1
PAY_02981,2285.44,card_expired,23,12,2,0,18.32,0
PAY_02982,11722.65,insufficient_funds,15,9,2,0,8.15,0
PAY_02983,2055.81,other,12,7,4,0,16.11,0
PAY_02984,3240.02,checkout_abandon,1,10,3,2,27.42,0
PAY_02985,666.93,checkout_abandon,18,11,2,3,1.11,1
PAY_02986,1598.74,checkout_abandon,51,6,3,2,14.11,0
PAY_02987,3085.84,checkout_abandon,16,8,2,3,3.58,1
PAY_02988,12210.48,mandate_expired,58,7,0,0,17.24,1
PAY_02989,3121.37,mandate_expired,58,9,2,0,12.02,0
PAY_02990,9974.29,insufficient_funds,41,8,1,0,5.1,1
PAY_02991,4744.66,checkout_abandon,59,4,1,2,0.41,0
PAY_02992,12726.57,gateway_timeout,25,2,0,0,15.23,1
PAY_02993,2356.67,mandate_expired,58,5,3,0,5.87,1
PAY_02994,27289.81,checkout_abandon,33,4,1,4,0.73,1
PAY_02995,1538.63,insufficient_funds,5,4,2,0,0.61,0
PAY_02996,1161.64,mandate_expired,50,11,1,0,10.78,1
PAY_02997,745.45,checkout_abandon,58,15,1,4,10.84,0
PAY_02998,25721.2,checkout_abandon,54,14,0,1,17.01,1
PAY_02999,5673.11,mandate_expired,26,7,2,0,3.74,0
PAY_03000,1789.92,mandate_expired,7,7,1,0,12.95,1
PAY_03001,8717.33,mandate_expired,36,10,2,0,34.14,0
PAY_03002,4972.8,insufficient_funds,53,8,1,0,3.16,0
PAY_03003,17857.4,insufficient_funds,51,11,3,0,16.85,0
PAY_03004,531.77,mandate_expired,38,6,1,0,2.15,0
PAY_03005,1917.32,insufficient_funds,48,3,3,0,68.97,1
PAY_03006,1574.23,insufficient_funds,2,10,1,0,4.63,1
PAY_03007,347.36,insufficient_funds,38,9,3,0,0.6,1
PAY_03008,7218.29,gateway_timeout,7,13,3,0,2.47,0
PAY_03009,1907.69,other,45,11,0,0,9.99,0
PAY_03010,5237.91,insufficient_funds,3,6,6,0,6.84,1
PAY_03011,26471.34,gateway_timeout,36,8,1,0,11.19,1
PAY_03012,1756.02,other,57,6,0,0,8.6,1
PAY_03013,1640.72,other,7,6,2,0,15.98,1
PAY_03014,2814.98,insufficient_funds,26,12,4,0,5.87,1
PAY_03015,6709.59,other,3,11,3,0,1.13,1
PAY_03016,1418.47,insufficient_funds,43,8,2,0,1.26,1
PAY_03017,1330.2,card_expired,56,10,2,0,39.22,0
PAY_03018,7195.67,insufficient_funds,1,7,5,0,4.94,0
PAY_03019,3650.74,gateway_timeout,33,8,4,0,51.78,1
PAY_03020,323.54,insufficient_funds,48,13,2,0,10.72,1
PAY_03021,734.11,mandate_expired,2,8,2,0,4.24,0
PAY_03022,11218.08,insufficient_funds,29,8,0,0,12.35,1
PAY_03023,3736.76,checkout_abandon,8,7,0,4,5.35,0
PAY_03024,1166.6,mandate_expired,56,5,2,0,10.42,0
PAY_03025,2108.3,insufficient_funds,31,4,4,0,1.33,1
PAY_03026,2533.31,other,32,12,0,0,17.52,0
PAY_03027,5217.53,gateway_timeout,60,7,3,0,4.34,1
PAY_03028,642.77,insufficient_funds,48,11,5,0,7.02,0
PAY_03029,1078.25,insufficient_funds,19,7,3,0,27.65,1
PAY_03030,3284.61,gateway_timeout,38,15,3,0,10.18,1
PAY_03031,2262.47,insufficient_funds,18,8,5,0,34.21,0
PAY_03032,4428.89,checkout_abandon,32,9,1,1,5.74,1
PAY_03033,731.09,mandate_expired,49,9,0,0,0.85,0
PAY_03034,3573.05,gateway_timeout,57,8,2,0,20.64,0
PAY_03035,7447.47,gateway_timeout,58,7,3,0,15.6,1
PAY_03036,4067.83,card_expired,30,6,1,0,7.76,0
PAY_03037,2873.13,gateway_timeout,54,8,2,0,1.54,1
PAY_03038,2271.42,checkout_abandon,54,8,4,2,14.59,0
PAY_03039,1084.85,other,33,5,2,0,0.1,0
PAY_03040,2326.33,insufficient_funds,3,10,2,0,22.16,1
PAY_03041,8810.96,checkout_abandon,8,8,0,4,18.58,0
PAY_03042,2219.46,other,40,10,3,0,12.93,0
PAY_03043,1026.84,checkout_abandon,50,14,2,4,7.96,1
PAY_03044,1528.13,other,55,5,2,0,7.04,0
PAY_03045,3056.1,gateway_timeout,15,10,4,0,5.63,1
PAY_03046,1720.78,checkout_abandon,54,10,1,3,1.01,0
PAY_03047,4061.67,gateway_timeout,50,12,2,0,25.34,1
PAY_03048,4217.04,insufficient_funds,30,9,2,0,11.61,0
PAY_03049,6081.64,other,23,8,1,0,1.0,0
PAY_03050,10379.68,insufficient_funds,29,3,3,0,20.5,0
PAY_03051,6767.62,other,41,5,0,0,54.68,0
PAY_03052,982.21,mandate_expired,49,6,3,0,11.13,1
PAY_03053,1012.84,other,11,9,3,0,10.32,0
PAY_03054,2317.57,other,21,8,2,0,1.92,0
PAY_03055,1592.2,checkout_abandon,8,8,0,4,19.61,0
PAY_03056,800.89,other,57,8,2,0,7.39,0
PAY_03057,1607.37,card_expired,25,8,0,0,2.19,0
PAY_03058,1555.47,checkout_abandon,16,3,2,3,21.47,0
PAY_03059,1276.91,mandate_expired,13,9,1,0,17.63,1
PAY_03060,1823.03,insufficient_funds,5,11,1,0,1.19,1
PAY_03061,8123.34,insufficient_funds,29,4,1,0,32.27,0
PAY_03062,3051.18,gateway_timeout,47,8,5,0,5.22,0
PAY_03063,29609.63,gateway_timeout,20,6,0,0,3.05,0
PAY_03064,2964.77,insufficient_funds,25,3,3,0,1.55,1
PAY_03065,1870.54,checkout_abandon,39,3,1,1,2.96,0
PAY_03066,2510.35,mandate_expired,22,3,3,0,1.9,0
PAY_03067,3230.97,mandate_expired,45,9,1,0,9.51,1
PAY_03068,3863.39,other,20,4,2,0,15.24,0
PAY_03069,19945.47,other,27,10,3,0,0.92,0
PAY_03070,1073.55,other,59,14,2,0,3.35,0
PAY_03071,5902.27,checkout_abandon,51,5,3,3,20.61,1
PAY_03072,3077.27,insufficient_funds,35,9,2,0,1.42,1
PAY_03073,519.54,other,24,10,4,0,9.33,0
PAY_03074,5403.19,insufficient_funds,60,6,1,0,17.74,1
PAY_03075,8881.0,insufficient_funds,28,6,1,0,28.93,0
PAY_03076,1060.9,gateway_timeout,21,7,2,0,21.01,1
PAY_03077,2477.76,checkout_abandon,36,9,2,1,3.67,0
PAY_03078,445.27,mandate_expired,25,3,2,0,28.83,1
PAY_03079,709.98,insufficient_funds,54,9,0,0,24.26,1
PAY_03080,7130.06,card_expired,13,8,4,0,4.95,0
PAY_03081,1568.11,insufficient_funds,4,7,2,0,12.39,0
PAY_03082,824.88,gateway_timeout,26,10,0,0,15.38,1
PAY_03083,3144.8,gateway_timeout,57,12,1,0,29.02,1
PAY_03084,1482.72,gateway_timeout,4,9,1,0,2.67,1
PAY_03085,1561.22,card_expired,49,11,0,0,17.89,1
PAY_03086,5236.31,insufficient_funds,1,7,4,0,12.93,1
PAY_03087,782.36,insufficient_funds,34,12,2,0,19.87,1
PAY_03088,1010.99,insufficient_funds,28,9,1,0,1.84,0
PAY_03089,2916.46,card_expired,10,10,1,0,27.94,1
PAY_03090,6590.97,other,45,7,6,0,19.88,0
PAY_03091,8623.16,mandate_expired,11,7,2,0,8.97,1
PAY_03092,1285.6,checkout_abandon,27,8,2,4,2.88,0
PAY_03093,6383.19,other,34,5,4,0,8.02,0
PAY_03094,1141.28,gateway_timeout,32,4,3,0,2.41,0
PAY_03095,15525.75,insufficient_funds,2,13,1,0,18.05,0
PAY_03096,804.54,checkout_abandon,27,10,2,3,3.84,1
PAY_03097,9438.24,gateway_timeout,40,3,5,0,1.21,0
PAY_03098,1296.68,checkout_abandon,32,11,1,3,22.13,1
PAY_03099,18718.97,checkout_abandon,44,9,4,5,10.37,1
PAY_03100,4515.93,gateway_timeout,47,6,1,0,8.54,1
PAY_03101,905.09,checkout_abandon,11,6,2,3,10.39,0
PAY_03102,1482.98,gateway_timeout,49,4,2,0,18.1,0
PAY_03103,5460.13,insufficient_funds,54,9,4,0,15.04,1
PAY_03104,7163.04,card_expired,51,3,3,0,18.79,0
PAY_03105,2329.32,mandate_expired,52,8,3,0,2.09,1
PAY_03106,2614.18,insufficient_funds,13,9,1,0,0.32,0
PAY_03107,5336.89,insufficient_funds,40,4,0,0,11.23,0
PAY_03108,2852.2,insufficient_funds,28,10,0,0,1.65,0
PAY_03109,685.77,insufficient_funds,60,7,1,0,28.38,1
PAY_03110,1108.84,insufficient_funds,50,8,4,0,20.19,1
PAY_03111,3162.65,insufficient_funds,10,7,3,0,2.42,0
PAY_03112,8429.8,card_expired,57,10,3,0,1.76,0
PAY_03113,12582.07,card_expired,42,1,5,0,0.55,0
PAY_03114,5451.11,card_expired,33,4,4,0,4.64,0
PAY_03115,3332.03,checkout_abandon,27,5,3,1,0.15,0
PAY_03116,5286.23,mandate_expired,30,6,0,0,10.81,0
PAY_03117,1283.43,mandate_expired,47,5,2,0,2.08,1
PAY_03118,2144.83,other,46,5,2,0,7.98,0
PAY_03119,1096.54,mandate_expired,34,16,1,0,7.5,1
PAY_03120,717.16,mandate_expired,60,6,3,0,10.13,0
PAY_03121,3489.78,card_expired,14,8,2,0,24.79,0
PAY_03122,3009.59,checkout_abandon,26,10,2,3,0.7,0
PAY_03123,4972.6,insufficient_funds,36,7,1,0,2.34,0
PAY_03124,4316.32,insufficient_funds,10,1,1,0,6.2,0
PAY_03125,3186.54,gateway_timeout,30,5,2,0,15.37,0
PAY_03126,4361.9,insufficient_funds,51,4,1,0,8.36,1
PAY_03127,2395.54,insufficient_funds,41,8,2,0,11.09,1
PAY_03128,3777.95,insufficient_funds,43,11,3,0,19.86,0
PAY_03129,1209.43,gateway_timeout,10,6,0,0,11.88,1
PAY_03130,3618.27,other,9,9,1,0,1.18,0
PAY_03131,4877.87,gateway_timeout,27,11,1,0,1.39,1
PAY_03132,1279.68,insufficient_funds,20,9,3,0,13.7,0
PAY_03133,2633.0,gateway_timeout,1,6,0,0,1.48,1
PAY_03134,1340.02,gateway_timeout,34,11,3,0,15.39,1
PAY_03135,1476.66,mandate_expired,46,8,0,0,4.68,0
PAY_03136,811.69,mandate_expired,44,10,1,0,41.04,0
PAY_03137,8864.6,insufficient_funds,7,12,1,0,14.17,0
PAY_03138,7257.07,checkout_abandon,47,9,3,2,8.16,1
PAY_03139,4279.02,insufficient_funds,23,14,6,0,10.03,1
PAY_03140,17966.1,mandate_expired,10,5,3,0,5.33,0
PAY_03141,2068.96,other,29,14,1,0,8.73,0
PAY_03142,51834.35,other,14,9,2,0,15.43,0
PAY_03143,1991.25,insufficient_funds,41,12,0,0,1.45,0
PAY_03144,3226.78,mandate_expired,45,6,2,0,19.79,1
PAY_03145,1679.53,card_expired,44,6,2,0,3.35,0
PAY_03146,3627.76,card_expired,7,10,2,0,33.33,0
PAY_03147,5765.58,gateway_timeout,21,11,1,0,2.4,1
PAY_03148,2230.83,checkout_abandon,30,6,7,3,2.78,1
PAY_03149,14776.09,insufficient_funds,60,5,2,0,6.42,0
PAY_03150,3175.42,insufficient_funds,33,8,0,0,1.54,0
PAY_03151,3276.5,mandate_expired,40,6,2,0,9.94,0
PAY_03152,1007.32,gateway_timeout,21,10,4,0,0.29,1
PAY_03153,3799.2,insufficient_funds,18,9,2,0,13.42,1
PAY_03154,2186.42,card_expired,48,3,2,0,18.42,0
PAY_03155,1360.77,checkout_abandon,51,9,5,2,23.06,0
PAY_03156,1150.06,other,4,11,2,0,7.74,0
PAY_03157,36163.64,card_expired,33,9,1,0,19.6,0
PAY_03158,1920.94,card_expired,47,5,2,0,12.1,0
PAY_03159,582.34,card_expired,10,5,2,0,1.21,0
PAY_03160,1243.67,insufficient_funds,39,7,3,0,1.13,0
PAY_03161,2374.35,insufficient_funds,29,3,5,0,6.33,1
PAY_03162,4318.71,other,31,9,1,0,5.0,0
PAY_03163,4353.97,insufficient_funds,36,12,2,0,0.25,1
PAY_03164,4918.02,gateway_timeout,53,8,0,0,4.42,1
PAY_03165,1311.84,checkout_abandon,6,13,3,2,1.58,0
PAY_03166,3513.92,insufficient_funds,13,8,0,0,12.62,1
PAY_03167,1041.05,insufficient_funds,21,7,1,0,24.68,0
PAY_03168,1345.34,checkout_abandon,49,7,1,2,39.43,0
PAY_03169,998.58,gateway_timeout,36,8,2,0,19.72,1
PAY_03170,761.78,mandate_expired,12,14,3,0,4.06,1
PAY_03171,7246.37,insufficient_funds,2,9,2,0,47.86,1
PAY_03172,4977.37,checkout_abandon,60,5,3,3,24.68,0
PAY_03173,6638.97,insufficient_funds,9,7,1,0,4.33,1
PAY_03174,2600.24,checkout_abandon,2,4,1,1,20.38,1
PAY_03175,5436.3,insufficient_funds,25,10,1,0,0.15,1
PAY_03176,429.56,insufficient_funds,34,3,3,0,17.32,1
PAY_03177,5926.17,card_expired,16,8,5,0,18.19,0
PAY_03178,2984.44,insufficient_funds,11,9,2,0,16.72,1
PAY_03179,4680.48,mandate_expired,6,4,1,0,6.19,0
PAY_03180,3655.8,gateway_timeout,25,10,1,0,53.28,1
PAY_03181,931.68,insufficient_funds,58,8,4,0,6.42,1
PAY_03182,558.92,gateway_timeout,9,10,2,0,27.21,0
PAY_03183,1226.59,other,35,5,2,0,2.64,0
PAY_03184,4398.26,gateway_timeout,12,12,1,0,56.29,0
PAY_03185,4984.74,insufficient_funds,41,8,3,0,10.36,1
PAY_03186,636.58,checkout_abandon,4,9,1,1,9.88,0
PAY_03187,937.25,gateway_timeout,13,9,4,0,27.48,1
PAY_03188,1212.95,card_expired,1,9,2,0,5.54,1
PAY_03189,1748.9,other,39,4,1,0,25.44,0
PAY_03190,640.34,checkout_abandon,44,4,2,4,0.65,0
PAY_03191,603.05,checkout_abandon,11,5,1,2,10.54,0
PAY_03192,1099.06,gateway_timeout,28,7,2,0,3.99,1
PAY_03193,2725.21,other,18,8,1,0,1.81,0
PAY_03194,767.74,checkout_abandon,3,6,1,3,2.97,0
PAY_03195,2226.63,insufficient_funds,3,8,2,0,8.93,1
PAY_03196,7205.49,other,57,6,3,0,2.92,0
PAY_03197,680.12,other,39,9,4,0,1.37,0
PAY_03198,2033.68,gateway_timeout,40,4,3,0,12.67,1
PAY_03199,6966.04,gateway_timeout,18,6,1,0,16.78,0
PAY_03200,1645.46,mandate_expired,16,6,2,0,9.22,1
PAY_03201,1408.63,card_expired,48,9,2,0,2.43,0
PAY_03202,8002.76,checkout_abandon,27,4,3,4,23.97,0
PAY_03203,1840.59,gateway_timeout,7,9,3,0,33.82,1
PAY_03204,7544.25,gateway_timeout,30,8,2,0,1.26,0
PAY_03205,3839.17,gateway_timeout,32,5,4,0,5.18,1
PAY_03206,1774.37,insufficient_funds,35,3,1,0,3.74,1
PAY_03207,4038.94,card_expired,33,6,2,0,8.54,0
PAY_03208,3444.37,insufficient_funds,52,4,4,0,9.61,1
PAY_03209,6939.11,gateway_timeout,15,13,3,0,28.87,1
PAY_03210,1444.76,card_expired,36,6,3,0,9.73,0
PAY_03211,2605.17,gateway_timeout,54,8,1,0,48.55,1
PAY_03212,2350.85,gateway_timeout,59,6,4,0,10.94,1
PAY_03213,5055.31,other,58,3,1,0,1.68,0
PAY_03214,896.83,insufficient_funds,44,8,0,0,14.78,1
PAY_03215,6912.06,other,7,6,4,0,13.63,0
PAY_03216,3985.33,insufficient_funds,60,1,5,0,4.06,0
PAY_03217,669.89,gateway_timeout,2,9,2,0,9.36,1
PAY_03218,8369.16,mandate_expired,34,9,1,0,0.25,0
PAY_03219,23345.02,gateway_timeout,27,9,4,0,7.0,1
PAY_03220,6808.18,checkout_abandon,41,7,2,5,2.25,1
PAY_03221,10415.3,insufficient_funds,47,9,3,0,4.49,1
PAY_03222,2722.8,checkout_abandon,45,5,1,3,17.82,0
PAY_03223,474.63,insufficient_funds,14,12,2,0,6.83,0
PAY_03224,395.41,card_expired,46,9,1,0,10.38,0
PAY_03225,3226.42,checkout_abandon,46,9,3,2,16.23,0
PAY_03226,1383.08,checkout_abandon,2,7,0,3,3.74,1
PAY_03227,1001.72,insufficient_funds,39,2,5,0,1.08,1
PAY_03228,2347.95,checkout_abandon,8,8,2,1,4.23,0
PAY_03229,4626.85,checkout_abandon,34,9,4,2,26.64,0
PAY_03230,584.81,gateway_timeout,14,6,3,0,25.89,0
PAY_03231,1595.86,mandate_expired,22,7,0,0,16.63,1
PAY_03232,11315.36,insufficient_funds,17,10,2,0,1.08,0
PAY_03233,853.0,insufficient_funds,52,9,1,0,37.7,1
PAY_03234,5965.85,mandate_expired,55,12,2,0,4.33,0
PAY_03235,1539.66,insufficient_funds,48,6,2,0,5.14,1
PAY_03236,4314.94,insufficient_funds,44,5,1,0,4.87,1
PAY_03237,7490.37,mandate_expired,22,4,1,0,3.35,0
PAY_03238,5246.56,mandate_expired,9,6,4,0,13.97,1
PAY_03239,6205.59,insufficient_funds,35,12,5,0,5.91,0
PAY_03240,790.33,insufficient_funds,26,9,3,0,14.8,1
PAY_03241,7613.71,gateway_timeout,17,7,0,0,4.52,1
PAY_03242,1065.66,checkout_abandon,15,3,3,2,19.0,0
PAY_03243,3240.84,checkout_abandon,10,7,3,2,13.47,0
PAY_03244,3236.64,mandate_expired,50,15,3,0,11.54,1
PAY_03245,4060.94,card_expired,20,12,3,0,1.38,0
PAY_03246,3501.7,other,56,12,0,0,10.87,0
PAY_03247,1075.17,gateway_timeout,41,12,2,0,5.49,1
PAY_03248,648.19,insufficient_funds,10,8,0,0,2.3,1
PAY_03249,5981.31,gateway_timeout,4,7,4,0,10.27,1
PAY_03250,3010.56,insufficient_funds,25,9,4,0,11.15,0
PAY_03251,7890.56,gateway_timeout,5,8,1,0,5.66,1
PAY_03252,2390.63,other,58,7,3,0,35.3,0
PAY_03253,613.32,gateway_timeout,55,11,4,0,4.93,1
PAY_03254,6569.39,insufficient_funds,40,8,3,0,2.44,0
PAY_03255,1726.2,checkout_abandon,18,10,1,4,7.61,1
PAY_03256,3519.41,other,53,15,3,0,23.21,0
PAY_03257,1308.43,insufficient_funds,39,5,3,0,3.11,1
PAY_03258,12943.48,card_expired,22,12,4,0,5.93,0
PAY_03259,1040.53,card_expired,53,8,4,0,6.6,0
PAY_03260,1784.01,gateway_timeout,13,10,3,0,0.51,1
PAY_03261,2783.58,checkout_abandon,35,6,1,4,2.98,1
PAY_03262,838.71,gateway_timeout,42,10,0,0,1.6,1
PAY_03263,3479.23,gateway_timeout,55,11,2,0,3.5,1
PAY_03264,12530.95,gateway_timeout,9,9,3,0,4.96,0
PAY_03265,1530.86,insufficient_funds,18,12,4,0,7.73,0
PAY_03266,3711.49,mandate_expired,51,5,1,0,10.5,1
PAY_03267,159.91,card_expired,30,4,3,0,9.94,0
PAY_03268,2404.55,gateway_timeout,46,8,1,0,15.51,0
PAY_03269,1828.05,checkout_abandon,47,9,1,5,13.77,1
PAY_03270,1102.73,insufficient_funds,19,4,1,0,1.75,1
PAY_03271,7372.38,insufficient_funds,20,6,2,0,6.42,1
PAY_03272,1804.07,mandate_expired,30,10,1,0,16.33,0
PAY_03273,2093.45,insufficient_funds,2,8,3,0,9.34,1
PAY_03274,1714.46,card_expired,48,7,1,0,0.78,0
PAY_03275,367.69,gateway_timeout,7,11,2,0,8.23,1
PAY_03276,805.98,card_expired,57,6,2,0,33.55,0
PAY_03277,6536.38,gateway_timeout,47,7,3,0,6.33,1
PAY_03278,303.11,gateway_timeout,22,12,2,0,30.3,1
PAY_03279,1161.81,card_expired,5,8,2,0,21.16,0
PAY_03280,1676.27,checkout_abandon,48,5,3,3,25.76,1
PAY_03281,14295.04,insufficient_funds,27,6,0,0,29.34,0
PAY_03282,5391.88,card_expired,12,8,3,0,56.95,0
PAY_03283,1432.07,gateway_timeout,26,8,1,0,8.6,1
PAY_03284,9214.74,insufficient_funds,55,9,3,0,31.12,1
PAY_03285,1192.17,gateway_timeout,42,9,1,0,13.7,1
PAY_03286,6857.83,checkout_abandon,42,7,3,3,28.71,0
PAY_03287,642.37,checkout_abandon,31,6,1,2,6.63,0
PAY_03288,7312.23,card_expired,10,11,0,0,0.31,0
PAY_03289,1665.55,checkout_abandon,57,6,2,4,22.17,0
PAY_03290,893.85,insufficient_funds,45,11,2,0,5.41,1
PAY_03291,2012.04,gateway_timeout,31,9,1,0,72.0,0
PAY_03292,3299.05,insufficient_funds,44,13,2,0,8.89,0
PAY_03293,1524.31,mandate_expired,22,7,0,0,1.35,1
PAY_03294,4350.3,insufficient_funds,45,4,4,0,10.16,1
PAY_03295,1395.56,checkout_abandon,59,6,2,5,32.49,0
PAY_03296,4649.05,checkout_abandon,21,10,2,3,0.98,1
PAY_03297,3890.4,card_expired,1,6,0,0,72.0,0
PAY_03298,2352.24,insufficient_funds,45,4,0,0,2.44,1
PAY_03299,1607.87,insufficient_funds,52,5,2,0,8.41,0
PAY_03300,2909.06,other,50,8,1,0,62.18,0
PAY_03301,4334.23,checkout_abandon,59,8,0,1,2.81,0
PAY_03302,19650.25,checkout_abandon,21,11,0,3,15.76,0
PAY_03303,6396.25,mandate_expired,56,4,3,0,42.27,0
PAY_03304,6634.48,other,13,4,2,0,17.29,0
PAY_03305,54861.01,gateway_timeout,36,10,3,0,2.77,1
PAY_03306,4188.11,other,54,5,3,0,3.84,0
PAY_03307,4058.99,insufficient_funds,55,5,3,0,13.7,1
PAY_03308,5054.64,other,38,6,2,0,5.86,0
PAY_03309,911.49,insufficient_funds,33,9,1,0,8.02,0
PAY_03310,1603.82,gateway_timeout,28,6,2,0,17.69,1
PAY_03311,1507.0,insufficient_funds,53,4,4,0,31.77,0
PAY_03312,4777.44,card_expired,53,11,3,0,22.73,0
PAY_03313,2100.38,other,15,7,0,0,9.02,1
PAY_03314,2870.58,gateway_timeout,9,3,1,0,5.89,1
PAY_03315,7416.78,gateway_timeout,49,6,3,0,15.05,1
PAY_03316,5926.55,gateway_timeout,49,10,5,0,3.38,1
PAY_03317,2126.7,insufficient_funds,6,5,2,0,1.33,1
PAY_03318,1279.28,card_expired,30,6,1,0,18.18,0
PAY_03319,7780.07,insufficient_funds,31,9,1,0,8.04,0
PAY_03320,5420.47,other,3,9,0,0,0.73,1
PAY_03321,501.59,other,40,8,4,0,9.05,0
PAY_03322,1827.84,insufficient_funds,59,2,2,0,9.55,1
PAY_03323,2950.0,checkout_abandon,13,7,1,4,4.86,0
PAY_03324,5447.3,other,47,8,1,0,13.78,0
PAY_03325,6211.44,card_expired,5,8,2,0,8.26,0
PAY_03326,3320.77,mandate_expired,13,4,1,0,5.8,0
PAY_03327,4488.59,insufficient_funds,34,7,2,0,5.48,0
PAY_03328,2665.6,insufficient_funds,56,7,2,0,17.06,1
PAY_03329,1274.35,card_expired,54,13,0,0,6.55,0
PAY_03330,1925.19,gateway_timeout,57,9,3,0,2.68,1
PAY_03331,2547.93,mandate_expired,60,9,4,0,12.45,0
PAY_03332,2414.79,mandate_expired,49,7,3,0,3.41,0
PAY_03333,379.36,gateway_timeout,22,7,5,0,9.89,1
PAY_03334,1680.02,insufficient_funds,8,7,1,0,12.28,1
PAY_03335,2644.54,gateway_timeout,50,10,4,0,19.96,0
PAY_03336,1886.87,other,12,13,3,0,1.5,0
PAY_03337,1953.2,gateway_timeout,32,9,2,0,13.27,1
PAY_03338,4072.6,insufficient_funds,46,7,3,0,0.55,1
PAY_03339,849.87,other,3,4,2,0,3.79,1
PAY_03340,490.78,mandate_expired,55,7,4,0,3.89,0
PAY_03341,1764.95,checkout_abandon,19,7,6,2,0.93,1
PAY_03342,5367.73,card_expired,13,7,4,0,14.8,0
PAY_03343,13515.59,gateway_timeout,23,7,1,0,5.55,1
PAY_03344,5465.3,other,28,9,2,0,22.51,0
PAY_03345,575.81,card_expired,28,9,1,0,6.0,0
PAY_03346,1981.64,gateway_timeout,10,5,2,0,12.43,1
PAY_03347,3231.43,gateway_timeout,12,13,5,0,0.16,0
PAY_03348,2985.84,gateway_timeout,29,8,2,0,4.48,1
PAY_03349,4287.03,mandate_expired,14,7,2,0,23.87,0
PAY_03350,999.24,mandate_expired,39,11,1,0,1.13,0
PAY_03351,2667.75,checkout_abandon,54,7,3,3,22.14,0
PAY_03352,3806.13,other,2,11,2,0,6.89,0
PAY_03353,5708.53,checkout_abandon,3,10,2,1,1.14,0
PAY_03354,1116.92,card_expired,39,6,2,0,1.83,0
PAY_03355,1770.27,mandate_expired,2,13,1,0,25.12,0
PAY_03356,167.37,checkout_abandon,39,7,2,3,0.35,1
PAY_03357,1342.9,insufficient_funds,30,8,1,0,12.42,1
PAY_03358,1479.75,mandate_expired,28,11,3,0,10.27,0
PAY_03359,901.86,mandate_expired,37,8,0,0,3.74,1
PAY_03360,2950.29,insufficient_funds,54,8,3,0,22.08,0
PAY_03361,2363.98,card_expired,8,16,3,0,0.36,0
PAY_03362,261.08,checkout_abandon,9,11,2,4,9.14,1
PAY_03363,3101.23,gateway_timeout,42,10,1,0,3.67,1
PAY_03364,988.04,card_expired,4,6,2,0,6.03,0
PAY_03365,4063.24,gateway_timeout,26,14,3,0,0.59,1
PAY_03366,693.81,checkout_abandon,30,7,1,1,23.1,1
PAY_03367,2576.15,checkout_abandon,24,8,3,4,12.82,1
PAY_03368,1883.49,insufficient_funds,32,9,1,0,9.13,1
PAY_03369,3385.13,gateway_timeout,7,9,3,0,3.8,0
PAY_03370,2832.01,insufficient_funds,17,10,4,0,6.56,1
PAY_03371,1936.97,insufficient_funds,1,6,2,0,21.81,0
PAY_03372,537.95,mandate_expired,58,7,5,0,16.94,1
PAY_03373,570.69,insufficient_funds,50,11,4,0,19.4,1
PAY_03374,1394.32,other,16,10,4,0,19.17,0
PAY_03375,2479.39,gateway_timeout,3,4,2,0,4.86,0
PAY_03376,1360.76,gateway_timeout,17,6,6,0,19.61,0
PAY_03377,4671.6,other,58,10,0,0,12.91,1
PAY_03378,1890.93,checkout_abandon,49,8,4,1,11.05,1
PAY_03379,952.45,checkout_abandon,40,11,3,4,5.57,0
PAY_03380,1893.06,mandate_expired,56,4,3,0,10.61,1
PAY_03381,3133.5,other,11,9,4,0,16.11,0
PAY_03382,3459.68,insufficient_funds,33,9,1,0,1.08,1
PAY_03383,16357.23,insufficient_funds,48,4,0,0,2.54,0
PAY_03384,1280.67,other,2,7,1,0,16.5,0
PAY_03385,2322.89,insufficient_funds,27,5,1,0,12.2,1
PAY_03386,3828.28,mandate_expired,22,8,2,0,35.78,0
PAY_03387,2442.12,checkout_abandon,11,2,1,1,7.33,0
PAY_03388,1515.39,checkout_abandon,14,7,1,5,10.19,0
PAY_03389,531.01,card_expired,59,8,4,0,24.43,0
PAY_03390,1499.99,other,31,11,4,0,6.32,0
PAY_03391,854.35,insufficient_funds,5,4,2,0,49.71,0
PAY_03392,444.72,checkout_abandon,41,6,2,5,7.91,1
PAY_03393,1128.19,mandate_expired,36,7,3,0,13.72,0
PAY_03394,877.39,gateway_timeout,24,8,0,0,5.62,0
PAY_03395,4482.04,other,24,13,2,0,11.88,0
PAY_03396,4560.27,checkout_abandon,33,11,1,3,3.47,1
PAY_03397,1012.49,insufficient_funds,56,10,4,0,2.83,1
PAY_03398,1927.19,card_expired,46,5,0,0,0.48,0
PAY_03399,389.87,other,25,8,2,0,1.49,0
PAY_03400,1524.93,insufficient_funds,15,11,3,0,3.2,1
PAY_03401,3725.77,card_expired,7,4,1,0,4.94,0
PAY_03402,5704.35,insufficient_funds,12,3,2,0,4.29,1
PAY_03403,1225.37,insufficient_funds,9,10,0,0,3.93,0
PAY_03404,7157.39,gateway_timeout,49,8,4,0,0.83,1
PAY_03405,549.14,card_expired,35,10,3,0,4.22,1
PAY_03406,717.96,insufficient_funds,3,9,3,0,13.04,0
PAY_03407,5083.26,insufficient_funds,56,8,1,0,18.57,0
PAY_03408,13295.32,mandate_expired,10,6,2,0,12.06,0
PAY_03409,4094.82,gateway_timeout,39,9,1,0,6.21,1
PAY_03410,2401.15,insufficient_funds,1,7,2,0,24.41,0
PAY_03411,278.35,insufficient_funds,36,7,2,0,72.0,1
PAY_03412,330.83,card_expired,34,4,2,0,2.78,0
PAY_03413,2845.39,checkout_abandon,55,6,0,4,4.82,1
PAY_03414,1747.57,card_expired,37,8,1,0,6.33,1
PAY_03415,827.34,insufficient_funds,30,10,0,0,6.21,1
PAY_03416,2669.32,checkout_abandon,32,9,1,3,32.64,1
PAY_03417,2805.05,card_expired,38,5,2,0,8.15,0
PAY_03418,6428.28,gateway_timeout,25,8,4,0,30.02,1
PAY_03419,2865.93,insufficient_funds,43,3,4,0,6.51,0
PAY_03420,8539.35,gateway_timeout,32,11,1,0,6.41,1
PAY_03421,2520.07,gateway_timeout,59,10,0,0,16.12,1
PAY_03422,2227.67,insufficient_funds,12,5,1,0,18.76,0
PAY_03423,7247.11,other,44,7,4,0,19.31,0
PAY_03424,939.74,checkout_abandon,50,11,0,3,24.53,1
PAY_03425,41709.89,checkout_abandon,44,8,1,1,9.6,0
PAY_03426,3638.42,insufficient_funds,59,6,3,0,9.23,1
PAY_03427,3658.74,checkout_abandon,27,7,0,4,18.32,0
PAY_03428,4226.55,checkout_abandon,33,9,0,2,0.61,1
PAY_03429,16336.91,other,10,4,4,0,11.95,0
PAY_03430,5522.32,gateway_timeout,23,7,1,0,14.9,1
PAY_03431,502.2,card_expired,10,9,2,0,21.4,0
PAY_03432,10173.24,gateway_timeout,48,9,2,0,11.49,1
PAY_03433,1777.83,checkout_abandon,47,8,2,4,44.56,1
PAY_03434,2782.77,other,12,7,3,0,1.49,0
PAY_03435,695.61,checkout_abandon,49,7,4,2,3.34,0
PAY_03436,4231.23,mandate_expired,20,13,2,0,10.12,1
PAY_03437,1303.32,other,44,11,1,0,15.93,0
PAY_03438,2763.4,other,57,8,4,0,1.24,0
PAY_03439,1881.73,insufficient_funds,50,4,2,0,31.73,0
PAY_03440,17138.09,insufficient_funds,12,11,1,0,6.8,0
PAY_03441,18147.83,checkout_abandon,11,9,2,2,10.53,1
PAY_03442,2619.03,other,7,7,1,0,13.13,0
PAY_03443,2665.17,checkout_abandon,51,11,1,5,24.63,0
PAY_03444,1720.9,gateway_timeout,33,5,3,0,29.8,1
PAY_03445,7555.66,checkout_abandon,10,6,7,2,19.67,1
PAY_03446,1799.25,insufficient_funds,36,7,3,0,18.58,1
PAY_03447,1640.42,insufficient_funds,32,7,2,0,2.01,1
PAY_03448,6651.77,insufficient_funds,36,8,2,0,18.39,1
PAY_03449,1459.35,insufficient_funds,39,6,2,0,20.35,0
PAY_03450,2407.37,mandate_expired,10,6,2,0,20.72,1
PAY_03451,514.26,gateway_timeout,24,9,3,0,27.64,1
PAY_03452,5055.52,insufficient_funds,44,8,2,0,7.01,1
PAY_03453,17411.97,checkout_abandon,55,12,2,3,53.12,1
PAY_03454,5142.38,gateway_timeout,15,8,1,0,61.68,1
PAY_03455,10784.28,gateway_timeout,35,6,1,0,6.5,0
PAY_03456,1072.71,gateway_timeout,57,4,4,0,1.5,1
PAY_03457,3166.46,insufficient_funds,37,7,6,0,11.24,1
PAY_03458,973.49,mandate_expired,14,7,3,0,6.19,1
PAY_03459,1990.78,insufficient_funds,36,3,2,0,11.07,0
PAY_03460,5411.37,insufficient_funds,2,7,4,0,23.32,0
PAY_03461,2767.96,insufficient_funds,30,8,3,0,2.34,1
PAY_03462,608.75,gateway_timeout,35,6,3,0,13.81,1
PAY_03463,671.17,insufficient_funds,4,3,0,0,7.42,0
PAY_03464,628.21,gateway_timeout,13,13,1,0,7.34,0
PAY_03465,4086.72,insufficient_funds,60,9,1,0,10.26,1
PAY_03466,19691.46,insufficient_funds,38,10,2,0,6.31,1
PAY_03467,9764.46,other,28,7,0,0,3.48,0
PAY_03468,375.43,gateway_timeout,14,5,3,0,16.25,0
PAY_03469,10353.94,insufficient_funds,8,2,1,0,27.83,0
PAY_03470,6376.96,checkout_abandon,26,10,4,1,16.71,1
PAY_03471,533.12,insufficient_funds,33,5,1,0,2.24,1
PAY_03472,1846.13,card_expired,11,7,2,0,72.0,0
PAY_03473,7476.86,insufficient_funds,49,7,2,0,57.8,1
PAY_03474,4335.01,checkout_abandon,26,10,1,1,1.07,0
PAY_03475,675.16,other,4,7,2,0,17.65,1
PAY_03476,4604.49,insufficient_funds,9,4,1,0,32.05,0
PAY_03477,294.87,insufficient_funds,52,7,3,0,22.94,1
PAY_03478,2000.64,checkout_abandon,21,3,3,1,11.45,0
PAY_03479,7800.97,other,23,8,0,0,1.31,0
PAY_03480,2546.41,gateway_timeout,12,16,2,0,13.2,1
PAY_03481,1517.94,mandate_expired,49,10,5,0,3.02,0
PAY_03482,6083.85,insufficient_funds,49,11,3,0,5.21,1
PAY_03483,6626.27,mandate_expired,15,6,1,0,42.48,0
PAY_03484,9265.8,gateway_timeout,44,6,1,0,16.34,1
PAY_03485,5993.25,checkout_abandon,28,9,2,5,18.17,0
PAY_03486,7371.83,insufficient_funds,11,7,2,0,21.79,1
PAY_03487,5202.81,checkout_abandon,48,8,2,4,1.03,1
PAY_03488,3260.3,insufficient_funds,5,7,2,0,24.8,1
PAY_03489,2734.09,mandate_expired,53,9,4,0,3.39,1
PAY_03490,1971.97,mandate_expired,2,10,6,0,5.44,0
PAY_03491,743.73,card_expired,20,4,5,0,16.25,0
PAY_03492,961.73,other,14,12,3,0,11.12,1
PAY_03493,1885.66,checkout_abandon,15,8,1,1,34.69,0
PAY_03494,3182.74,mandate_expired,29,10,4,0,16.98,1
PAY_03495,10560.32,insufficient_funds,46,7,3,0,3.37,1
PAY_03496,2397.66,other,24,8,2,0,4.18,0
PAY_03497,6819.37,checkout_abandon,31,6,3,2,1.81,0
PAY_03498,7356.66,gateway_timeout,59,13,1,0,2.43,1
PAY_03499,1983.46,gateway_timeout,30,9,1,0,11.89,1
PAY_03500,4531.17,card_expired,48,8,2,0,29.02,0
PAY_03501,1959.64,card_expired,24,5,1,0,8.87,0
PAY_03502,9378.56,card_expired,5,14,2,0,1.83,0
PAY_03503,4721.54,checkout_abandon,16,7,2,4,14.09,0
PAY_03504,760.19,gateway_timeout,10,11,0,0,19.3,1
PAY_03505,2938.25,other,55,6,2,0,4.22,0
PAY_03506,12992.9,mandate_expired,2,11,4,0,0.73,0
PAY_03507,2085.61,checkout_abandon,50,7,1,3,8.62,0
PAY_03508,3911.83,checkout_abandon,9,6,2,1,16.6,0
PAY_03509,4315.31,checkout_abandon,10,9,3,1,1.81,0
PAY_03510,886.63,mandate_expired,32,8,4,0,20.71,0
PAY_03511,4166.18,checkout_abandon,5,6,1,1,6.43,1
PAY_03512,620.3,other,5,9,0,0,2.29,0
PAY_03513,1337.32,card_expired,47,7,2,0,13.04,0
PAY_03514,7330.28,gateway_timeout,4,9,1,0,22.57,0
PAY_03515,3571.72,insufficient_funds,36,3,3,0,8.43,0
PAY_03516,1843.77,checkout_abandon,8,13,1,1,6.09,0
PAY_03517,3906.93,checkout_abandon,6,12,1,3,19.88,0
PAY_03518,2354.19,checkout_abandon,41,8,5,3,4.78,0
PAY_03519,2531.64,other,24,13,4,0,19.09,0
PAY_03520,4821.62,insufficient_funds,2,7,3,0,1.77,1
PAY_03521,1207.95,gateway_timeout,41,8,2,0,28.88,1
PAY_03522,2602.9,card_expired,59,13,1,0,10.83,0
PAY_03523,1829.46,other,34,5,1,0,9.54,0
PAY_03524,512.06,gateway_timeout,23,5,3,0,4.17,0
PAY_03525,995.84,insufficient_funds,51,10,2,0,1.28,0
PAY_03526,11995.09,gateway_timeout,21,8,2,0,0.65,1
PAY_03527,3673.02,checkout_abandon,37,10,3,5,22.89,1
PAY_03528,665.45,checkout_abandon,29,5,3,2,9.06,0
PAY_03529,535.76,gateway_timeout,44,14,1,0,0.59,1
PAY_03530,2234.74,gateway_timeout,32,5,5,0,0.57,1
PAY_03531,11911.18,mandate_expired,29,7,0,0,44.92,1
PAY_03532,2074.11,checkout_abandon,26,6,3,2,1.13,0
PAY_03533,9237.68,mandate_expired,18,13,1,0,7.52,0
PAY_03534,3554.53,gateway_timeout,30,8,2,0,33.71,1
PAY_03535,4004.99,gateway_timeout,4,7,1,0,16.2,1
PAY_03536,657.42,gateway_timeout,21,9,0,0,3.68,1
PAY_03537,6384.12,other,5,5,2,0,40.73,0
PAY_03538,1788.47,gateway_timeout,20,5,2,0,14.55,0
PAY_03539,5926.2,checkout_abandon,22,6,0,2,3.81,0
PAY_03540,1107.52,checkout_abandon,2,12,2,2,35.61,0
PAY_03541,2984.22,other,18,6,2,0,16.19,0
PAY_03542,3554.78,gateway_timeout,41,12,1,0,4.41,1
PAY_03543,2143.11,gateway_timeout,59,10,1,0,16.57,0
PAY_03544,3746.55,card_expired,38,12,2,0,10.35,0
PAY_03545,1915.34,insufficient_funds,43,13,2,0,11.05,1
PAY_03546,1306.34,checkout_abandon,41,8,4,1,14.22,0
PAY_03547,12450.67,gateway_timeout,57,7,4,0,14.28,1
PAY_03548,7136.65,other,57,5,4,0,20.72,0
PAY_03549,1168.16,mandate_expired,7,8,1,0,33.61,1
PAY_03550,4413.8,insufficient_funds,29,5,1,0,13.62,0
PAY_03551,1189.59,card_expired,55,3,3,0,8.62,0
PAY_03552,764.61,mandate_expired,53,7,3,0,27.51,1
PAY_03553,7029.39,checkout_abandon,33,9,2,5,3.84,1
PAY_03554,454.84,insufficient_funds,27,10,2,0,1.18,1
PAY_03555,6316.38,insufficient_funds,4,8,1,0,12.03,1
PAY_03556,1941.71,checkout_abandon,29,6,1,2,42.87,1
PAY_03557,2023.33,gateway_timeout,31,10,2,0,1.85,0
PAY_03558,3766.11,card_expired,38,7,1,0,7.92,0
PAY_03559,4470.45,gateway_timeout,32,9,4,0,0.78,1
PAY_03560,1094.12,mandate_expired,13,4,1,0,4.11,0
PAY_03561,5124.41,insufficient_funds,59,13,1,0,11.85,1
PAY_03562,2800.12,mandate_expired,14,4,3,0,19.01,0
PAY_03563,711.94,insufficient_funds,23,10,3,0,2.63,1
PAY_03564,2109.43,gateway_timeout,31,3,2,0,5.58,1
PAY_03565,9949.97,insufficient_funds,18,14,3,0,8.92,0
PAY_03566,13368.29,checkout_abandon,5,3,2,3,59.51,1
PAY_03567,5122.48,gateway_timeout,37,7,2,0,12.7,1
PAY_03568,760.29,card_expired,15,8,0,0,3.82,0
PAY_03569,4083.27,insufficient_funds,53,7,0,0,10.5,0
PAY_03570,5854.15,checkout_abandon,48,11,2,5,4.45,0
PAY_03571,5165.48,checkout_abandon,26,9,5,4,4.55,0
PAY_03572,5480.77,insufficient_funds,28,3,3,0,16.28,1
PAY_03573,3595.04,insufficient_funds,57,7,1,0,22.31,1
PAY_03574,2325.37,gateway_timeout,2,9,2,0,5.13,1
PAY_03575,1360.6,checkout_abandon,23,8,2,3,5.25,1
PAY_03576,374.69,other,4,10,1,0,10.84,0
PAY_03577,3511.11,insufficient_funds,9,8,2,0,2.81,1
PAY_03578,3011.21,mandate_expired,56,6,2,0,8.33,1
PAY_03579,4366.08,mandate_expired,7,10,1,0,10.29,1
PAY_03580,656.22,mandate_expired,58,12,0,0,1.46,1
PAY_03581,4765.05,checkout_abandon,48,7,5,2,13.13,0
PAY_03582,19508.22,other,39,6,2,0,0.77,0
PAY_03583,2704.02,checkout_abandon,45,10,5,3,27.52,1
PAY_03584,2350.49,card_expired,12,7,2,0,15.98,0
PAY_03585,3405.16,gateway_timeout,8,11,4,0,0.53,1
PAY_03586,19079.75,card_expired,23,15,2,0,9.03,0
PAY_03587,898.2,other,46,10,0,0,9.8,0
PAY_03588,3063.32,other,19,8,2,0,17.58,0
PAY_03589,1123.71,gateway_timeout,11,5,1,0,10.21,1
PAY_03590,1446.7,card_expired,48,8,0,0,9.99,0
PAY_03591,2379.05,insufficient_funds,39,4,5,0,3.7,0
PAY_03592,9617.78,mandate_expired,33,5,2,0,12.66,0
PAY_03593,15139.11,gateway_timeout,25,6,3,0,20.93,1
PAY_03594,3913.5,mandate_expired,47,6,2,0,18.18,0
PAY_03595,1715.49,gateway_timeout,45,7,1,0,1.88,0
PAY_03596,30235.89,insufficient_funds,22,8,2,0,8.57,0
PAY_03597,1630.25,insufficient_funds,8,9,3,0,1.87,1
PAY_03598,1412.21,insufficient_funds,53,9,3,0,3.29,1
PAY_03599,423.73,gateway_timeout,9,9,0,0,13.4,0
PAY_03600,10098.45,card_expired,26,7,1,0,11.12,0
PAY_03601,6583.3,mandate_expired,54,12,2,0,9.8,0
PAY_03602,28053.02,card_expired,26,4,1,0,19.62,0
PAY_03603,622.99,card_expired,50,8,0,0,8.49,0
PAY_03604,10745.23,gateway_timeout,30,3,4,0,8.07,1
PAY_03605,2681.63,checkout_abandon,45,2,1,2,26.07,0
PAY_03606,5597.9,checkout_abandon,36,13,3,3,1.74,0
PAY_03607,481.19,insufficient_funds,17,6,3,0,3.29,0
PAY_03608,10852.25,checkout_abandon,54,11,2,4,3.52,0
PAY_03609,5489.34,mandate_expired,29,9,1,0,8.23,0
PAY_03610,2404.59,checkout_abandon,28,7,1,3,2.75,1
PAY_03611,4765.5,mandate_expired,40,9,4,0,0.83,1
PAY_03612,1162.76,insufficient_funds,56,10,2,0,0.49,0
PAY_03613,1400.53,card_expired,53,8,2,0,1.61,0
PAY_03614,1572.78,insufficient_funds,24,8,2,0,0.48,1
PAY_03615,392.02,other,14,4,2,0,3.41,0
PAY_03616,5918.3,insufficient_funds,20,4,5,0,17.17,1
PAY_03617,8230.81,checkout_abandon,16,12,3,4,57.63,0
PAY_03618,1239.8,checkout_abandon,18,7,0,3,18.27,0
PAY_03619,3541.3,gateway_timeout,26,6,2,0,2.48,1
PAY_03620,1916.98,gateway_timeout,2,8,3,0,15.81,1
PAY_03621,3471.42,insufficient_funds,32,5,1,0,13.8,0
PAY_03622,1334.71,checkout_abandon,51,3,4,4,3.47,0
PAY_03623,1033.41,other,26,11,2,0,2.91,0
PAY_03624,7158.97,gateway_timeout,5,12,4,0,30.46,1
PAY_03625,2345.32,checkout_abandon,24,8,1,4,4.37,0
PAY_03626,18885.6,card_expired,21,7,5,0,7.79,0
PAY_03627,2618.5,checkout_abandon,36,7,3,2,0.71,1
PAY_03628,990.26,card_expired,16,7,1,0,14.53,0
PAY_03629,8526.95,gateway_timeout,19,12,2,0,8.46,1
PAY_03630,4697.78,gateway_timeout,45,4,1,0,22.65,1
PAY_03631,5171.5,insufficient_funds,11,11,1,0,37.51,0
PAY_03632,8222.64,insufficient_funds,56,11,0,0,8.5,1
PAY_03633,1301.47,checkout_abandon,18,3,2,5,4.45,0
PAY_03634,2201.28,card_expired,50,6,2,0,4.16,0
PAY_03635,2106.11,insufficient_funds,5,8,3,0,3.23,0
PAY_03636,687.66,other,20,5,0,0,0.1,0
PAY_03637,1920.72,gateway_timeout,23,6,2,0,7.81,1
PAY_03638,9513.1,gateway_timeout,28,7,2,0,27.03,1
PAY_03639,3169.67,other,6,5,2,0,8.49,0
PAY_03640,650.66,other,15,13,2,0,22.26,0
PAY_03641,527.53,checkout_abandon,53,8,3,3,24.65,1
PAY_03642,13211.22,gateway_timeout,56,11,1,0,4.53,1
PAY_03643,2284.1,insufficient_funds,27,7,0,0,0.84,1
PAY_03644,1308.5,gateway_timeout,8,11,1,0,27.62,1
PAY_03645,1900.85,card_expired,17,15,4,0,3.62,0
PAY_03646,570.63,gateway_timeout,58,9,2,0,2.3,1
PAY_03647,10374.86,mandate_expired,56,8,7,0,5.69,1
PAY_03648,1687.48,insufficient_funds,49,7,2,0,31.94,0
PAY_03649,9812.85,checkout_abandon,52,8,2,2,6.8,1
PAY_03650,2632.52,gateway_timeout,43,11,0,0,11.58,1
PAY_03651,10441.86,checkout_abandon,38,4,0,5,5.27,1
PAY_03652,3231.63,checkout_abandon,47,6,3,5,10.93,0
PAY_03653,5868.06,other,39,6,1,0,2.56,0
PAY_03654,5131.43,other,21,4,1,0,6.61,0
PAY_03655,4662.64,mandate_expired,39,8,1,0,10.07,0
PAY_03656,3540.35,insufficient_funds,18,12,3,0,37.14,1
PAY_03657,1980.68,other,38,6,0,0,0.31,0
PAY_03658,16974.72,other,23,15,1,0,10.94,1
PAY_03659,1009.4,other,30,10,0,0,7.84,0
PAY_03660,2510.79,checkout_abandon,11,8,3,5,8.24,0
PAY_03661,2537.49,insufficient_funds,58,9,1,0,10.5,1
PAY_03662,3738.68,card_expired,45,8,1,0,8.46,0
PAY_03663,1627.13,gateway_timeout,7,12,1,0,47.21,1
PAY_03664,3424.78,gateway_timeout,29,8,4,0,3.68,1
PAY_03665,2111.6,gateway_timeout,28,12,1,0,14.37,1
PAY_03666,513.93,checkout_abandon,54,8,2,3,25.08,0
PAY_03667,2524.0,gateway_timeout,46,8,0,0,14.43,1
PAY_03668,831.71,mandate_expired,53,7,2,0,2.52,0
PAY_03669,441.27,mandate_expired,29,11,3,0,1.44,1
PAY_03670,2866.71,checkout_abandon,10,9,3,1,0.28,0
PAY_03671,4072.16,insufficient_funds,44,12,3,0,7.97,1
PAY_03672,4233.33,other,14,5,2,0,8.94,0
PAY_03673,4408.18,gateway_timeout,39,6,1,0,6.99,0
PAY_03674,361.93,gateway_timeout,25,8,2,0,1.22,1
PAY_03675,641.0,checkout_abandon,21,12,4,2,6.57,1
PAY_03676,17989.93,gateway_timeout,8,7,1,0,8.33,0
PAY_03677,877.29,mandate_expired,49,7,2,0,1.2,0
PAY_03678,4604.95,insufficient_funds,42,9,6,0,7.91,0
PAY_03679,1257.79,other,21,5,2,0,3.33,0
PAY_03680,2707.33,insufficient_funds,45,4,2,0,0.55,0
PAY_03681,1327.15,other,60,10,2,0,19.48,1
PAY_03682,4383.43,checkout_abandon,44,7,0,4,0.95,0
PAY_03683,2866.42,insufficient_funds,57,10,1,0,41.17,0
PAY_03684,1596.8,checkout_abandon,29,8,1,2,0.1,0
PAY_03685,874.69,gateway_timeout,23,8,2,0,7.13,0
PAY_03686,3267.63,other,51,8,1,0,26.4,0
PAY_03687,743.47,card_expired,40,8,2,0,3.88,1
PAY_03688,3833.48,checkout_abandon,37,9,1,1,6.89,0
PAY_03689,34562.72,gateway_timeout,39,5,1,0,0.98,1
PAY_03690,9645.2,other,60,6,2,0,13.92,1
PAY_03691,5127.6,mandate_expired,42,5,3,0,0.16,1
PAY_03692,2294.89,checkout_abandon,49,4,4,3,6.27,1
PAY_03693,359.71,gateway_timeout,3,13,2,0,4.78,1
PAY_03694,666.31,gateway_timeout,44,9,2,0,16.02,1
PAY_03695,9016.75,mandate_expired,20,8,2,0,4.24,1
PAY_03696,1134.89,checkout_abandon,8,12,3,2,3.43,0
PAY_03697,1242.39,card_expired,17,1,3,0,5.21,0
PAY_03698,2118.36,checkout_abandon,50,11,1,5,3.09,1
PAY_03699,864.37,checkout_abandon,50,10,1,1,18.04,0
PAY_03700,733.1,checkout_abandon,19,8,4,5,5.97,0
PAY_03701,2376.95,card_expired,12,14,2,0,17.9,0
PAY_03702,1025.07,gateway_timeout,26,7,1,0,15.22,1
PAY_03703,1191.57,card_expired,20,5,1,0,8.17,0
PAY_03704,1144.65,gateway_timeout,28,4,3,0,0.34,1
PAY_03705,4215.01,mandate_expired,48,10,2,0,0.19,0
PAY_03706,1982.12,other,20,9,1,0,4.56,0
PAY_03707,2091.16,card_expired,11,8,1,0,7.76,0
PAY_03708,4541.41,gateway_timeout,7,5,2,0,4.65,1
PAY_03709,2168.97,mandate_expired,42,6,3,0,11.04,0
PAY_03710,1892.76,insufficient_funds,12,10,1,0,9.18,0
PAY_03711,4001.79,insufficient_funds,14,11,4,0,4.19,1
PAY_03712,4876.8,card_expired,49,8,1,0,5.39,0
PAY_03713,2158.08,card_expired,6,6,1,0,0.32,0
PAY_03714,2709.86,insufficient_funds,40,6,1,0,1.62,0
PAY_03715,1143.97,other,1,10,4,0,5.68,0
PAY_03716,1057.18,gateway_timeout,57,7,2,0,5.78,1
PAY_03717,5394.81,other,43,8,0,0,6.53,0
PAY_03718,3901.0,card_expired,50,10,2,0,2.28,0
PAY_03719,3941.61,other,40,9,1,0,1.23,0
PAY_03720,3310.65,card_expired,25,8,0,0,3.36,0
PAY_03721,2618.22,other,60,7,1,0,3.17,0
PAY_03722,5016.35,checkout_abandon,48,8,0,5,26.63,1
PAY_03723,6368.73,insufficient_funds,6,4,1,0,3.15,1
PAY_03724,6218.44,gateway_timeout,35,5,1,0,11.08,1
PAY_03725,2260.33,card_expired,33,12,5,0,1.0,0
PAY_03726,10006.99,insufficient_funds,18,9,1,0,6.3,1
PAY_03727,3141.66,other,28,6,2,0,3.26,0
PAY_03728,4705.19,insufficient_funds,59,11,3,0,2.6,0
PAY_03729,3314.74,other,6,6,1,0,15.69,0
PAY_03730,3200.47,checkout_abandon,56,12,2,5,10.36,0
PAY_03731,1197.86,card_expired,43,10,3,0,22.09,1
PAY_03732,5041.19,other,7,14,4,0,18.62,0
PAY_03733,43016.56,gateway_timeout,19,3,1,0,3.47,1
PAY_03734,1718.58,mandate_expired,51,9,2,0,15.08,0
PAY_03735,2683.94,insufficient_funds,43,4,2,0,33.67,0
PAY_03736,1600.13,card_expired,5,5,3,0,56.37,0
PAY_03737,1534.6,card_expired,9,5,4,0,21.17,0
PAY_03738,11713.48,gateway_timeout,56,17,4,0,2.43,1
PAY_03739,1275.48,insufficient_funds,10,5,1,0,47.97,0
PAY_03740,1556.14,gateway_timeout,38,9,2,0,4.15,1
PAY_03741,511.09,insufficient_funds,60,9,1,0,32.64,1
PAY_03742,1171.96,card_expired,10,9,9,0,32.2,0
PAY_03743,452.89,gateway_timeout,3,7,2,0,28.72,1
PAY_03744,4702.51,other,50,7,2,0,7.11,0
PAY_03745,41099.17,other,57,9,1,0,23.03,0
PAY_03746,1732.58,other,31,5,2,0,13.75,0
PAY_03747,472.15,checkout_abandon,14,14,2,5,7.81,0
PAY_03748,6149.01,gateway_timeout,4,10,1,0,12.63,1
PAY_03749,1208.48,card_expired,55,9,2,0,5.44,0
PAY_03750,9167.25,mandate_expired,48,10,2,0,0.1,0
PAY_03751,1885.63,other,54,5,0,0,0.59,0
PAY_03752,1329.06,gateway_timeout,48,11,1,0,34.1,1
PAY_03753,2092.44,insufficient_funds,26,6,2,0,16.23,0
PAY_03754,5333.82,other,29,8,2,0,4.49,0
PAY_03755,1991.46,card_expired,23,10,8,0,0.94,0
PAY_03756,1521.3,insufficient_funds,44,15,3,0,2.93,0
PAY_03757,2049.22,mandate_expired,7,12,4,0,2.91,0
PAY_03758,700.78,insufficient_funds,3,11,0,0,9.06,0
PAY_03759,3718.51,checkout_abandon,58,13,3,2,3.42,1
PAY_03760,418.77,gateway_timeout,20,7,2,0,0.63,1
PAY_03761,1603.47,gateway_timeout,3,12,5,0,1.12,1
PAY_03762,5342.41,insufficient_funds,41,7,1,0,0.14,1
PAY_03763,3384.95,gateway_timeout,24,13,3,0,36.89,1
PAY_03764,4511.42,checkout_abandon,14,15,1,4,69.43,0
PAY_03765,2342.56,insufficient_funds,27,7,0,0,1.48,1
PAY_03766,8052.94,checkout_abandon,28,7,2,1,15.95,0
PAY_03767,6302.77,checkout_abandon,37,9,0,2,10.72,1
PAY_03768,3905.68,mandate_expired,56,8,1,0,38.69,1
PAY_03769,6320.74,mandate_expired,53,7,4,0,16.4,0
PAY_03770,5294.74,insufficient_funds,50,5,1,0,5.56,1
PAY_03771,1610.96,insufficient_funds,30,9,2,0,6.7,1
PAY_03772,652.07,card_expired,34,10,1,0,0.7,0
PAY_03773,3806.28,other,8,4,2,0,17.45,0
PAY_03774,4316.22,other,35,10,3,0,1.03,0
PAY_03775,7439.2,other,41,13,0,0,6.46,0
PAY_03776,980.17,mandate_expired,54,7,3,0,1.03,1
PAY_03777,1009.91,other,3,2,1,0,9.53,0
PAY_03778,3959.79,gateway_timeout,52,5,2,0,3.29,1
PAY_03779,2328.27,card_expired,32,6,1,0,34.59,0
PAY_03780,379.28,other,6,11,5,0,0.64,0
PAY_03781,3637.87,card_expired,60,6,1,0,21.98,0
PAY_03782,392.14,gateway_timeout,28,6,2,0,19.21,1
PAY_03783,971.45,gateway_timeout,25,5,3,0,8.14,1
PAY_03784,9659.79,gateway_timeout,12,10,1,0,11.78,1
PAY_03785,15505.11,gateway_timeout,5,7,4,0,6.71,0
PAY_03786,741.29,card_expired,5,8,1,0,7.6,0
PAY_03787,1798.4,mandate_expired,17,8,4,0,48.49,1
PAY_03788,2608.86,insufficient_funds,18,6,1,0,8.28,1
PAY_03789,14842.84,mandate_expired,28,9,1,0,2.79,1
PAY_03790,1527.18,gateway_timeout,37,11,2,0,2.42,1
PAY_03791,1551.79,checkout_abandon,60,9,4,5,24.6,0
PAY_03792,11763.67,gateway_timeout,48,11,2,0,1.17,0
PAY_03793,1718.59,checkout_abandon,30,6,4,5,5.95,0
PAY_03794,5147.4,mandate_expired,55,12,4,0,23.18,0
PAY_03795,570.72,mandate_expired,34,5,3,0,3.12,0
PAY_03796,2106.56,card_expired,26,10,2,0,12.14,0
PAY_03797,475.54,gateway_timeout,14,16,4,0,15.02,1
PAY_03798,870.1,mandate_expired,26,6,2,0,5.49,1
PAY_03799,5786.29,insufficient_funds,3,12,0,0,16.21,1
PAY_03800,2378.3,checkout_abandon,10,8,3,4,61.31,0
PAY_03801,1817.0,checkout_abandon,57,3,2,1,5.18,1
PAY_03802,1182.39,mandate_expired,12,7,1,0,10.77,0
PAY_03803,2004.98,other,35,7,2,0,1.48,0
PAY_03804,3378.41,gateway_timeout,7,8,3,0,24.32,1
PAY_03805,6680.59,card_expired,37,6,2,0,4.67,1
PAY_03806,181.07,gateway_timeout,59,13,3,0,12.05,0
PAY_03807,1088.21,checkout_abandon,28,6,2,3,14.9,1
PAY_03808,2931.13,card_expired,8,10,2,0,24.95,0
PAY_03809,2264.67,mandate_expired,2,8,1,0,29.49,0
PAY_03810,3742.17,card_expired,46,10,1,0,26.43,0
PAY_03811,3266.87,card_expired,7,4,2,0,12.12,0
PAY_03812,1843.05,gateway_timeout,20,9,0,0,6.3,1
PAY_03813,1476.15,other,51,4,1,0,9.44,0
PAY_03814,1955.78,other,33,7,2,0,0.14,0
PAY_03815,7885.56,gateway_timeout,53,8,0,0,20.99,1
PAY_03816,1202.36,insufficient_funds,53,7,5,0,11.1,1
PAY_03817,2347.81,gateway_timeout,40,9,2,0,19.78,1
PAY_03818,3003.06,card_expired,57,5,2,0,24.07,0
PAY_03819,11901.23,other,3,2,2,0,3.97,0
PAY_03820,1851.47,card_expired,15,6,3,0,25.2,0
PAY_03821,6521.45,gateway_timeout,17,11,3,0,17.61,0
PAY_03822,8570.02,insufficient_funds,55,7,0,0,5.7,1
PAY_03823,2345.59,checkout_abandon,38,6,4,1,0.92,1
PAY_03824,2025.0,gateway_timeout,16,6,3,0,0.91,0
PAY_03825,1799.01,insufficient_funds,13,5,2,0,1.56,1
PAY_03826,1935.7,insufficient_funds,49,9,3,0,15.48,1
PAY_03827,5873.97,insufficient_funds,52,7,3,0,7.62,1
PAY_03828,3149.68,insufficient_funds,1,7,4,0,15.6,0
PAY_03829,3163.19,card_expired,22,15,2,0,23.11,0
PAY_03830,811.45,gateway_timeout,33,9,4,0,7.52,1
PAY_03831,950.09,gateway_timeout,15,7,1,0,5.05,1
PAY_03832,21321.96,checkout_abandon,44,4,1,1,14.66,1
PAY_03833,2092.72,other,46,5,0,0,5.03,0
PAY_03834,1152.02,card_expired,51,4,4,0,13.34,0
PAY_03835,10458.24,mandate_expired,48,8,1,0,3.03,0
PAY_03836,3313.81,mandate_expired,51,7,1,0,12.19,1
PAY_03837,4456.87,mandate_expired,22,9,1,0,17.55,0
PAY_03838,2177.64,mandate_expired,18,15,1,0,2.35,1
PAY_03839,1817.78,checkout_abandon,19,8,1,4,9.48,1
PAY_03840,2110.03,checkout_abandon,52,4,1,5,16.17,0
PAY_03841,627.23,checkout_abandon,39,10,0,2,20.16,0
PAY_03842,2289.57,gateway_timeout,20,9,2,0,0.77,1
PAY_03843,3361.29,gateway_timeout,44,10,0,0,5.27,1
PAY_03844,15906.92,gateway_timeout,15,7,0,0,11.63,1
PAY_03845,2724.51,gateway_timeout,16,6,5,0,2.06,1
PAY_03846,242.23,checkout_abandon,1,8,1,2,16.18,0
PAY_03847,2275.74,checkout_abandon,58,11,1,3,27.23,0
PAY_03848,38698.27,insufficient_funds,15,4,0,0,1.69,1
PAY_03849,5945.63,gateway_timeout,46,5,3,0,7.11,1
PAY_03850,1111.16,gateway_timeout,8,4,4,0,2.81,1
PAY_03851,4514.96,mandate_expired,3,6,3,0,0.52,0
PAY_03852,1190.39,gateway_timeout,41,4,3,0,9.79,1
PAY_03853,645.64,insufficient_funds,6,8,5,0,59.96,0
PAY_03854,1764.6,insufficient_funds,9,8,1,0,31.93,1
PAY_03855,2739.61,checkout_abandon,20,9,2,1,1.92,1
PAY_03856,384.48,insufficient_funds,36,12,1,0,11.13,1
PAY_03857,792.26,checkout_abandon,2,8,2,4,0.31,0
PAY_03858,2525.97,checkout_abandon,8,7,3,2,3.23,0
PAY_03859,1662.16,other,21,7,3,0,12.56,0
PAY_03860,3710.26,mandate_expired,43,6,2,0,15.29,0
PAY_03861,742.02,insufficient_funds,6,8,0,0,0.13,1
PAY_03862,5105.94,gateway_timeout,18,9,5,0,4.68,1
PAY_03863,765.31,card_expired,12,12,5,0,26.55,0
PAY_03864,12923.21,gateway_timeout,19,9,2,0,34.16,1
PAY_03865,449.57,other,16,9,2,0,11.42,0
PAY_03866,838.4,checkout_abandon,39,7,3,5,22.14,0
PAY_03867,3794.91,insufficient_funds,5,5,3,0,12.31,0
PAY_03868,13204.06,insufficient_funds,57,2,1,0,18.36,0
PAY_03869,3425.8,other,15,11,2,0,60.35,0
PAY_03870,4389.21,other,60,6,1,0,12.47,0
PAY_03871,2544.23,card_expired,44,4,2,0,27.75,1
PAY_03872,895.74,gateway_timeout,22,11,1,0,34.56,0
PAY_03873,1531.35,card_expired,19,6,1,0,18.34,0
PAY_03874,744.07,insufficient_funds,57,13,4,0,0.31,1
PAY_03875,695.99,gateway_timeout,60,5,0,0,15.39,1
PAY_03876,3736.09,mandate_expired,37,8,2,0,6.14,0
PAY_03877,813.11,other,3,10,3,0,7.54,0
PAY_03878,3441.28,gateway_timeout,55,10,1,0,7.65,1
PAY_03879,680.09,checkout_abandon,29,6,3,2,12.98,0
PAY_03880,3362.46,insufficient_funds,2,8,3,0,2.2,0
PAY_03881,1533.59,gateway_timeout,49,7,1,0,34.09,1
PAY_03882,10205.29,insufficient_funds,2,10,0,0,26.25,0
PAY_03883,3455.65,card_expired,23,10,2,0,36.16,0
PAY_03884,8602.68,insufficient_funds,5,5,2,0,8.83,0
PAY_03885,1174.27,mandate_expired,27,10,5,0,28.5,1
PAY_03886,2644.37,gateway_timeout,49,8,2,0,0.1,1
PAY_03887,937.26,checkout_abandon,8,9,1,1,2.96,0
PAY_03888,1653.15,gateway_timeout,9,6,1,0,24.8,0
PAY_03889,1923.58,gateway_timeout,58,6,4,0,2.79,1
PAY_03890,1209.77,checkout_abandon,11,9,2,5,11.63,1
PAY_03891,741.4,mandate_expired,7,5,3,0,22.03,0
PAY_03892,608.22,other,36,12,1,0,2.07,0
PAY_03893,240.88,gateway_timeout,17,12,2,0,3.23,1
PAY_03894,869.31,checkout_abandon,58,12,2,3,22.15,0
PAY_03895,4682.28,other,10,9,3,0,9.24,0
PAY_03896,505.5,gateway_timeout,35,6,1,0,18.0,1
PAY_03897,636.46,card_expired,56,5,1,0,3.92,0
PAY_03898,14987.09,other,44,8,1,0,12.27,0
PAY_03899,1322.86,card_expired,2,8,2,0,1.65,0
PAY_03900,3446.42,checkout_abandon,12,9,2,2,6.58,0
PAY_03901,4752.2,mandate_expired,8,9,3,0,7.42,0
PAY_03902,4849.22,checkout_abandon,55,12,4,5,10.86,1
PAY_03903,545.52,checkout_abandon,13,8,0,2,10.32,0
PAY_03904,1984.23,other,4,10,2,0,1.1,0
PAY_03905,495.62,gateway_timeout,23,6,1,0,10.16,1
PAY_03906,28864.39,card_expired,17,4,3,0,3.69,0
PAY_03907,507.33,checkout_abandon,10,8,1,2,6.49,1
PAY_03908,876.74,insufficient_funds,28,7,1,0,9.76,1
PAY_03909,883.11,mandate_expired,55,4,3,0,9.06,1
PAY_03910,559.69,card_expired,14,8,1,0,6.97,0
PAY_03911,9668.61,checkout_abandon,59,6,2,2,0.54,0
PAY_03912,28183.55,card_expired,40,14,2,0,21.99,0
PAY_03913,1553.55,gateway_timeout,23,9,2,0,11.21,1
PAY_03914,667.56,other,41,7,3,0,15.69,0
PAY_03915,266.97,mandate_expired,21,10,1,0,3.37,0
PAY_03916,1958.51,card_expired,13,11,0,0,12.22,0
PAY_03917,1821.98,gateway_timeout,15,5,1,0,1.38,1
PAY_03918,1303.42,gateway_timeout,1,7,2,0,2.31,1
PAY_03919,3119.48,other,39,12,1,0,38.57,0
PAY_03920,3711.6,insufficient_funds,5,7,3,0,2.76,1
PAY_03921,3453.45,gateway_timeout,12,9,1,0,9.59,0
PAY_03922,1822.42,card_expired,1,7,2,0,3.05,0
PAY_03923,830.83,mandate_expired,4,11,3,0,3.39,1
PAY_03924,4865.28,card_expired,55,9,1,0,15.13,1
PAY_03925,2531.48,mandate_expired,2,10,4,0,15.97,1
PAY_03926,6077.83,other,38,10,0,0,8.02,0
PAY_03927,5508.91,checkout_abandon,20,8,2,5,7.97,1
PAY_03928,603.22,checkout_abandon,9,8,2,2,2.47,0
PAY_03929,595.75,card_expired,18,7,2,0,21.11,0
PAY_03930,1174.39,mandate_expired,6,7,0,0,16.15,1
PAY_03931,869.38,insufficient_funds,19,9,2,0,7.8,1
PAY_03932,5320.37,gateway_timeout,50,13,0,0,14.12,0
PAY_03933,3552.32,checkout_abandon,38,8,1,4,21.02,1
PAY_03934,7504.29,card_expired,49,4,1,0,6.68,1
PAY_03935,3716.48,checkout_abandon,42,6,4,5,5.74,0
PAY_03936,3080.03,card_expired,56,7,0,0,8.8,0
PAY_03937,8298.05,card_expired,7,9,2,0,20.16,0
PAY_03938,3998.89,gateway_timeout,10,15,0,0,25.63,1
PAY_03939,2676.18,checkout_abandon,25,9,0,2,11.5,0
PAY_03940,10987.34,checkout_abandon,32,6,2,2,9.11,0
PAY_03941,2805.19,insufficient_funds,48,10,3,0,1.16,1
PAY_03942,1844.02,checkout_abandon,8,8,2,3,1.31,0
PAY_03943,1081.63,checkout_abandon,7,9,2,4,15.56,0
PAY_03944,5049.64,card_expired,48,4,0,0,8.45,0
PAY_03945,8613.59,checkout_abandon,33,7,2,1,18.63,0
PAY_03946,2376.68,insufficient_funds,25,8,2,0,7.75,1
PAY_03947,9246.14,checkout_abandon,14,10,3,1,10.12,0
PAY_03948,348.64,card_expired,42,12,3,0,20.16,0
PAY_03949,2365.14,checkout_abandon,49,3,2,1,9.8,0
PAY_03950,2401.75,gateway_timeout,2,5,3,0,14.89,1
PAY_03951,1208.4,other,4,6,3,0,50.8,0
PAY_03952,27116.75,insufficient_funds,47,7,1,0,46.71,0
PAY_03953,2339.88,gateway_timeout,54,5,1,0,17.09,1
PAY_03954,1662.89,gateway_timeout,14,11,4,0,13.03,1
PAY_03955,2565.76,mandate_expired,43,5,0,0,20.75,0
PAY_03956,337.39,card_expired,51,9,1,0,7.27,0
PAY_03957,1169.32,insufficient_funds,7,6,3,0,0.85,1
PAY_03958,6682.76,card_expired,12,9,2,0,2.42,0
PAY_03959,1332.88,mandate_expired,8,7,0,0,0.5,1
PAY_03960,1091.35,other,48,8,2,0,2.36,1
PAY_03961,9261.04,other,47,4,2,0,7.57,0
PAY_03962,9550.04,card_expired,9,9,3,0,6.85,0
PAY_03963,4192.43,insufficient_funds,11,6,1,0,6.42,1
PAY_03964,1585.93,gateway_timeout,40,9,0,0,2.96,1
PAY_03965,1967.61,other,54,2,2,0,2.34,0
PAY_03966,1118.67,checkout_abandon,47,9,0,2,2.07,1
PAY_03967,924.52,checkout_abandon,11,9,0,1,15.87,1
PAY_03968,879.74,other,24,9,2,0,3.1,0
PAY_03969,1347.48,other,4,7,2,0,0.28,0
PAY_03970,888.31,mandate_expired,15,12,1,0,6.36,0
PAY_03971,523.4,other,34,7,4,0,22.71,1
PAY_03972,3113.33,insufficient_funds,21,13,4,0,18.14,1
PAY_03973,3160.99,card_expired,37,7,3,0,9.05,1
PAY_03974,13695.72,other,18,11,1,0,11.34,0
PAY_03975,1281.4,insufficient_funds,34,8,0,0,0.1,1
PAY_03976,3361.51,insufficient_funds,38,8,2,0,7.21,1
PAY_03977,3417.82,card_expired,12,7,1,0,12.56,0
PAY_03978,1939.54,checkout_abandon,3,7,1,2,24.08,0
PAY_03979,5262.6,insufficient_funds,21,8,3,0,34.45,0
PAY_03980,5427.72,gateway_timeout,3,4,3,0,0.19,1
PAY_03981,3468.43,gateway_timeout,10,12,2,0,4.68,1
PAY_03982,1936.05,gateway_timeout,18,16,2,0,2.74,1
PAY_03983,1748.5,other,21,11,6,0,16.31,0
PAY_03984,636.7,mandate_expired,17,9,1,0,5.28,1
PAY_03985,1116.69,mandate_expired,4,8,0,0,0.78,0
PAY_03986,1342.16,insufficient_funds,11,9,2,0,27.98,0
PAY_03987,812.47,gateway_timeout,53,7,0,0,23.05,1
PAY_03988,3881.47,gateway_timeout,44,10,2,0,15.74,1
PAY_03989,8272.35,card_expired,27,6,1,0,9.48,1
PAY_03990,1008.26,other,2,3,2,0,6.42,0
PAY_03991,3319.23,gateway_timeout,22,7,5,0,26.06,1
PAY_03992,888.86,other,56,13,2,0,0.9,0
PAY_03993,1842.95,insufficient_funds,49,11,1,0,6.7,1
PAY_03994,1253.53,gateway_timeout,46,6,3,0,13.18,1
PAY_03995,4563.94,card_expired,15,11,1,0,24.38,0
PAY_03996,1268.08,gateway_timeout,25,10,3,0,21.25,0
PAY_03997,6875.41,other,2,9,3,0,18.37,0
PAY_03998,1955.35,insufficient_funds,52,13,2,0,12.41,0
PAY_03999,1305.63,card_expired,7,11,6,0,11.6,0
PAY_04000,713.9,insufficient_funds,38,9,3,0,20.19,1
PAY_04001,3220.37,insufficient_funds,17,4,3,0,22.55,1
PAY_04002,6119.68,gateway_timeout,35,10,4,0,16.56,1
PAY_04003,3285.81,other,50,3,2,0,15.26,0
PAY_04004,23455.91,checkout_abandon,19,7,0,2,4.34,1
PAY_04005,10444.53,mandate_expired,2,12,1,0,2.32,0
PAY_04006,1838.16,insufficient_funds,40,5,1,0,1.34,0
PAY_04007,1818.96,insufficient_funds,32,12,1,0,3.54,1
PAY_04008,3998.77,insufficient_funds,9,4,1,0,21.19,1
PAY_04009,1081.42,card_expired,3,11,2,0,15.43,0
PAY_04010,8025.14,insufficient_funds,32,3,1,0,11.87,1
PAY_04011,3589.06,gateway_timeout,37,6,0,0,2.21,1
PAY_04012,3230.86,checkout_abandon,7,6,1,1,18.29,1
PAY_04013,4969.13,checkout_abandon,36,10,4,4,27.26,1
PAY_04014,14000.89,gateway_timeout,27,6,1,0,21.28,0
PAY_04015,2966.09,insufficient_funds,9,12,0,0,2.21,1
PAY_04016,2232.79,gateway_timeout,37,10,0,0,22.75,0
PAY_04017,11302.35,mandate_expired,39,8,3,0,15.6,1
PAY_04018,6578.73,insufficient_funds,10,7,1,0,6.59,1
PAY_04019,1813.59,mandate_expired,41,13,1,0,16.68,0
PAY_04020,2513.0,insufficient_funds,14,12,0,0,4.66,1
PAY_04021,3039.44,other,36,15,2,0,6.02,0
PAY_04022,3589.83,other,49,4,2,0,29.34,0
PAY_04023,643.84,insufficient_funds,57,6,0,0,53.31,1
PAY_04024,534.62,checkout_abandon,16,7,4,1,3.39,0
PAY_04025,1029.32,gateway_timeout,21,7,1,0,20.48,1
PAY_04026,952.71,card_expired,6,11,0,0,34.62,0
PAY_04027,1313.2,checkout_abandon,59,8,1,1,27.72,1
PAY_04028,4716.19,checkout_abandon,20,6,1,5,11.3,0
PAY_04029,2111.42,insufficient_funds,49,7,3,0,0.42,0
PAY_04030,3042.52,insufficient_funds,57,10,1,0,4.05,1
PAY_04031,734.91,mandate_expired,29,8,2,0,26.24,1
PAY_04032,1575.62,checkout_abandon,42,6,2,3,2.26,0
PAY_04033,4497.62,card_expired,29,8,1,0,12.21,0
PAY_04034,4532.36,card_expired,35,9,1,0,29.85,0
PAY_04035,1211.33,mandate_expired,15,6,2,0,10.13,0
PAY_04036,2938.66,checkout_abandon,51,8,1,4,20.46,1
PAY_04037,22536.55,other,8,8,4,0,29.52,0
PAY_04038,2456.39,card_expired,40,8,3,0,7.38,0
PAY_04039,1249.95,other,56,9,5,0,13.33,0
PAY_04040,2101.24,other,49,3,4,0,9.12,1
PAY_04041,2741.4,gateway_timeout,46,10,1,0,15.11,1
PAY_04042,2149.26,mandate_expired,40,5,1,0,10.45,1
PAY_04043,2422.83,mandate_expired,57,4,2,0,1.06,1
PAY_04044,590.28,insufficient_funds,52,6,2,0,7.81,1
PAY_04045,954.72,mandate_expired,17,7,2,0,9.61,1
PAY_04046,2153.2,gateway_timeout,38,8,3,0,8.88,1
PAY_04047,2119.17,checkout_abandon,26,7,0,3,31.54,1
PAY_04048,1419.21,insufficient_funds,16,5,1,0,23.38,1
PAY_04049,2094.42,mandate_expired,50,13,2,0,22.53,0
PAY_04050,2657.29,mandate_expired,3,10,4,0,1.88,0
PAY_04051,6084.25,checkout_abandon,8,6,1,2,18.25,0
PAY_04052,2263.88,insufficient_funds,7,10,3,0,0.48,0
PAY_04053,3726.22,checkout_abandon,13,8,2,1,9.72,0
PAY_04054,1454.54,insufficient_funds,31,6,2,0,19.44,0
PAY_04055,4429.94,gateway_timeout,57,9,1,0,13.63,1
PAY_04056,3640.14,gateway_timeout,59,5,3,0,2.56,1
PAY_04057,5942.37,other,55,8,3,0,24.92,0
PAY_04058,5102.61,gateway_timeout,46,5,2,0,0.94,0
PAY_04059,4504.27,checkout_abandon,28,5,6,2,3.23,0
PAY_04060,2265.68,other,47,8,3,0,9.07,0
PAY_04061,3193.86,gateway_timeout,17,9,0,0,2.76,1
PAY_04062,7241.29,other,40,8,1,0,23.66,0
PAY_04063,1302.41,insufficient_funds,1,6,1,0,1.82,0
PAY_04064,1333.6,gateway_timeout,55,7,5,0,2.3,1
PAY_04065,2997.33,insufficient_funds,59,8,2,0,6.63,1
PAY_04066,3786.99,checkout_abandon,45,7,0,4,10.78,0
PAY_04067,1096.57,other,11,11,2,0,4.1,0
PAY_04068,2319.91,mandate_expired,16,2,2,0,12.4,1
PAY_04069,2275.71,checkout_abandon,45,8,2,2,4.53,0
PAY_04070,272.81,gateway_timeout,30,10,1,0,27.21,1
PAY_04071,2007.11,other,33,6,2,0,38.34,0
PAY_04072,2136.08,checkout_abandon,25,6,1,3,3.36,1
PAY_04073,2129.74,gateway_timeout,51,7,0,0,15.05,1
PAY_04074,10300.63,other,10,9,2,0,4.42,1
PAY_04075,741.18,gateway_timeout,27,8,0,0,7.97,1
PAY_04076,1096.0,gateway_timeout,14,9,1,0,32.8,1
PAY_04077,183.43,insufficient_funds,42,6,1,0,11.46,1
PAY_04078,1545.54,insufficient_funds,18,14,1,0,13.84,1
PAY_04079,1683.12,card_expired,18,12,3,0,6.46,0
PAY_04080,1501.27,checkout_abandon,11,8,3,3,1.94,0
PAY_04081,7568.3,other,52,13,3,0,9.67,1
PAY_04082,5911.55,insufficient_funds,14,12,1,0,20.69,1
PAY_04083,2702.42,checkout_abandon,53,3,1,5,9.08,1
PAY_04084,1725.78,mandate_expired,55,14,5,0,0.89,0
PAY_04085,6976.03,checkout_abandon,58,5,3,3,21.35,1
PAY_04086,2451.09,checkout_abandon,21,7,2,1,2.44,1
PAY_04087,1102.99,checkout_abandon,40,12,4,4,27.41,0
PAY_04088,449.35,mandate_expired,50,9,3,0,12.87,0
PAY_04089,1607.98,card_expired,5,7,1,0,6.56,0
PAY_04090,5317.13,gateway_timeout,4,4,2,0,10.75,0
PAY_04091,24357.25,checkout_abandon,13,2,1,5,10.21,1
PAY_04092,2658.87,mandate_expired,59,1,4,0,1.67,1
PAY_04093,1162.92,gateway_timeout,6,7,2,0,7.73,0
PAY_04094,764.39,insufficient_funds,46,8,1,0,7.3,1
PAY_04095,4341.61,other,51,11,4,0,4.91,1
PAY_04096,428.13,insufficient_funds,55,1,1,0,24.67,0
PAY_04097,4334.63,insufficient_funds,32,9,2,0,5.37,0
PAY_04098,5663.27,checkout_abandon,32,7,0,1,19.02,0
PAY_04099,3867.35,insufficient_funds,45,10,5,0,14.19,0
PAY_04100,2006.98,insufficient_funds,39,10,1,0,6.8,1
PAY_04101,4398.36,insufficient_funds,48,13,3,0,4.36,1
PAY_04102,2966.04,insufficient_funds,22,5,1,0,1.52,1
PAY_04103,1148.17,gateway_timeout,57,9,5,0,0.7,1
PAY_04104,15906.11,card_expired,26,4,1,0,0.33,1
PAY_04105,1758.76,gateway_timeout,15,10,1,0,7.85,1
PAY_04106,5430.56,gateway_timeout,46,8,2,0,19.2,1
PAY_04107,222.61,checkout_abandon,38,6,1,4,34.97,0
PAY_04108,8959.92,gateway_timeout,3,10,1,0,3.24,1
PAY_04109,10859.65,gateway_timeout,10,7,1,0,1.74,1
PAY_04110,2575.71,gateway_timeout,3,7,4,0,4.02,1
PAY_04111,4371.31,gateway_timeout,35,10,4,0,12.55,1
PAY_04112,4370.19,gateway_timeout,53,10,2,0,9.45,1
PAY_04113,1314.57,insufficient_funds,20,5,3,0,4.45,1
PAY_04114,4320.68,other,7,10,1,0,3.37,0
PAY_04115,1113.67,other,52,9,0,0,18.54,0
PAY_04116,1360.07,card_expired,44,9,3,0,31.67,0
PAY_04117,7715.52,insufficient_funds,33,3,2,0,6.89,1
PAY_04118,6625.65,card_expired,12,8,2,0,7.26,0
PAY_04119,1233.57,checkout_abandon,41,10,0,2,11.72,1
PAY_04120,1200.47,insufficient_funds,22,10,2,0,34.05,0
PAY_04121,1310.87,other,15,4,2,0,10.2,0
PAY_04122,5201.41,card_expired,18,7,2,0,7.95,0
PAY_04123,919.71,insufficient_funds,4,8,2,0,11.13,0
PAY_04124,3571.56,other,30,6,1,0,0.65,1
PAY_04125,5275.84,insufficient_funds,46,10,2,0,10.88,1
PAY_04126,2288.84,checkout_abandon,50,9,2,5,9.14,1
PAY_04127,6864.44,insufficient_funds,44,8,1,0,6.09,1
PAY_04128,1844.08,insufficient_funds,53,7,0,0,3.8,1
PAY_04129,2018.66,other,58,7,3,0,0.1,0
PAY_04130,940.87,checkout_abandon,14,14,4,3,29.81,0
PAY_04131,6913.45,gateway_timeout,27,14,1,0,21.57,1
PAY_04132,1161.57,card_expired,21,4,2,0,24.36,0
PAY_04133,3546.86,other,42,6,0,0,1.57,0
PAY_04134,2327.92,other,51,9,0,0,13.84,0
PAY_04135,872.41,other,54,13,2,0,2.28,1
PAY_04136,1359.6,other,6,6,2,0,0.68,0
PAY_04137,9965.84,mandate_expired,31,5,1,0,11.93,1
PAY_04138,3058.57,gateway_timeout,8,10,1,0,4.7,1
PAY_04139,911.32,other,20,4,3,0,6.61,1
PAY_04140,3392.68,insufficient_funds,29,7,3,0,4.02,1
PAY_04141,2160.15,insufficient_funds,38,10,4,0,3.99,1
PAY_04142,79070.28,gateway_timeout,48,10,1,0,15.81,1
PAY_04143,3324.82,gateway_timeout,60,5,2,0,7.94,1
PAY_04144,1708.59,checkout_abandon,21,4,4,4,2.78,0
PAY_04145,10343.09,other,34,4,2,0,12.13,0
PAY_04146,396.63,checkout_abandon,5,9,2,3,4.07,0
PAY_04147,2747.28,checkout_abandon,7,2,1,3,8.52,1
PAY_04148,18370.01,gateway_timeout,59,10,2,0,20.17,1
PAY_04149,2225.74,mandate_expired,57,6,5,0,2.03,1
PAY_04150,441.75,insufficient_funds,57,4,2,0,24.17,1
PAY_04151,1682.65,insufficient_funds,16,5,3,0,9.06,1
PAY_04152,10706.05,mandate_expired,40,8,1,0,16.97,0
PAY_04153,3641.37,checkout_abandon,14,5,4,4,15.15,0
PAY_04154,1080.51,gateway_timeout,41,10,5,0,15.82,1
PAY_04155,1259.92,gateway_timeout,30,5,2,0,12.27,0
PAY_04156,1428.45,insufficient_funds,57,7,3,0,10.14,1
PAY_04157,3587.62,mandate_expired,23,12,2,0,7.62,0
PAY_04158,9530.4,gateway_timeout,39,1,1,0,6.91,1
PAY_04159,7161.46,gateway_timeout,40,8,1,0,0.38,1
PAY_04160,3944.42,other,48,11,1,0,8.75,0
PAY_04161,660.11,mandate_expired,4,11,2,0,38.26,0
PAY_04162,662.56,insufficient_funds,28,4,0,0,14.28,1
PAY_04163,4261.17,mandate_expired,28,9,3,0,2.87,0
PAY_04164,651.04,insufficient_funds,14,7,0,0,7.15,0
PAY_04165,1995.16,insufficient_funds,49,8,2,0,6.98,0
PAY_04166,3388.68,mandate_expired,50,9,1,0,9.61,0
PAY_04167,801.47,insufficient_funds,5,4,3,0,4.05,0
PAY_04168,897.65,gateway_timeout,42,13,3,0,10.1,0
PAY_04169,2275.43,other,52,6,1,0,11.68,0
PAY_04170,4136.88,mandate_expired,18,8,1,0,13.81,0
PAY_04171,7226.9,other,38,6,0,0,2.37,0
PAY_04172,4587.54,other,38,9,1,0,6.96,0
PAY_04173,2691.09,gateway_timeout,2,9,1,0,6.12,1
PAY_04174,1185.42,mandate_expired,49,11,0,0,5.17,1
PAY_04175,856.74,gateway_timeout,46,14,0,0,3.41,1
PAY_04176,1499.92,mandate_expired,17,10,2,0,11.29,1
PAY_04177,3766.8,gateway_timeout,19,10,2,0,1.33,1
PAY_04178,3500.53,insufficient_funds,47,7,4,0,13.12,0
PAY_04179,306.17,insufficient_funds,49,8,1,0,6.53,0
PAY_04180,1139.53,card_expired,5,5,4,0,0.18,0
PAY_04181,8337.79,insufficient_funds,22,5,3,0,24.21,0
PAY_04182,2706.09,checkout_abandon,38,9,1,3,10.92,1
PAY_04183,606.1,card_expired,8,8,3,0,5.03,0
PAY_04184,26366.97,mandate_expired,60,10,2,0,9.41,1
PAY_04185,2428.68,gateway_timeout,13,7,1,0,33.32,1
PAY_04186,3671.59,insufficient_funds,52,9,3,0,4.01,1
PAY_04187,3727.79,other,4,7,0,0,1.97,0
PAY_04188,1730.99,checkout_abandon,53,4,3,3,8.48,0
PAY_04189,1207.7,gateway_timeout,3,6,4,0,3.64,1
PAY_04190,20862.76,other,41,11,3,0,3.76,0
PAY_04191,6817.53,insufficient_funds,22,8,3,0,3.71,1
PAY_04192,5687.26,gateway_timeout,28,9,2,0,14.86,1
PAY_04193,4448.56,insufficient_funds,7,7,1,0,4.49,0
PAY_04194,916.65,insufficient_funds,41,9,5,0,1.03,1
PAY_04195,8969.42,gateway_timeout,38,7,1,0,25.2,0
PAY_04196,1075.9,mandate_expired,20,8,3,0,2.31,1
PAY_04197,3318.71,gateway_timeout,29,9,1,0,43.7,1
PAY_04198,485.25,mandate_expired,34,10,2,0,39.6,1
PAY_04199,324.79,card_expired,42,10,3,0,9.7,0
PAY_04200,3436.94,other,33,3,3,0,2.04,0
PAY_04201,1113.15,insufficient_funds,4,8,2,0,0.4,0
PAY_04202,342.02,card_expired,33,13,2,0,25.28,0
PAY_04203,4292.63,insufficient_funds,21,7,3,0,1.22,0
PAY_04204,20829.53,mandate_expired,25,8,2,0,2.62,0
PAY_04205,10032.71,gateway_timeout,23,12,2,0,15.18,1
PAY_04206,1932.81,mandate_expired,22,6,0,0,7.39,0
PAY_04207,2522.21,insufficient_funds,15,4,2,0,14.11,0
PAY_04208,6073.88,mandate_expired,20,8,2,0,5.78,1
PAY_04209,7678.46,insufficient_funds,43,7,1,0,0.96,1
PAY_04210,1773.15,insufficient_funds,14,8,1,0,7.58,0
PAY_04211,2586.92,checkout_abandon,46,12,2,3,17.97,0
PAY_04212,3376.72,gateway_timeout,27,9,5,0,8.12,1
PAY_04213,4349.96,mandate_expired,37,6,0,0,50.89,0
PAY_04214,2188.5,mandate_expired,8,4,0,0,3.43,0
PAY_04215,2217.11,checkout_abandon,13,8,2,3,4.66,0
PAY_04216,9935.59,mandate_expired,55,9,3,0,2.24,1
PAY_04217,8379.69,card_expired,50,10,1,0,25.32,0
PAY_04218,4029.74,other,5,13,0,0,1.5,0
PAY_04219,13948.89,insufficient_funds,55,9,1,0,4.36,1
PAY_04220,1698.67,checkout_abandon,51,8,1,1,6.5,0
PAY_04221,12670.34,mandate_expired,9,9,2,0,0.89,1
PAY_04222,4300.82,insufficient_funds,15,4,2,0,0.56,0
PAY_04223,65845.88,gateway_timeout,11,9,1,0,20.9,0
PAY_04224,758.67,gateway_timeout,52,3,0,0,4.42,0
PAY_04225,1254.76,checkout_abandon,52,10,2,2,18.14,0
PAY_04226,3800.33,gateway_timeout,44,5,3,0,5.37,1
PAY_04227,3719.26,mandate_expired,16,6,7,0,4.37,1
PAY_04228,17574.16,checkout_abandon,56,7,0,1,20.43,1
PAY_04229,1281.35,mandate_expired,51,8,0,0,20.43,0
PAY_04230,6179.33,gateway_timeout,53,5,2,0,4.48,1
PAY_04231,7994.5,card_expired,22,9,4,0,1.75,0
PAY_04232,5057.84,mandate_expired,43,8,2,0,4.1,1
PAY_04233,956.28,insufficient_funds,41,6,2,0,5.42,0
PAY_04234,10216.96,insufficient_funds,10,15,1,0,10.64,1
PAY_04235,8547.3,gateway_timeout,35,4,2,0,4.75,1
PAY_04236,4553.4,other,33,14,2,0,4.47,0
PAY_04237,3066.81,gateway_timeout,36,8,3,0,17.63,1
PAY_04238,3134.28,insufficient_funds,21,5,2,0,7.09,0
PAY_04239,2310.71,insufficient_funds,41,8,1,0,23.85,0
PAY_04240,4744.93,insufficient_funds,54,11,3,0,20.45,1
PAY_04241,2579.06,gateway_timeout,37,14,1,0,16.35,1
PAY_04242,1070.11,card_expired,53,16,4,0,6.3,0
PAY_04243,876.08,checkout_abandon,47,6,2,1,2.93,0
PAY_04244,1178.51,card_expired,19,10,1,0,17.0,0
PAY_04245,3121.84,insufficient_funds,45,4,1,0,20.73,1
PAY_04246,2433.51,checkout_abandon,41,5,1,5,4.55,0
PAY_04247,3100.72,card_expired,57,8,0,0,10.05,0
PAY_04248,4125.16,mandate_expired,21,6,2,0,2.93,1
PAY_04249,1335.05,card_expired,10,10,2,0,3.9,0
PAY_04250,10826.0,gateway_timeout,41,6,2,0,19.02,1
PAY_04251,1912.82,checkout_abandon,38,8,0,3,21.56,0
PAY_04252,1620.71,mandate_expired,37,4,1,0,0.41,1
PAY_04253,4049.84,insufficient_funds,45,5,1,0,22.82,1
PAY_04254,398.43,card_expired,31,2,2,0,0.46,0
PAY_04255,1134.01,gateway_timeout,2,9,1,0,0.97,1
PAY_04256,6668.29,insufficient_funds,53,6,2,0,0.58,1
PAY_04257,439.93,card_expired,17,6,2,0,3.85,0
PAY_04258,7643.57,mandate_expired,15,11,2,0,3.42,1
PAY_04259,11329.7,other,49,5,1,0,2.73,0
PAY_04260,1727.78,other,48,7,3,0,2.15,0
PAY_04261,3347.13,gateway_timeout,31,14,1,0,56.71,1
PAY_04262,7655.14,mandate_expired,42,7,2,0,35.62,0
PAY_04263,1567.53,other,5,9,0,0,9.76,0
PAY_04264,5954.02,insufficient_funds,17,5,0,0,6.33,1
PAY_04265,1277.8,checkout_abandon,15,9,1,4,3.65,1
PAY_04266,1550.67,other,26,8,2,0,27.53,0
PAY_04267,1124.07,insufficient_funds,22,7,2,0,0.2,0
PAY_04268,3521.68,other,5,6,1,0,14.06,0
PAY_04269,7958.65,checkout_abandon,42,3,1,2,11.0,0
PAY_04270,2079.6,other,36,7,3,0,6.73,0
PAY_04271,701.2,checkout_abandon,23,9,5,1,8.91,0
PAY_04272,846.69,mandate_expired,54,8,1,0,13.45,1
PAY_04273,3709.47,card_expired,22,3,4,0,6.97,0
PAY_04274,15806.28,insufficient_funds,8,8,1,0,4.01,0
PAY_04275,3706.23,checkout_abandon,51,7,3,1,33.4,0
PAY_04276,1697.9,other,8,8,1,0,5.78,0
PAY_04277,5378.85,other,5,7,1,0,9.81,1
PAY_04278,1967.56,other,29,11,1,0,6.12,0
PAY_04279,1712.59,mandate_expired,35,12,0,0,4.86,1
PAY_04280,958.71,mandate_expired,17,11,2,0,18.0,0
PAY_04281,10224.02,checkout_abandon,51,8,1,5,25.63,0
PAY_04282,197.32,checkout_abandon,17,11,0,2,1.64,1
PAY_04283,5551.95,checkout_abandon,58,6,2,2,1.85,1
PAY_04284,1572.31,insufficient_funds,39,10,0,0,11.5,1
PAY_04285,1658.56,insufficient_funds,12,13,1,0,38.78,0
PAY_04286,13580.11,checkout_abandon,25,8,0,1,0.14,0
PAY_04287,1224.04,gateway_timeout,5,4,1,0,4.24,1
PAY_04288,1266.45,gateway_timeout,51,7,5,0,14.24,0
PAY_04289,2194.37,insufficient_funds,39,8,0,0,16.47,1
PAY_04290,3781.57,card_expired,26,8,1,0,11.51,0
PAY_04291,1607.11,other,41,16,1,0,25.73,0
PAY_04292,518.11,checkout_abandon,37,10,1,1,6.51,0
PAY_04293,1051.89,other,36,10,3,0,7.14,0
PAY_04294,9003.6,other,24,6,5,0,8.12,0
PAY_04295,2694.11,insufficient_funds,22,6,1,0,4.73,1
PAY_04296,3925.05,insufficient_funds,16,7,3,0,25.39,0
PAY_04297,1924.89,insufficient_funds,48,7,0,0,21.02,1
PAY_04298,1292.78,insufficient_funds,29,14,2,0,1.86,0
PAY_04299,13381.33,checkout_abandon,29,4,1,5,12.73,0
PAY_04300,2071.14,gateway_timeout,44,3,1,0,10.45,1
PAY_04301,1604.67,other,32,5,3,0,22.39,1
PAY_04302,7481.5,checkout_abandon,58,14,4,2,0.67,1
PAY_04303,1214.01,gateway_timeout,15,7,0,0,1.37,1
PAY_04304,1379.28,other,3,5,4,0,37.85,0
PAY_04305,2525.75,other,26,4,1,0,11.79,0
PAY_04306,2500.68,card_expired,32,5,0,0,14.52,0
PAY_04307,3241.07,card_expired,50,9,0,0,8.73,1
PAY_04308,20246.05,other,39,9,0,0,2.58,0
PAY_04309,3499.22,checkout_abandon,57,8,2,1,16.08,0
PAY_04310,231.83,other,6,10,1,0,2.94,0
PAY_04311,3464.57,insufficient_funds,33,5,2,0,2.79,0
PAY_04312,2596.52,checkout_abandon,50,14,2,4,8.04,1
PAY_04313,2611.02,checkout_abandon,31,5,3,4,3.32,0
PAY_04314,3197.08,insufficient_funds,17,10,4,0,3.82,0
PAY_04315,2429.32,insufficient_funds,47,10,4,0,2.08,1
PAY_04316,2371.87,insufficient_funds,53,8,0,0,5.19,0
PAY_04317,4615.11,gateway_timeout,16,8,1,0,9.86,1
PAY_04318,1453.84,insufficient_funds,34,12,0,0,3.63,1
PAY_04319,969.09,gateway_timeout,49,7,3,0,14.15,0
PAY_04320,51422.31,card_expired,10,10,3,0,15.7,1
PAY_04321,1221.93,checkout_abandon,1,8,2,1,19.68,0
PAY_04322,2763.32,mandate_expired,45,13,1,0,11.1,1
PAY_04323,560.25,insufficient_funds,46,9,2,0,8.49,1
PAY_04324,2808.81,card_expired,10,3,1,0,30.74,0
PAY_04325,983.21,insufficient_funds,36,5,2,0,30.42,1
PAY_04326,1606.11,gateway_timeout,44,8,3,0,1.51,1
PAY_04327,7108.96,checkout_abandon,58,13,1,3,18.61,1
PAY_04328,4008.03,other,49,7,3,0,1.92,0
PAY_04329,4413.64,other,14,7,5,0,19.37,0
PAY_04330,425.32,card_expired,35,7,3,0,7.02,0
PAY_04331,15692.55,mandate_expired,44,9,2,0,4.07,1
PAY_04332,759.12,checkout_abandon,17,10,2,4,23.78,1
PAY_04333,11528.84,mandate_expired,10,6,4,0,1.98,0
PAY_04334,6943.7,insufficient_funds,27,11,0,0,35.3,0
PAY_04335,4453.2,gateway_timeout,44,8,4,0,10.86,1
PAY_04336,1063.22,other,32,5,3,0,14.62,0
PAY_04337,2909.21,other,37,7,1,0,29.26,0
PAY_04338,1561.07,gateway_timeout,40,7,0,0,2.57,1
PAY_04339,2573.66,insufficient_funds,58,10,0,0,11.26,1
PAY_04340,1947.25,insufficient_funds,39,8,1,0,1.13,1
PAY_04341,325.52,checkout_abandon,9,11,0,1,35.24,0
PAY_04342,7675.82,insufficient_funds,25,4,0,0,10.04,1
PAY_04343,2305.24,mandate_expired,11,7,1,0,7.79,0
PAY_04344,1539.55,insufficient_funds,46,5,1,0,6.85,1
PAY_04345,1427.56,insufficient_funds,60,11,2,0,15.93,0
PAY_04346,3577.81,gateway_timeout,47,10,0,0,19.4,1
PAY_04347,1022.79,card_expired,15,16,2,0,2.37,0
PAY_04348,262.14,gateway_timeout,42,7,1,0,17.38,1
PAY_04349,3756.25,checkout_abandon,2,8,2,2,14.79,0
PAY_04350,4201.3,mandate_expired,17,7,1,0,5.57,0
PAY_04351,2047.58,card_expired,19,5,3,0,1.62,1
PAY_04352,793.25,gateway_timeout,29,11,1,0,30.48,1
PAY_04353,2732.53,mandate_expired,20,4,1,0,5.85,1
PAY_04354,577.97,gateway_timeout,26,3,1,0,24.11,1
PAY_04355,894.99,mandate_expired,1,7,1,0,35.54,0
PAY_04356,1180.09,checkout_abandon,50,7,0,1,20.71,0
PAY_04357,5813.77,other,24,8,3,0,2.75,0
PAY_04358,1739.64,other,49,13,4,0,17.19,0
PAY_04359,1597.48,card_expired,4,11,2,0,0.34,0
PAY_04360,17654.37,other,52,6,0,0,9.35,0
PAY_04361,3556.42,insufficient_funds,38,11,0,0,33.29,1
PAY_04362,3508.84,mandate_expired,14,7,3,0,2.99,0
PAY_04363,1727.35,insufficient_funds,46,12,2,0,1.71,1
PAY_04364,1377.02,gateway_timeout,45,10,1,0,24.57,1
PAY_04365,280.8,checkout_abandon,44,12,3,2,2.32,0
PAY_04366,6586.56,mandate_expired,53,8,1,0,15.55,0
PAY_04367,3914.16,mandate_expired,58,9,2,0,3.57,1
PAY_04368,2089.92,card_expired,10,6,4,0,27.57,0
PAY_04369,2179.43,checkout_abandon,17,10,1,3,2.41,0
PAY_04370,5219.67,other,3,7,2,0,17.07,1
PAY_04371,528.13,other,4,9,1,0,32.91,0
PAY_04372,1385.98,card_expired,7,8,1,0,4.94,0
PAY_04373,802.51,insufficient_funds,42,13,0,0,1.88,1
PAY_04374,14699.3,checkout_abandon,37,10,3,2,9.53,1
PAY_04375,6001.12,mandate_expired,3,8,1,0,9.31,1
PAY_04376,276.26,other,26,10,0,0,1.18,0
PAY_04377,550.2,insufficient_funds,7,10,3,0,2.63,0
PAY_04378,2190.1,gateway_timeout,12,11,1,0,28.68,1
PAY_04379,1558.7,gateway_timeout,4,6,2,0,2.14,1
PAY_04380,664.92,gateway_timeout,32,8,3,0,0.3,1
PAY_04381,17479.92,card_expired,5,10,2,0,15.53,0
PAY_04382,3417.23,insufficient_funds,48,8,0,0,4.82,0
PAY_04383,4019.3,gateway_timeout,56,11,2,0,43.31,1
PAY_04384,1251.42,mandate_expired,52,5,2,0,20.59,1
PAY_04385,5147.78,gateway_timeout,50,8,2,0,3.98,1
PAY_04386,1708.91,insufficient_funds,46,5,2,0,5.74,1
PAY_04387,1883.15,checkout_abandon,55,6,1,4,10.09,0
PAY_04388,4605.69,checkout_abandon,54,7,2,5,16.0,1
PAY_04389,490.32,other,13,7,4,0,25.68,1
PAY_04390,12345.83,mandate_expired,37,11,3,0,6.44,0
PAY_04391,3000.2,other,19,18,4,0,8.71,0
PAY_04392,9000.09,insufficient_funds,51,9,1,0,6.66,1
PAY_04393,852.89,card_expired,1,12,2,0,11.55,0
PAY_04394,993.15,checkout_abandon,26,10,0,3,3.09,0
PAY_04395,782.23,mandate_expired,23,9,2,0,13.98,0
PAY_04396,3211.02,checkout_abandon,52,5,3,2,5.28,0
PAY_04397,2670.52,insufficient_funds,18,9,1,0,18.52,0
PAY_04398,1571.26,insufficient_funds,54,4,1,0,14.33,1
PAY_04399,906.85,card_expired,30,8,1,0,3.47,0
PAY_04400,704.47,card_expired,42,11,2,0,25.66,0
PAY_04401,2381.68,insufficient_funds,32,8,3,0,14.98,1
PAY_04402,1569.42,mandate_expired,26,9,0,0,1.48,1
PAY_04403,1259.46,mandate_expired,19,7,1,0,11.65,0
PAY_04404,11744.44,checkout_abandon,17,13,3,2,6.45,0
PAY_04405,2302.43,gateway_timeout,39,7,1,0,14.86,1
PAY_04406,8902.51,other,20,4,6,0,6.49,0
PAY_04407,1466.73,mandate_expired,52,6,1,0,12.85,1
PAY_04408,3193.34,mandate_expired,8,8,1,0,6.17,1
PAY_04409,2365.09,mandate_expired,13,7,2,0,14.0,0
PAY_04410,457.8,mandate_expired,3,12,3,0,22.85,0
PAY_04411,10429.4,insufficient_funds,52,7,1,0,54.69,0
PAY_04412,2183.95,other,25,7,3,0,23.98,0
PAY_04413,5273.58,gateway_timeout,3,6,2,0,4.27,1
PAY_04414,1178.52,card_expired,3,10,2,0,10.64,0
PAY_04415,2120.06,other,56,5,3,0,11.57,0
PAY_04416,1050.68,mandate_expired,53,7,1,0,18.55,1
PAY_04417,8604.53,checkout_abandon,17,9,2,3,5.86,1
PAY_04418,3413.37,insufficient_funds,39,11,1,0,29.59,1
PAY_04419,3608.69,gateway_timeout,16,8,1,0,26.04,1
PAY_04420,9722.81,checkout_abandon,51,11,4,2,32.5,1
PAY_04421,7945.71,insufficient_funds,43,13,1,0,2.96,1
PAY_04422,5374.33,insufficient_funds,27,15,2,0,1.93,0
PAY_04423,603.24,other,56,12,4,0,6.1,0
PAY_04424,1246.84,gateway_timeout,14,6,0,0,49.88,0
PAY_04425,916.13,gateway_timeout,60,5,2,0,17.14,0
PAY_04426,5174.92,gateway_timeout,18,10,2,0,2.54,1
PAY_04427,2965.19,mandate_expired,54,6,3,0,9.41,1
PAY_04428,622.37,checkout_abandon,52,13,2,5,0.71,1
PAY_04429,2070.0,card_expired,34,8,1,0,2.9,0
PAY_04430,561.12,checkout_abandon,8,12,2,1,0.35,1
PAY_04431,2370.58,insufficient_funds,46,9,1,0,9.24,0
PAY_04432,477.55,checkout_abandon,42,12,5,3,8.49,0
PAY_04433,4242.35,insufficient_funds,52,7,2,0,3.2,1
PAY_04434,3648.27,card_expired,14,4,6,0,0.7,0
PAY_04435,16848.12,insufficient_funds,15,10,1,0,29.91,1
PAY_04436,5836.69,insufficient_funds,22,11,0,0,25.79,1
PAY_04437,1637.84,checkout_abandon,23,7,3,3,15.85,0
PAY_04438,5665.31,insufficient_funds,1,8,0,0,10.65,0
PAY_04439,617.93,checkout_abandon,10,14,4,3,7.8,0
PAY_04440,954.87,checkout_abandon,29,8,1,2,2.87,0
PAY_04441,3488.37,other,59,8,2,0,3.66,1
PAY_04442,288.82,insufficient_funds,8,7,2,0,1.13,0
PAY_04443,2408.8,checkout_abandon,15,9,1,4,11.18,0
PAY_04444,901.25,mandate_expired,52,6,1,0,7.0,0
PAY_04445,2766.54,insufficient_funds,3,13,1,0,72.0,0
PAY_04446,850.91,mandate_expired,6,9,2,0,1.33,0
PAY_04447,3821.1,card_expired,54,6,2,0,6.55,0
PAY_04448,2548.79,card_expired,16,9,3,0,2.51,0
PAY_04449,10141.71,other,19,8,2,0,19.43,0
PAY_04450,2516.89,mandate_expired,1,7,2,0,2.41,0
PAY_04451,1159.1,gateway_timeout,25,7,1,0,38.76,1
PAY_04452,1953.07,other,60,6,1,0,6.71,0
PAY_04453,651.85,insufficient_funds,60,11,1,0,0.99,1
PAY_04454,3752.52,checkout_abandon,39,6,1,1,1.16,0
PAY_04455,4509.3,card_expired,41,10,0,0,7.43,0
PAY_04456,29532.36,other,39,8,0,0,22.71,0
PAY_04457,1342.39,other,42,4,0,0,21.82,0
PAY_04458,1912.66,insufficient_funds,32,10,1,0,26.82,1
PAY_04459,1405.7,mandate_expired,13,15,3,0,44.72,1
PAY_04460,3090.72,insufficient_funds,53,4,0,0,47.93,0
PAY_04461,3661.9,card_expired,53,6,5,0,64.3,0
PAY_04462,2370.06,mandate_expired,9,13,4,0,9.41,0
PAY_04463,7408.42,insufficient_funds,6,9,2,0,9.15,1
PAY_04464,1348.93,card_expired,48,13,3,0,0.6,0
PAY_04465,6702.39,checkout_abandon,3,8,0,1,2.35,0
PAY_04466,4283.58,checkout_abandon,49,5,3,5,12.34,1
PAY_04467,2470.11,other,59,7,1,0,60.16,1
PAY_04468,1824.59,mandate_expired,3,6,0,0,5.7,0
PAY_04469,28302.74,checkout_abandon,48,0,1,4,6.89,1
PAY_04470,1104.38,insufficient_funds,8,10,1,0,6.19,0
PAY_04471,3367.68,insufficient_funds,18,12,1,0,56.58,1
PAY_04472,1180.66,insufficient_funds,33,12,2,0,17.02,1
PAY_04473,14908.2,gateway_timeout,41,9,2,0,6.95,1
PAY_04474,6068.53,gateway_timeout,6,8,5,0,8.53,1
PAY_04475,1268.63,checkout_abandon,7,13,1,1,3.25,0
PAY_04476,4174.05,mandate_expired,17,7,3,0,2.61,1
PAY_04477,3234.86,insufficient_funds,41,6,0,0,1.74,1
PAY_04478,1491.33,checkout_abandon,25,8,3,1,22.81,0
PAY_04479,5335.89,other,17,9,6,0,0.35,0
PAY_04480,3689.89,insufficient_funds,10,10,4,0,7.24,0
PAY_04481,3101.82,mandate_expired,59,13,0,0,14.36,1
PAY_04482,2397.37,insufficient_funds,43,13,3,0,7.01,0
PAY_04483,3847.2,checkout_abandon,60,15,3,2,24.21,1
PAY_04484,3144.57,mandate_expired,30,6,2,0,8.92,1
PAY_04485,2652.19,insufficient_funds,50,10,0,0,15.44,1
PAY_04486,1316.89,gateway_timeout,39,12,1,0,6.13,0
PAY_04487,13599.83,other,32,6,1,0,5.36,0
PAY_04488,874.48,insufficient_funds,29,10,1,0,6.36,1
PAY_04489,3834.07,mandate_expired,31,6,4,0,10.91,0
PAY_04490,1814.94,checkout_abandon,25,5,2,5,9.92,1
PAY_04491,14524.52,insufficient_funds,39,7,4,0,20.25,0
PAY_04492,1012.89,mandate_expired,30,9,3,0,6.14,1
PAY_04493,1198.45,checkout_abandon,59,4,2,1,17.53,1
PAY_04494,947.88,insufficient_funds,54,12,0,0,1.19,1
PAY_04495,3454.77,other,28,11,2,0,2.82,0
PAY_04496,633.33,checkout_abandon,24,12,1,3,22.42,1
PAY_04497,1549.24,mandate_expired,46,10,3,0,9.08,1
PAY_04498,290.52,insufficient_funds,39,5,2,0,30.11,1
PAY_04499,3179.46,insufficient_funds,14,7,2,0,0.6,1
PAY_04500,1516.0,mandate_expired,51,12,1,0,29.45,0
PAY_04501,564.53,mandate_expired,41,4,0,0,4.07,0
PAY_04502,7403.11,gateway_timeout,38,14,2,0,13.42,1
PAY_04503,676.13,mandate_expired,47,10,1,0,4.29,1
PAY_04504,5546.87,checkout_abandon,14,8,3,1,30.86,1
PAY_04505,1240.17,gateway_timeout,48,7,4,0,0.6,1
PAY_04506,12402.05,card_expired,8,6,5,0,1.6,0
PAY_04507,5290.12,checkout_abandon,48,5,1,4,11.44,1
PAY_04508,912.33,checkout_abandon,36,7,3,5,7.62,1
PAY_04509,999.21,card_expired,35,7,3,0,12.87,1
PAY_04510,4580.54,checkout_abandon,44,2,3,5,16.73,0
PAY_04511,1923.05,other,19,9,1,0,6.62,0
PAY_04512,2110.55,card_expired,47,5,3,0,4.07,0
PAY_04513,8922.08,gateway_timeout,2,10,3,0,8.87,1
PAY_04514,1182.47,checkout_abandon,42,8,2,5,0.98,1
PAY_04515,2738.98,other,48,10,0,0,22.91,0
PAY_04516,6494.26,other,1,10,0,0,2.05,0
PAY_04517,5614.81,insufficient_funds,42,11,2,0,30.88,1
PAY_04518,2131.18,gateway_timeout,47,11,1,0,4.15,1
PAY_04519,1872.71,gateway_timeout,32,8,2,0,3.85,1
PAY_04520,439.32,other,37,9,1,0,0.68,0
PAY_04521,869.4,other,4,4,2,0,1.28,0
PAY_04522,3437.18,card_expired,60,4,4,0,46.7,0
PAY_04523,2178.0,gateway_timeout,59,8,1,0,72.0,1
PAY_04524,2694.51,other,46,5,5,0,12.66,0
PAY_04525,7067.77,insufficient_funds,1,8,2,0,17.5,1
PAY_04526,762.59,gateway_timeout,26,7,2,0,0.67,1
PAY_04527,1974.1,gateway_timeout,50,10,1,0,19.05,1
PAY_04528,3019.23,checkout_abandon,41,11,2,2,1.4,0
PAY_04529,1236.31,checkout_abandon,55,8,1,4,52.36,1
PAY_04530,10462.19,insufficient_funds,37,7,2,0,3.65,1
PAY_04531,6202.04,insufficient_funds,43,8,2,0,27.29,1
PAY_04532,3341.51,card_expired,21,2,1,0,17.99,0
PAY_04533,15037.13,insufficient_funds,49,4,1,0,14.28,1
PAY_04534,558.44,checkout_abandon,33,10,2,3,2.7,1
PAY_04535,2480.76,insufficient_funds,49,15,4,0,0.75,0
PAY_04536,3606.1,gateway_timeout,13,9,3,0,0.5,1
PAY_04537,1001.74,gateway_timeout,17,7,1,0,36.91,1
PAY_04538,3377.06,mandate_expired,6,4,2,0,30.45,0
PAY_04539,826.72,checkout_abandon,41,7,2,5,0.86,0
PAY_04540,4987.07,gateway_timeout,44,8,1,0,40.75,1
PAY_04541,7200.32,card_expired,18,7,1,0,46.33,0
PAY_04542,3282.56,insufficient_funds,24,8,0,0,6.7,1
PAY_04543,391.99,card_expired,35,7,0,0,14.15,0
PAY_04544,950.75,insufficient_funds,46,4,1,0,45.78,0
PAY_04545,4397.34,other,19,7,2,0,50.19,0
PAY_04546,2553.56,insufficient_funds,30,8,0,0,47.8,1
PAY_04547,169.02,checkout_abandon,12,11,2,4,31.28,1
PAY_04548,8663.52,checkout_abandon,49,6,4,4,0.23,0
PAY_04549,2866.09,checkout_abandon,53,10,6,1,15.83,1
PAY_04550,1102.1,card_expired,45,4,3,0,15.57,1
PAY_04551,6761.51,insufficient_funds,49,6,3,0,12.75,1
PAY_04552,1269.66,gateway_timeout,46,7,3,0,1.6,1
PAY_04553,1255.88,card_expired,51,9,2,0,5.84,0
PAY_04554,3577.43,other,26,7,2,0,3.75,0
PAY_04555,14840.04,checkout_abandon,13,6,1,1,0.44,0
PAY_04556,12678.12,checkout_abandon,58,2,2,2,15.06,0
PAY_04557,3582.29,card_expired,1,10,2,0,21.91,0
PAY_04558,3969.64,card_expired,25,14,4,0,9.92,0
PAY_04559,5516.75,other,44,3,3,0,7.1,0
PAY_04560,711.28,card_expired,48,8,3,0,13.87,0
PAY_04561,4760.91,gateway_timeout,42,7,2,0,20.97,1
PAY_04562,1199.87,mandate_expired,30,4,2,0,5.12,0
PAY_04563,3437.58,checkout_abandon,56,4,5,4,17.83,1
PAY_04564,1991.37,insufficient_funds,15,8,3,0,0.75,1
PAY_04565,4126.79,card_expired,9,10,4,0,0.9,0
PAY_04566,2813.4,checkout_abandon,38,10,3,4,0.83,1
PAY_04567,115.7,insufficient_funds,20,10,3,0,2.07,1
PAY_04568,2989.73,mandate_expired,29,9,3,0,18.55,0
PAY_04569,4751.42,gateway_timeout,28,12,1,0,19.69,0
PAY_04570,3904.85,insufficient_funds,16,14,2,0,6.27,1
PAY_04571,2256.25,checkout_abandon,60,9,1,2,3.06,0
PAY_04572,12915.81,mandate_expired,23,7,2,0,1.51,1
PAY_04573,3413.25,checkout_abandon,41,11,2,4,23.66,1
PAY_04574,3872.75,insufficient_funds,10,7,3,0,3.89,0
PAY_04575,7104.89,checkout_abandon,60,10,1,1,16.77,1
PAY_04576,3592.63,insufficient_funds,60,7,2,0,18.95,1
PAY_04577,1018.44,other,5,5,3,0,32.7,0
PAY_04578,218.26,gateway_timeout,39,7,2,0,5.89,1
PAY_04579,1551.42,other,36,9,3,0,13.27,1
PAY_04580,5350.75,insufficient_funds,11,8,1,0,10.61,0
PAY_04581,1756.27,insufficient_funds,47,7,2,0,16.6,1
PAY_04582,5570.41,checkout_abandon,46,12,2,2,10.78,0
PAY_04583,2900.89,card_expired,51,8,0,0,13.06,1
PAY_04584,9064.42,other,37,9,2,0,5.04,0
PAY_04585,1860.93,checkout_abandon,43,3,1,1,11.78,0
PAY_04586,3990.46,gateway_timeout,44,3,2,0,3.36,1
PAY_04587,4146.13,insufficient_funds,47,5,1,0,21.95,1
PAY_04588,11222.18,checkout_abandon,36,11,0,5,5.93,1
PAY_04589,453.69,gateway_timeout,45,12,3,0,10.31,1
PAY_04590,1580.72,other,4,10,1,0,2.86,0
PAY_04591,5840.44,checkout_abandon,38,2,1,1,4.23,0
PAY_04592,11730.44,card_expired,13,4,1,0,13.96,0
PAY_04593,3178.35,card_expired,25,15,2,0,6.84,0
PAY_04594,1865.61,insufficient_funds,47,7,1,0,27.08,0
PAY_04595,5330.31,gateway_timeout,7,8,1,0,14.19,0
PAY_04596,5959.54,other,46,6,3,0,23.03,0
PAY_04597,1744.78,gateway_timeout,16,2,2,0,12.2,1
PAY_04598,3478.49,checkout_abandon,46,16,2,5,17.52,1
PAY_04599,8140.23,other,46,12,3,0,1.68,0
PAY_04600,16556.02,insufficient_funds,1,5,2,0,17.03,1
PAY_04601,5253.51,other,15,12,2,0,4.94,0
PAY_04602,2612.82,gateway_timeout,49,6,1,0,12.66,0
PAY_04603,2368.4,checkout_abandon,21,13,0,4,12.08,1
PAY_04604,4365.3,gateway_timeout,27,10,2,0,7.15,1
PAY_04605,2226.92,checkout_abandon,1,15,2,3,7.09,0
PAY_04606,3022.04,insufficient_funds,42,8,0,0,5.05,0
PAY_04607,867.98,insufficient_funds,6,6,0,0,5.22,0
PAY_04608,9146.29,gateway_timeout,17,11,1,0,8.05,1
PAY_04609,799.4,gateway_timeout,29,2,2,0,10.29,1
PAY_04610,1622.84,checkout_abandon,47,6,3,4,7.61,1
PAY_04611,2756.29,insufficient_funds,30,11,1,0,1.52,1
PAY_04612,18306.89,insufficient_funds,59,8,2,0,1.68,1
PAY_04613,1638.22,insufficient_funds,32,11,0,0,16.27,0
PAY_04614,1284.38,gateway_timeout,16,14,3,0,4.33,0
PAY_04615,1441.2,insufficient_funds,12,5,5,0,19.88,1
PAY_04616,13133.78,insufficient_funds,48,9,2,0,0.32,0
PAY_04617,150.16,checkout_abandon,28,10,1,5,18.99,1
PAY_04618,917.18,mandate_expired,37,5,2,0,35.72,1
PAY_04619,38381.65,mandate_expired,23,7,5,0,0.3,0
PAY_04620,4513.95,gateway_timeout,17,6,3,0,22.34,1
PAY_04621,827.21,card_expired,36,10,2,0,10.93,0
PAY_04622,2397.37,checkout_abandon,18,9,1,5,23.98,0
PAY_04623,2674.45,checkout_abandon,60,6,2,3,12.49,0
PAY_04624,5826.5,insufficient_funds,44,8,1,0,31.38,0
PAY_04625,15733.51,insufficient_funds,50,6,4,0,8.6,1
PAY_04626,3687.11,checkout_abandon,18,10,1,1,3.54,0
PAY_04627,1457.18,insufficient_funds,2,5,1,0,0.34,1
PAY_04628,5492.45,mandate_expired,3,7,3,0,5.38,0
PAY_04629,1243.63,gateway_timeout,52,7,0,0,4.24,0
PAY_04630,889.54,insufficient_funds,53,9,1,0,7.88,0
PAY_04631,430.15,insufficient_funds,41,11,1,0,9.49,1
PAY_04632,522.65,insufficient_funds,36,9,3,0,13.79,1
PAY_04633,1020.04,gateway_timeout,13,9,2,0,17.67,1
PAY_04634,769.9,insufficient_funds,46,6,2,0,17.16,1
PAY_04635,3419.61,checkout_abandon,31,4,3,1,0.58,1
PAY_04636,753.44,gateway_timeout,37,10,3,0,33.55,1
PAY_04637,107.81,checkout_abandon,2,14,2,4,18.53,1
PAY_04638,880.19,other,31,8,1,0,6.74,0
PAY_04639,1559.6,card_expired,42,14,1,0,13.89,0
PAY_04640,1364.57,checkout_abandon,47,4,3,1,1.6,1
PAY_04641,11425.13,gateway_timeout,9,9,2,0,12.4,1
PAY_04642,1353.57,mandate_expired,2,4,0,0,3.7,0
PAY_04643,6032.82,other,52,8,2,0,19.41,0
PAY_04644,2452.99,checkout_abandon,19,10,2,5,1.82,1
PAY_04645,2396.44,insufficient_funds,29,7,1,0,14.5,1
PAY_04646,1084.27,card_expired,38,9,4,0,18.92,0
PAY_04647,2357.28,insufficient_funds,30,5,3,0,1.34,0
PAY_04648,1163.22,card_expired,57,3,1,0,19.24,0
PAY_04649,2963.33,insufficient_funds,51,6,2,0,0.1,1
PAY_04650,1973.96,insufficient_funds,24,8,1,0,32.81,1
PAY_04651,972.06,card_expired,12,11,5,0,11.25,0
PAY_04652,6740.84,mandate_expired,59,10,2,0,12.01,0
PAY_04653,3831.02,checkout_abandon,43,8,2,1,4.79,0
PAY_04654,1597.16,card_expired,46,11,2,0,18.71,0
PAY_04655,2891.52,card_expired,28,8,3,0,7.29,0
PAY_04656,2298.99,checkout_abandon,30,9,2,4,20.1,1
PAY_04657,1049.91,other,11,10,2,0,4.65,0
PAY_04658,2682.6,gateway_timeout,26,6,3,0,1.49,1
PAY_04659,1343.5,insufficient_funds,33,11,5,0,19.5,1
PAY_04660,971.76,card_expired,8,10,5,0,5.69,0
PAY_04661,493.38,gateway_timeout,39,9,3,0,3.44,0
PAY_04662,1746.62,other,37,7,1,0,1.26,0
PAY_04663,4407.3,insufficient_funds,51,7,3,0,14.74,1
PAY_04664,1248.11,insufficient_funds,4,11,1,0,0.56,0
PAY_04665,31093.52,insufficient_funds,14,8,0,0,14.09,1
PAY_04666,6061.62,checkout_abandon,26,7,3,5,8.33,0
PAY_04667,9213.05,card_expired,53,14,1,0,8.19,0
PAY_04668,5537.45,gateway_timeout,15,10,1,0,28.18,0
PAY_04669,15945.17,insufficient_funds,59,11,5,0,50.94,1
PAY_04670,1138.02,gateway_timeout,58,12,0,0,28.85,1
PAY_04671,193.12,gateway_timeout,6,8,2,0,1.77,1
PAY_04672,1600.26,mandate_expired,22,10,0,0,26.73,1
PAY_04673,4368.89,mandate_expired,16,6,3,0,18.93,0
PAY_04674,2909.0,insufficient_funds,30,8,1,0,17.96,1
PAY_04675,3292.88,gateway_timeout,56,4,5,0,12.96,1
PAY_04676,9367.07,mandate_expired,23,5,3,0,0.68,0
PAY_04677,3663.24,gateway_timeout,40,9,0,0,3.83,1
PAY_04678,5557.81,gateway_timeout,9,10,5,0,12.93,1
PAY_04679,977.0,checkout_abandon,35,6,3,4,0.9,0
PAY_04680,836.02,gateway_timeout,22,7,1,0,23.57,1
PAY_04681,12558.59,insufficient_funds,56,7,1,0,2.41,0
PAY_04682,2765.42,insufficient_funds,47,10,0,0,6.77,1
PAY_04683,1340.53,card_expired,13,6,2,0,6.79,0
PAY_04684,1342.99,insufficient_funds,38,8,3,0,8.08,1
PAY_04685,1306.26,card_expired,21,7,2,0,32.0,0
PAY_04686,1230.39,checkout_abandon,27,7,2,2,1.08,1
PAY_04687,692.91,checkout_abandon,28,10,2,1,19.35,0
PAY_04688,557.59,card_expired,50,4,2,0,53.99,0
PAY_04689,2057.08,gateway_timeout,18,4,0,0,13.21,1
PAY_04690,1381.77,insufficient_funds,1,7,3,0,0.1,0
PAY_04691,7564.38,insufficient_funds,12,7,2,0,43.44,1
PAY_04692,3351.36,mandate_expired,50,10,3,0,18.12,1
PAY_04693,3259.61,checkout_abandon,18,10,2,1,15.75,1
PAY_04694,1189.07,card_expired,4,9,4,0,14.65,0
PAY_04695,2215.02,checkout_abandon,25,3,1,1,0.4,0
PAY_04696,3586.91,gateway_timeout,53,7,3,0,15.07,1
PAY_04697,5116.58,gateway_timeout,53,10,3,0,9.37,1
PAY_04698,2275.95,insufficient_funds,57,7,2,0,11.32,1
PAY_04699,7355.25,card_expired,42,4,2,0,1.33,0
PAY_04700,2520.05,insufficient_funds,50,5,0,0,29.31,1
PAY_04701,5524.2,other,47,8,4,0,19.91,1
PAY_04702,1531.79,insufficient_funds,2,7,0,0,5.83,1
PAY_04703,408.08,checkout_abandon,26,9,1,1,1.15,0
PAY_04704,3269.54,insufficient_funds,32,7,1,0,3.32,0
PAY_04705,5163.5,card_expired,28,5,4,0,2.65,0
PAY_04706,4444.37,insufficient_funds,50,3,2,0,17.97,0
PAY_04707,3813.23,checkout_abandon,59,14,2,5,10.46,1
PAY_04708,1764.21,other,33,5,2,0,9.43,0
PAY_04709,1115.77,mandate_expired,6,9,1,0,9.69,1
PAY_04710,4340.63,insufficient_funds,22,12,3,0,1.56,1
PAY_04711,3829.51,card_expired,12,5,3,0,8.01,0
PAY_04712,1426.74,gateway_timeout,29,3,1,0,2.33,1
PAY_04713,7581.53,insufficient_funds,15,3,2,0,5.87,1
PAY_04714,1033.99,checkout_abandon,5,9,1,3,4.08,1
PAY_04715,1394.82,card_expired,11,7,3,0,0.68,0
PAY_04716,12841.93,gateway_timeout,30,6,3,0,1.21,0
PAY_04717,5958.82,card_expired,9,7,4,0,4.74,0
PAY_04718,1747.67,mandate_expired,2,6,2,0,7.99,0
PAY_04719,3332.33,checkout_abandon,17,4,2,3,9.78,1
PAY_04720,2918.54,gateway_timeout,39,5,2,0,7.42,0
PAY_04721,160.52,mandate_expired,38,13,3,0,1.46,0
PAY_04722,1009.87,gateway_timeout,24,8,3,0,20.49,1
PAY_04723,2376.06,insufficient_funds,40,6,1,0,10.19,1
PAY_04724,1750.11,gateway_timeout,12,9,1,0,15.51,1
PAY_04725,3200.78,other,44,4,2,0,11.39,0
PAY_04726,7735.14,gateway_timeout,2,2,2,0,30.98,1
PAY_04727,1812.59,insufficient_funds,9,3,2,0,2.88,1
PAY_04728,868.17,insufficient_funds,56,3,2,0,1.74,1
PAY_04729,3459.56,insufficient_funds,29,5,3,0,3.63,0
PAY_04730,1803.39,other,34,9,3,0,7.14,0
PAY_04731,2138.76,checkout_abandon,24,8,4,2,20.41,0
PAY_04732,1867.34,mandate_expired,39,3,1,0,28.42,1
PAY_04733,23526.53,card_expired,45,10,1,0,2.28,0
PAY_04734,265.96,gateway_timeout,47,5,1,0,4.27,1
PAY_04735,1695.46,card_expired,15,4,3,0,13.24,0
PAY_04736,2490.79,other,38,7,4,0,7.16,0
PAY_04737,1144.71,mandate_expired,48,4,0,0,4.33,1
PAY_04738,6147.94,mandate_expired,25,7,2,0,4.4,0
PAY_04739,5638.11,gateway_timeout,23,9,3,0,11.17,1
PAY_04740,2383.42,card_expired,38,7,2,0,35.56,0
PAY_04741,1907.16,insufficient_funds,35,6,5,0,0.5,0
PAY_04742,2235.21,mandate_expired,16,8,2,0,9.46,1
PAY_04743,2251.29,gateway_timeout,58,7,0,0,1.05,1
PAY_04744,2311.55,checkout_abandon,34,2,6,3,31.06,1
PAY_04745,2071.54,other,34,8,1,0,2.58,1
PAY_04746,3217.94,checkout_abandon,13,10,1,5,3.04,1
PAY_04747,5309.53,insufficient_funds,41,6,2,0,11.0,0
PAY_04748,730.54,mandate_expired,56,9,3,0,7.33,1
PAY_04749,874.26,other,44,13,0,0,3.99,1
PAY_04750,435.08,mandate_expired,31,13,1,0,8.73,1
PAY_04751,5945.82,card_expired,39,4,3,0,3.74,0
PAY_04752,3211.1,card_expired,15,11,0,0,15.9,0
PAY_04753,4143.57,card_expired,4,8,4,0,2.99,1
PAY_04754,598.57,gateway_timeout,39,2,1,0,2.74,1
PAY_04755,14898.18,checkout_abandon,11,7,2,3,5.18,0
PAY_04756,1359.94,card_expired,6,3,1,0,4.53,0
PAY_04757,2957.95,other,47,7,4,0,15.66,0
PAY_04758,5874.82,insufficient_funds,27,9,2,0,2.75,1
PAY_04759,931.75,insufficient_funds,52,10,2,0,5.13,1
PAY_04760,1447.69,gateway_timeout,52,8,0,0,3.48,1
PAY_04761,2990.57,card_expired,8,12,1,0,15.44,0
PAY_04762,43543.65,other,47,11,3,0,8.45,0
PAY_04763,3378.44,checkout_abandon,21,8,4,4,19.03,1
PAY_04764,12461.6,insufficient_funds,43,7,2,0,3.21,1
PAY_04765,8347.51,gateway_timeout,3,5,3,0,6.87,1
PAY_04766,3612.14,card_expired,29,9,3,0,22.96,0
PAY_04767,929.69,gateway_timeout,38,6,1,0,0.87,1
PAY_04768,7214.15,insufficient_funds,27,7,4,0,13.5,0
PAY_04769,558.88,gateway_timeout,34,4,3,0,3.52,1
PAY_04770,12393.42,card_expired,1,7,4,0,0.49,0
PAY_04771,3053.52,checkout_abandon,1,8,0,4,2.12,1
PAY_04772,176.59,insufficient_funds,37,7,6,0,5.75,0
PAY_04773,1778.53,gateway_timeout,25,4,4,0,9.88,1
PAY_04774,4807.79,other,35,11,1,0,9.32,0
PAY_04775,1972.43,gateway_timeout,22,13,2,0,7.23,1
PAY_04776,5110.5,gateway_timeout,1,9,1,0,3.91,1
PAY_04777,1068.51,insufficient_funds,43,7,1,0,20.2,0
PAY_04778,677.27,gateway_timeout,9,8,1,0,4.91,1
PAY_04779,2327.62,card_expired,48,7,2,0,13.94,0
PAY_04780,2580.17,card_expired,1,13,0,0,10.26,0
PAY_04781,1764.57,gateway_timeout,56,12,4,0,1.1,1
PAY_04782,8529.94,other,16,8,2,0,10.79,0
PAY_04783,1068.32,gateway_timeout,54,10,1,0,4.37,1
PAY_04784,3419.37,card_expired,1,6,4,0,17.89,0
PAY_04785,2675.83,insufficient_funds,28,8,3,0,20.26,1
PAY_04786,527.07,gateway_timeout,26,4,1,0,11.33,1
PAY_04787,668.49,card_expired,10,14,3,0,17.85,0
PAY_04788,2529.96,other,29,5,1,0,21.21,0
PAY_04789,18128.6,card_expired,13,10,5,0,8.64,0
PAY_04790,4461.84,mandate_expired,27,7,1,0,7.98,0
PAY_04791,445.15,card_expired,23,10,1,0,1.4,0
PAY_04792,111.45,mandate_expired,12,11,3,0,13.54,0
PAY_04793,5203.57,gateway_timeout,48,4,1,0,0.11,1
PAY_04794,2270.68,checkout_abandon,32,4,1,2,16.13,1
PAY_04795,7826.82,mandate_expired,51,10,3,0,17.99,1
PAY_04796,1036.21,checkout_abandon,49,4,0,4,17.24,1
PAY_04797,3548.42,other,16,5,1,0,8.44,0
PAY_04798,5826.78,checkout_abandon,18,8,1,2,11.86,0
PAY_04799,1598.12,insufficient_funds,58,11,1,0,4.23,0
PAY_04800,1632.65,insufficient_funds,19,7,0,0,13.5,0
PAY_04801,2563.96,card_expired,6,5,2,0,7.05,0
PAY_04802,4301.51,insufficient_funds,33,7,0,0,7.51,1
PAY_04803,2464.42,card_expired,59,9,4,0,2.74,1
PAY_04804,6621.27,insufficient_funds,15,6,1,0,44.75,1
PAY_04805,1575.16,gateway_timeout,39,11,2,0,1.56,1
PAY_04806,662.26,card_expired,21,6,1,0,15.56,1
PAY_04807,18052.17,gateway_timeout,24,8,1,0,1.09,1
PAY_04808,1365.69,card_expired,28,10,1,0,4.15,1
PAY_04809,1416.02,insufficient_funds,9,7,1,0,27.55,1
PAY_04810,2340.79,checkout_abandon,24,5,1,2,49.24,0
PAY_04811,2673.72,checkout_abandon,17,5,2,5,30.84,0
PAY_04812,1698.26,other,50,8,3,0,3.35,0
PAY_04813,2456.79,insufficient_funds,14,5,2,0,15.45,1
PAY_04814,2402.54,gateway_timeout,51,3,4,0,6.9,1
PAY_04815,2977.58,mandate_expired,2,9,0,0,7.27,0
PAY_04816,236.64,other,25,7,0,0,25.44,0
PAY_04817,16398.13,card_expired,17,6,1,0,1.55,0
PAY_04818,2157.61,card_expired,27,6,3,0,13.35,0
PAY_04819,4467.88,checkout_abandon,47,7,3,1,9.4,0
PAY_04820,630.14,checkout_abandon,58,7,1,5,14.41,1
PAY_04821,1560.94,card_expired,44,6,1,0,27.69,0
PAY_04822,1276.31,card_expired,31,12,2,0,5.92,1
PAY_04823,10870.08,card_expired,31,8,3,0,4.35,0
PAY_04824,1391.63,card_expired,60,4,3,0,26.08,0
PAY_04825,5335.44,other,60,5,1,0,42.49,0
PAY_04826,1304.57,insufficient_funds,46,11,2,0,33.28,1
PAY_04827,1589.9,gateway_timeout,10,9,1,0,9.67,1
PAY_04828,1955.69,other,16,10,4,0,6.47,0
PAY_04829,9026.24,checkout_abandon,17,4,1,3,3.17,0
PAY_04830,377.74,insufficient_funds,14,10,2,0,6.37,0
PAY_04831,670.74,checkout_abandon,59,10,0,1,8.56,1
PAY_04832,356.64,mandate_expired,10,6,0,0,3.93,0
PAY_04833,842.64,card_expired,52,7,3,0,28.41,1
PAY_04834,1110.37,card_expired,49,6,1,0,5.35,0
PAY_04835,497.48,insufficient_funds,32,6,1,0,12.05,0
PAY_04836,1199.79,checkout_abandon,19,9,1,3,35.23,1
PAY_04837,333.4,insufficient_funds,16,4,2,0,26.04,1
PAY_04838,903.3,other,41,8,1,0,5.35,0
PAY_04839,8303.78,insufficient_funds,41,6,1,0,1.17,1
PAY_04840,3742.97,checkout_abandon,33,6,2,4,2.08,0
PAY_04841,3015.48,checkout_abandon,35,6,2,1,0.22,0
PAY_04842,917.15,checkout_abandon,50,8,0,5,9.67,1
PAY_04843,538.06,checkout_abandon,46,6,1,2,8.25,0
PAY_04844,800.22,mandate_expired,46,6,1,0,3.26,1
PAY_04845,2394.28,checkout_abandon,17,6,0,5,45.78,0
PAY_04846,5956.41,insufficient_funds,4,6,2,0,3.59,0
PAY_04847,6163.58,gateway_timeout,28,9,4,0,5.05,1
PAY_04848,4696.9,checkout_abandon,21,7,0,1,6.32,0
PAY_04849,1195.7,gateway_timeout,21,8,2,0,2.93,0
PAY_04850,2562.13,card_expired,32,10,3,0,1.82,0
PAY_04851,1812.94,gateway_timeout,56,4,2,0,4.33,1
PAY_04852,2044.39,card_expired,49,10,2,0,1.9,0
PAY_04853,19171.38,insufficient_funds,41,4,4,0,8.96,1
PAY_04854,429.25,card_expired,43,12,2,0,8.2,1
PAY_04855,1977.07,insufficient_funds,25,14,1,0,7.34,1
PAY_04856,8398.39,checkout_abandon,33,11,3,2,7.14,1
PAY_04857,577.18,gateway_timeout,27,6,3,0,6.33,0
PAY_04858,1313.3,mandate_expired,49,12,2,0,7.54,1
PAY_04859,1472.93,insufficient_funds,60,15,1,0,15.58,1
PAY_04860,1999.71,card_expired,27,7,4,0,0.95,0
PAY_04861,506.79,checkout_abandon,44,7,1,2,1.36,0
PAY_04862,4533.87,other,4,12,3,0,19.71,0
PAY_04863,4867.49,mandate_expired,25,8,2,0,2.95,0
PAY_04864,4156.47,checkout_abandon,53,3,0,4,0.66,1
PAY_04865,1046.99,card_expired,42,11,4,0,0.71,0
PAY_04866,2725.91,insufficient_funds,32,5,1,0,3.58,1
PAY_04867,1016.99,mandate_expired,13,8,1,0,4.65,1
PAY_04868,1792.65,gateway_timeout,49,9,0,0,11.76,0
PAY_04869,21536.7,mandate_expired,59,8,5,0,7.85,1
PAY_04870,2751.06,insufficient_funds,24,9,3,0,1.83,0
PAY_04871,762.44,gateway_timeout,49,9,5,0,5.94,1
PAY_04872,2994.05,mandate_expired,36,7,4,0,23.96,1
PAY_04873,646.94,checkout_abandon,24,15,2,2,6.16,0
PAY_04874,753.73,insufficient_funds,20,5,2,0,3.32,1
PAY_04875,882.64,checkout_abandon,31,5,1,2,17.61,0
PAY_04876,1603.17,card_expired,25,6,2,0,3.78,0
PAY_04877,6380.58,insufficient_funds,38,14,2,0,13.34,1
PAY_04878,4457.95,gateway_timeout,9,7,2,0,45.14,0
PAY_04879,4217.68,other,29,9,0,0,1.51,0
PAY_04880,833.07,other,45,4,2,0,2.91,1
PAY_04881,1454.96,insufficient_funds,51,11,2,0,3.12,1
PAY_04882,3281.47,checkout_abandon,17,10,5,3,1.84,0
PAY_04883,1333.72,insufficient_funds,37,11,0,0,10.84,1
PAY_04884,1892.55,other,19,9,2,0,28.23,1
PAY_04885,3887.05,gateway_timeout,48,7,2,0,4.58,1
PAY_04886,1763.88,gateway_timeout,22,11,3,0,4.2,0
PAY_04887,3134.13,gateway_timeout,41,6,4,0,6.0,1
PAY_04888,12292.87,checkout_abandon,26,10,2,2,9.89,0
PAY_04889,2105.25,insufficient_funds,17,5,4,0,30.02,1
PAY_04890,8130.55,card_expired,35,13,1,0,19.67,0
PAY_04891,4373.93,checkout_abandon,38,11,2,2,23.11,0
PAY_04892,576.4,checkout_abandon,41,12,4,5,10.08,1
PAY_04893,830.4,card_expired,48,9,2,0,19.73,0
PAY_04894,1086.21,insufficient_funds,41,9,2,0,5.16,0
PAY_04895,1063.38,insufficient_funds,52,4,3,0,6.49,1
PAY_04896,2284.17,gateway_timeout,26,9,2,0,3.45,0
PAY_04897,4622.5,card_expired,31,14,4,0,14.72,0
PAY_04898,8770.99,insufficient_funds,29,11,5,0,10.24,0
PAY_04899,3402.35,card_expired,35,2,1,0,1.33,0
PAY_04900,1600.97,checkout_abandon,9,6,3,3,21.26,1
PAY_04901,311.63,checkout_abandon,52,8,4,2,3.59,1
PAY_04902,2682.85,checkout_abandon,32,11,4,2,11.92,1
PAY_04903,2565.26,insufficient_funds,34,7,0,0,3.11,0
PAY_04904,3001.82,insufficient_funds,53,12,1,0,23.83,1
PAY_04905,20543.22,card_expired,28,7,5,0,26.4,0
PAY_04906,8644.19,gateway_timeout,28,10,1,0,4.22,1
PAY_04907,5481.35,checkout_abandon,34,11,1,5,8.56,1
PAY_04908,955.25,other,57,14,0,0,5.39,0
PAY_04909,1496.75,insufficient_funds,16,7,3,0,8.88,1
PAY_04910,2273.79,gateway_timeout,10,5,1,0,18.19,0
PAY_04911,1151.29,gateway_timeout,7,5,4,0,0.77,1
PAY_04912,4123.72,insufficient_funds,45,10,1,0,16.39,1
PAY_04913,3572.26,other,1,9,2,0,15.99,0
PAY_04914,841.96,other,43,7,1,0,15.33,0
PAY_04915,8273.91,gateway_timeout,54,9,0,0,27.27,1
PAY_04916,2769.32,other,41,9,2,0,9.28,0
PAY_04917,443.62,insufficient_funds,11,7,3,0,22.57,1
PAY_04918,2374.88,other,40,8,3,0,7.28,0
PAY_04919,3311.82,card_expired,27,8,1,0,14.4,0
PAY_04920,6613.3,insufficient_funds,2,3,3,0,5.31,0
PAY_04921,1783.92,checkout_abandon,12,12,1,1,21.26,1
PAY_04922,5721.49,card_expired,45,10,4,0,0.68,1
PAY_04923,3014.5,gateway_timeout,34,7,1,0,1.99,1
PAY_04924,671.15,gateway_timeout,30,4,2,0,19.66,1
PAY_04925,607.21,checkout_abandon,47,10,1,4,8.21,0
PAY_04926,7681.77,insufficient_funds,32,11,5,0,2.01,1
PAY_04927,8267.03,insufficient_funds,59,2,0,0,3.4,1
PAY_04928,3452.85,insufficient_funds,4,3,2,0,8.72,1
PAY_04929,11156.22,mandate_expired,18,8,4,0,18.6,1
PAY_04930,7191.51,gateway_timeout,12,7,3,0,67.86,1
PAY_04931,4952.63,checkout_abandon,25,11,2,3,36.87,0
PAY_04932,1004.99,insufficient_funds,55,9,1,0,4.05,0
PAY_04933,14121.8,insufficient_funds,25,9,3,0,11.13,0
PAY_04934,4274.18,mandate_expired,19,9,1,0,17.72,1
PAY_04935,1699.7,insufficient_funds,6,8,1,0,4.02,1
PAY_04936,1281.49,mandate_expired,24,2,1,0,5.88,1
PAY_04937,3231.91,gateway_timeout,14,5,1,0,43.11,0
PAY_04938,470.12,mandate_expired,12,5,1,0,27.78,0
PAY_04939,5032.74,gateway_timeout,9,4,4,0,18.04,0
PAY_04940,963.41,card_expired,38,5,4,0,7.83,0
PAY_04941,3621.54,insufficient_funds,43,6,1,0,8.39,0
PAY_04942,1483.9,other,45,5,3,0,11.26,0
PAY_04943,1919.13,gateway_timeout,4,5,1,0,23.84,0
PAY_04944,1172.78,insufficient_funds,56,8,1,0,3.54,0
PAY_04945,2127.74,checkout_abandon,31,15,0,5,14.94,1
PAY_04946,16538.16,insufficient_funds,34,13,1,0,8.34,0
PAY_04947,9987.66,checkout_abandon,53,10,5,5,5.95,1
PAY_04948,3563.59,card_expired,17,2,0,0,7.99,0
PAY_04949,2437.56,card_expired,31,9,2,0,10.28,0
PAY_04950,5815.3,checkout_abandon,5,17,0,3,14.27,1
PAY_04951,7738.91,other,30,13,4,0,1.27,0
PAY_04952,1090.32,checkout_abandon,16,7,1,1,12.69,1
PAY_04953,2313.71,insufficient_funds,11,11,3,0,2.58,1
PAY_04954,404.27,card_expired,38,7,3,0,8.57,1
PAY_04955,7685.94,insufficient_funds,8,9,1,0,2.72,1
PAY_04956,19713.72,insufficient_funds,59,7,1,0,37.73,0
PAY_04957,2708.44,insufficient_funds,14,6,1,0,0.8,0
PAY_04958,298.58,gateway_timeout,5,15,2,0,17.67,1
PAY_04959,4595.98,gateway_timeout,27,5,4,0,22.64,1
PAY_04960,1012.28,gateway_timeout,24,8,1,0,10.12,0
PAY_04961,1287.81,checkout_abandon,40,10,1,4,7.42,1
PAY_04962,4677.98,card_expired,41,10,3,0,19.27,0
PAY_04963,3224.72,other,36,6,2,0,1.29,0
PAY_04964,1534.47,insufficient_funds,35,9,2,0,15.23,0
PAY_04965,1305.63,insufficient_funds,47,7,1,0,11.82,1
PAY_04966,2835.24,checkout_abandon,40,10,3,2,12.47,0
PAY_04967,1660.01,insufficient_funds,9,8,0,0,1.63,1
PAY_04968,824.53,gateway_timeout,28,5,2,0,6.86,1
PAY_04969,1792.71,checkout_abandon,42,13,1,2,15.97,1
PAY_04970,3510.94,card_expired,17,9,1,0,48.71,0
PAY_04971,2092.14,insufficient_funds,52,11,2,0,4.62,1
PAY_04972,608.22,mandate_expired,29,8,2,0,8.6,1
PAY_04973,6721.8,mandate_expired,20,9,3,0,2.52,0
PAY_04974,161.62,card_expired,23,10,2,0,5.03,0
PAY_04975,1599.88,gateway_timeout,38,9,3,0,13.77,1
PAY_04976,1344.59,card_expired,43,7,1,0,5.46,0
PAY_04977,2899.3,card_expired,16,6,3,0,26.36,0
PAY_04978,4383.96,insufficient_funds,11,11,2,0,1.84,1
PAY_04979,7714.14,checkout_abandon,6,4,2,5,13.58,0
PAY_04980,1226.16,mandate_expired,30,5,1,0,52.97,1
PAY_04981,4494.58,gateway_timeout,56,6,3,0,6.07,1
PAY_04982,3040.76,checkout_abandon,58,5,1,4,10.32,1
PAY_04983,451.47,gateway_timeout,34,8,4,0,3.6,1
PAY_04984,16723.77,card_expired,32,5,3,0,31.5,0
PAY_04985,593.05,insufficient_funds,31,3,0,0,6.55,1
PAY_04986,3802.99,checkout_abandon,15,10,1,4,3.99,0
PAY_04987,3692.3,insufficient_funds,25,6,4,0,2.42,0
PAY_04988,3293.42,mandate_expired,57,9,2,0,26.35,1
PAY_04989,1524.57,mandate_expired,37,8,1,0,8.09,0
PAY_04990,5717.57,checkout_abandon,15,14,0,2,4.13,0
PAY_04991,525.15,checkout_abandon,6,11,1,3,7.73,1
PAY_04992,2340.73,gateway_timeout,46,12,1,0,4.39,0
PAY_04993,1422.5,gateway_timeout,55,10,1,0,1.07,1
PAY_04994,1269.97,mandate_expired,7,11,3,0,10.72,0
PAY_04995,3838.33,insufficient_funds,23,4,1,0,36.78,0
PAY_04996,7343.16,card_expired,52,12,3,0,33.6,0
PAY_04997,1773.64,mandate_expired,16,7,1,0,27.13,0
PAY_04998,5457.4,other,11,2,3,0,16.04,0
PAY_04999,2627.5,gateway_timeout,24,9,3,0,0.41,1
PAY_05000,1023.84,checkout_abandon,24,3,1,2,0.74,0
PAY_05001,1931.58,insufficient_funds,29,8,1,0,8.04,0
PAY_05002,1853.0,other,58,9,2,0,7.8,1
PAY_05003,1245.62,mandate_expired,59,8,1,0,26.62,0
PAY_05004,3837.32,checkout_abandon,35,3,1,2,57.68,0
PAY_05005,3161.15,mandate_expired,5,10,0,0,4.33,0
PAY_05006,509.48,gateway_timeout,16,6,1,0,0.41,0
PAY_05007,479.39,checkout_abandon,11,13,1,1,72.0,1
PAY_05008,3822.77,card_expired,1,7,4,0,0.83,0
PAY_05009,1106.28,insufficient_funds,23,1,3,0,20.39,1
PAY_05010,3381.54,other,1,7,3,0,5.92,0
PAY_05011,5458.76,other,35,2,1,0,14.44,0
PAY_05012,701.41,other,17,8,2,0,10.65,0
PAY_05013,609.42,card_expired,44,10,2,0,1.99,0
PAY_05014,13339.4,gateway_timeout,32,8,2,0,13.71,1
PAY_05015,3553.25,checkout_abandon,58,13,1,3,35.95,0
PAY_05016,1643.86,insufficient_funds,30,7,1,0,7.88,0
PAY_05017,982.51,card_expired,10,8,0,0,8.72,0
PAY_05018,1500.58,insufficient_funds,56,10,2,0,14.5,0
PAY_05019,760.12,card_expired,19,6,2,0,31.25,0
PAY_05020,6047.85,insufficient_funds,46,7,1,0,20.18,1
PAY_05021,1149.74,insufficient_funds,47,8,3,0,0.46,1
PAY_05022,7462.01,insufficient_funds,56,9,2,0,3.31,0
PAY_05023,1674.75,mandate_expired,39,6,2,0,0.59,1
PAY_05024,880.68,insufficient_funds,31,7,4,0,7.8,1
PAY_05025,1632.3,insufficient_funds,24,7,3,0,0.85,1
PAY_05026,181.25,insufficient_funds,27,8,1,0,3.01,0
PAY_05027,2215.6,gateway_timeout,47,14,3,0,6.57,1
PAY_05028,2108.91,other,34,6,3,0,8.45,0
PAY_05029,5703.23,checkout_abandon,3,3,0,2,14.52,0
PAY_05030,379.08,gateway_timeout,23,7,1,0,35.58,1
PAY_05031,7989.73,insufficient_funds,55,7,1,0,0.36,1
PAY_05032,5679.65,insufficient_funds,13,5,1,0,9.32,0
PAY_05033,8743.71,gateway_timeout,29,14,3,0,6.71,0
PAY_05034,2371.61,insufficient_funds,51,8,1,0,4.77,1
PAY_05035,6890.8,insufficient_funds,18,6,1,0,2.37,1
PAY_05036,574.1,insufficient_funds,41,12,8,0,11.77,0
PAY_05037,5100.5,gateway_timeout,48,8,3,0,13.7,1
PAY_05038,1156.19,card_expired,20,7,3,0,20.8,0
PAY_05039,479.45,insufficient_funds,54,5,3,0,9.29,0
PAY_05040,812.33,mandate_expired,27,9,1,0,18.04,1
PAY_05041,2513.87,checkout_abandon,18,7,0,3,27.99,0
PAY_05042,1096.36,other,14,5,1,0,10.9,0
PAY_05043,3641.39,insufficient_funds,16,8,1,0,6.02,1
PAY_05044,409.86,card_expired,34,10,3,0,11.57,0
PAY_05045,297.96,card_expired,14,10,1,0,13.22,0
PAY_05046,9861.89,other,22,7,2,0,8.45,0
PAY_05047,6172.42,card_expired,43,11,0,0,11.21,1
PAY_05048,875.46,insufficient_funds,53,10,2,0,45.15,1
PAY_05049,2492.51,other,41,9,2,0,12.27,0
PAY_05050,6929.57,card_expired,32,14,3,0,4.64,0
PAY_05051,3801.86,insufficient_funds,42,6,1,0,20.2,0
PAY_05052,2899.43,insufficient_funds,25,9,3,0,4.01,0
PAY_05053,7474.11,other,17,7,4,0,35.34,0
PAY_05054,1203.91,insufficient_funds,45,7,3,0,20.7,0
PAY_05055,2579.17,card_expired,9,12,1,0,5.91,0
PAY_05056,2455.77,gateway_timeout,55,7,2,0,1.59,1
PAY_05057,1903.18,mandate_expired,26,12,1,0,3.84,1
PAY_05058,1692.97,insufficient_funds,50,5,1,0,4.98,1
PAY_05059,2688.97,mandate_expired,6,6,3,0,4.32,1
PAY_05060,2587.52,checkout_abandon,30,12,0,3,29.4,0
PAY_05061,876.22,other,26,6,1,0,30.89,0
PAY_05062,5573.85,insufficient_funds,22,10,3,0,3.05,1
PAY_05063,941.68,insufficient_funds,31,10,2,0,0.55,0
PAY_05064,2009.84,insufficient_funds,40,5,1,0,8.26,1
PAY_05065,1860.81,insufficient_funds,57,8,4,0,10.79,1
PAY_05066,3576.53,other,50,6,3,0,24.88,0
PAY_05067,300.35,insufficient_funds,14,17,1,0,3.03,0
PAY_05068,6093.37,insufficient_funds,59,13,1,0,14.25,1
PAY_05069,1270.36,card_expired,30,13,2,0,2.13,0
PAY_05070,8467.66,insufficient_funds,28,11,2,0,23.07,1
PAY_05071,1549.8,insufficient_funds,1,3,3,0,1.7,0
PAY_05072,2380.83,mandate_expired,41,9,4,0,1.64,1
PAY_05073,16946.76,gateway_timeout,54,13,2,0,5.03,1
PAY_05074,1894.5,card_expired,18,6,1,0,21.14,0
PAY_05075,8629.1,mandate_expired,53,2,2,0,4.89,1
PAY_05076,2599.54,gateway_timeout,6,7,6,0,23.36,1
PAY_05077,3787.51,checkout_abandon,59,8,3,3,16.8,0
PAY_05078,2681.16,card_expired,16,9,1,0,2.09,0
PAY_05079,5836.56,gateway_timeout,29,10,1,0,5.58,1
PAY_05080,1259.56,mandate_expired,1,8,2,0,15.71,1
PAY_05081,934.49,gateway_timeout,54,8,2,0,3.85,1
PAY_05082,1320.11,checkout_abandon,31,7,3,3,5.63,1
PAY_05083,2762.13,mandate_expired,59,5,2,0,0.27,0
PAY_05084,2004.65,insufficient_funds,23,8,1,0,20.96,1
PAY_05085,5086.38,checkout_abandon,4,7,2,1,5.55,1
PAY_05086,9216.75,insufficient_funds,41,4,1,0,2.26,0
PAY_05087,942.19,mandate_expired,10,9,4,0,5.67,0
PAY_05088,1200.02,checkout_abandon,37,8,0,2,9.93,0
PAY_05089,594.55,gateway_timeout,3,8,2,0,3.75,1
PAY_05090,19042.32,insufficient_funds,11,11,2,0,25.06,0
PAY_05091,3390.44,other,39,11,2,0,16.22,0
PAY_05092,4039.39,gateway_timeout,41,11,2,0,2.41,1
PAY_05093,654.48,gateway_timeout,10,8,0,0,4.14,1
PAY_05094,2497.08,insufficient_funds,12,11,6,0,39.2,0
PAY_05095,4160.1,checkout_abandon,52,8,2,1,7.78,1
PAY_05096,1941.64,gateway_timeout,1,6,2,0,9.55,0
PAY_05097,7330.15,card_expired,14,6,2,0,19.79,0
PAY_05098,25232.22,mandate_expired,59,9,6,0,12.84,1
PAY_05099,969.7,insufficient_funds,33,9,2,0,11.41,1
PAY_05100,899.61,checkout_abandon,2,8,1,4,3.06,1
PAY_05101,1039.29,insufficient_funds,54,8,1,0,32.63,1
PAY_05102,12459.58,insufficient_funds,21,12,1,0,0.18,1
PAY_05103,7089.72,checkout_abandon,43,8,1,4,0.45,0
PAY_05104,2183.14,insufficient_funds,39,7,2,0,10.13,1
PAY_05105,2593.09,other,23,8,1,0,7.15,1
PAY_05106,1104.89,checkout_abandon,23,5,3,2,0.31,0
PAY_05107,6087.99,insufficient_funds,34,7,5,0,1.47,0
PAY_05108,1709.82,other,23,14,1,0,7.26,0
PAY_05109,1927.48,checkout_abandon,11,10,3,4,3.21,1
PAY_05110,4595.51,insufficient_funds,44,7,1,0,16.29,1
PAY_05111,2071.55,checkout_abandon,41,13,1,3,3.51,0
PAY_05112,1976.49,other,37,7,3,0,0.59,0
PAY_05113,2526.58,gateway_timeout,45,8,3,0,20.35,1
PAY_05114,5538.07,gateway_timeout,32,11,2,0,9.45,1
PAY_05115,12971.88,checkout_abandon,56,12,0,3,0.95,0
PAY_05116,4489.66,gateway_timeout,54,9,2,0,12.96,1
PAY_05117,5582.32,insufficient_funds,59,11,2,0,26.52,1
PAY_05118,2047.13,checkout_abandon,7,6,3,5,8.74,0
PAY_05119,1231.82,other,7,5,1,0,0.39,0
PAY_05120,4807.98,mandate_expired,29,6,0,0,0.1,1
PAY_05121,2966.94,insufficient_funds,42,15,3,0,6.23,0
PAY_05122,602.7,gateway_timeout,15,5,4,0,7.38,1
PAY_05123,1800.78,insufficient_funds,7,7,2,0,0.11,1
PAY_05124,2301.11,gateway_timeout,3,12,0,0,6.41,1
PAY_05125,1500.55,mandate_expired,34,6,0,0,9.19,1
PAY_05126,11001.44,gateway_timeout,59,7,2,0,2.1,1
PAY_05127,4039.54,card_expired,28,9,1,0,8.96,0
PAY_05128,9869.66,checkout_abandon,45,9,3,5,21.25,1
PAY_05129,3253.45,mandate_expired,4,11,2,0,3.27,1
PAY_05130,2711.98,other,13,10,1,0,0.63,0
PAY_05131,979.9,mandate_expired,41,8,1,0,12.09,1
PAY_05132,2530.0,other,25,14,2,0,17.18,0
PAY_05133,2532.85,card_expired,2,4,2,0,11.31,1
PAY_05134,637.1,checkout_abandon,14,11,4,5,3.68,0
PAY_05135,1457.56,gateway_timeout,48,11,2,0,23.75,1
PAY_05136,1809.42,gateway_timeout,42,10,1,0,5.83,0
PAY_05137,3780.17,other,49,6,0,0,2.81,0
PAY_05138,3965.54,insufficient_funds,22,7,1,0,23.54,0
PAY_05139,1397.9,other,56,10,1,0,0.34,0
PAY_05140,3995.47,gateway_timeout,56,5,0,0,3.72,0
PAY_05141,2083.84,mandate_expired,23,12,2,0,23.27,1
PAY_05142,141.8,gateway_timeout,13,8,1,0,2.75,1
PAY_05143,1539.7,other,58,7,2,0,21.61,0
PAY_05144,7354.26,insufficient_funds,21,7,3,0,5.52,1
PAY_05145,465.09,gateway_timeout,30,6,2,0,2.34,1
PAY_05146,2798.22,card_expired,56,6,4,0,28.17,1
PAY_05147,12201.42,gateway_timeout,17,3,3,0,6.16,1
PAY_05148,1168.45,gateway_timeout,54,8,3,0,34.63,0
PAY_05149,2505.38,other,10,9,0,0,14.39,0
PAY_05150,678.6,card_expired,18,2,1,0,14.72,0
PAY_05151,12724.41,insufficient_funds,24,6,1,0,3.31,0
PAY_05152,2300.11,checkout_abandon,29,6,3,2,13.66,0
PAY_05153,2619.33,insufficient_funds,15,6,2,0,1.52,0
PAY_05154,9685.12,insufficient_funds,54,7,3,0,28.18,1
PAY_05155,4844.14,checkout_abandon,40,13,4,2,13.4,1
PAY_05156,1041.5,insufficient_funds,41,8,3,0,4.07,0
PAY_05157,1308.67,checkout_abandon,44,6,2,3,41.5,1
PAY_05158,4100.96,gateway_timeout,39,6,2,0,2.02,0
PAY_05159,1339.33,card_expired,39,8,2,0,1.31,0
PAY_05160,300.91,checkout_abandon,40,7,3,3,14.36,1
PAY_05161,2370.38,insufficient_funds,44,8,6,0,5.34,1
PAY_05162,568.97,other,56,7,0,0,13.56,1
PAY_05163,12585.84,card_expired,12,6,0,0,17.97,0
PAY_05164,2983.44,gateway_timeout,32,11,1,0,2.27,1
PAY_05165,1011.18,other,12,10,3,0,9.67,0
PAY_05166,1243.16,gateway_timeout,11,4,1,0,1.32,1
PAY_05167,377.91,gateway_timeout,57,7,1,0,12.24,1
PAY_05168,832.63,gateway_timeout,29,9,1,0,1.71,1
PAY_05169,6907.54,insufficient_funds,43,6,2,0,0.28,1
PAY_05170,23291.23,mandate_expired,44,11,0,0,0.75,0
PAY_05171,5169.04,checkout_abandon,2,7,0,5,6.99,1
PAY_05172,2280.17,other,30,8,1,0,21.2,0
PAY_05173,1623.09,insufficient_funds,11,5,4,0,11.88,0
PAY_05174,960.59,insufficient_funds,19,11,5,0,4.96,0
PAY_05175,19610.33,gateway_timeout,12,10,1,0,13.09,1
PAY_05176,2069.99,insufficient_funds,40,8,2,0,16.64,1
PAY_05177,20737.02,other,8,7,1,0,14.78,0
PAY_05178,10072.51,mandate_expired,28,12,2,0,20.88,0
PAY_05179,438.45,card_expired,19,12,2,0,5.83,1
PAY_05180,1284.46,mandate_expired,58,5,2,0,0.61,0
PAY_05181,1280.49,insufficient_funds,48,7,4,0,2.74,1
PAY_05182,2308.15,insufficient_funds,22,7,3,0,0.66,0
PAY_05183,2353.67,gateway_timeout,18,4,0,0,8.58,0
PAY_05184,50025.35,card_expired,44,6,0,0,1.08,0
PAY_05185,851.35,gateway_timeout,38,9,5,0,6.42,1
PAY_05186,3143.26,insufficient_funds,34,6,1,0,28.23,0
PAY_05187,4631.12,mandate_expired,5,11,1,0,19.45,1
PAY_05188,2496.07,insufficient_funds,5,8,4,0,2.69,0
PAY_05189,2791.2,checkout_abandon,39,5,2,3,23.48,1
PAY_05190,879.4,insufficient_funds,29,9,0,0,31.75,1
PAY_05191,2780.91,checkout_abandon,50,6,4,4,5.16,0
PAY_05192,4169.06,gateway_timeout,2,6,1,0,3.28,1
PAY_05193,3469.09,other,12,5,2,0,3.56,0
PAY_05194,4421.56,mandate_expired,48,5,2,0,7.53,1
PAY_05195,10266.63,insufficient_funds,59,10,1,0,6.23,0
PAY_05196,6380.57,card_expired,45,10,2,0,13.87,0
PAY_05197,2684.74,card_expired,1,8,4,0,23.75,0
PAY_05198,774.55,mandate_expired,4,4,0,0,24.99,0
PAY_05199,1372.02,other,53,5,2,0,2.24,1
PAY_05200,2007.04,card_expired,30,9,2,0,7.45,1
PAY_05201,3217.6,insufficient_funds,30,20,2,0,6.74,1
PAY_05202,1549.54,gateway_timeout,58,16,1,0,11.38,1
PAY_05203,980.75,gateway_timeout,15,7,0,0,10.87,0
PAY_05204,761.92,checkout_abandon,18,5,2,5,11.22,0
PAY_05205,479.56,other,42,12,3,0,5.72,0
PAY_05206,1976.52,checkout_abandon,55,14,3,2,7.76,1
PAY_05207,575.01,gateway_timeout,22,13,0,0,8.62,1
PAY_05208,919.22,other,10,5,2,0,0.1,0
PAY_05209,1686.05,mandate_expired,4,7,2,0,22.98,0
PAY_05210,657.29,gateway_timeout,1,10,0,0,11.51,1
PAY_05211,3654.81,other,23,12,2,0,36.85,0
PAY_05212,5241.01,gateway_timeout,32,10,4,0,12.07,1
PAY_05213,1443.2,checkout_abandon,30,9,2,2,1.4,1
PAY_05214,1614.88,checkout_abandon,15,10,1,3,2.67,0
PAY_05215,4279.0,other,41,3,1,0,3.93,0
PAY_05216,1224.21,gateway_timeout,53,5,3,0,8.84,1
PAY_05217,1142.89,gateway_timeout,14,13,2,0,18.58,0
PAY_05218,8271.28,mandate_expired,41,7,1,0,9.33,1
PAY_05219,6052.54,other,33,7,5,0,12.14,0
PAY_05220,4562.36,insufficient_funds,42,6,2,0,38.11,1
PAY_05221,6308.74,insufficient_funds,1,8,2,0,9.68,0
PAY_05222,346.11,other,41,8,1,0,1.12,0
PAY_05223,9680.62,card_expired,45,15,5,0,35.24,0
PAY_05224,3700.07,gateway_timeout,41,7,2,0,21.96,1
PAY_05225,6869.37,gateway_timeout,51,7,2,0,5.52,1
PAY_05226,3681.99,checkout_abandon,45,11,6,1,9.64,0
PAY_05227,2625.35,mandate_expired,60,9,1,0,6.25,0
PAY_05228,1898.34,checkout_abandon,41,5,1,4,41.42,1
PAY_05229,3609.02,card_expired,27,6,0,0,0.1,1
PAY_05230,1830.42,insufficient_funds,51,7,2,0,2.68,1
PAY_05231,5954.62,card_expired,42,12,3,0,10.17,0
PAY_05232,511.62,insufficient_funds,34,11,1,0,13.43,1
PAY_05233,1454.58,other,35,9,1,0,13.16,0
PAY_05234,19319.48,insufficient_funds,22,4,1,0,5.21,1
PAY_05235,1336.71,insufficient_funds,37,9,1,0,24.95,1
PAY_05236,1969.16,insufficient_funds,29,6,0,0,0.6,1
PAY_05237,1034.28,insufficient_funds,8,5,2,0,4.15,0
PAY_05238,3497.81,gateway_timeout,27,8,2,0,4.0,1
PAY_05239,1197.25,mandate_expired,57,6,3,0,20.05,1
PAY_05240,2076.49,other,20,17,1,0,5.4,0
PAY_05241,5842.49,checkout_abandon,41,4,1,1,0.12,0
PAY_05242,1243.0,checkout_abandon,25,6,1,2,52.68,0
PAY_05243,5500.85,gateway_timeout,18,6,0,0,0.64,1
PAY_05244,5688.92,card_expired,24,4,4,0,3.85,1
PAY_05245,7179.62,insufficient_funds,58,6,2,0,18.06,1
PAY_05246,2877.24,gateway_timeout,7,9,5,0,1.09,1
PAY_05247,63914.73,insufficient_funds,41,13,3,0,16.95,0
PAY_05248,7176.59,insufficient_funds,50,5,1,0,16.54,0
PAY_05249,3459.65,checkout_abandon,12,7,0,5,4.57,1
PAY_05250,1041.19,insufficient_funds,46,7,6,0,11.2,0
PAY_05251,2268.76,insufficient_funds,39,5,2,0,9.76,1
PAY_05252,10408.45,card_expired,21,6,3,0,12.17,0
PAY_05253,13815.97,insufficient_funds,11,8,3,0,8.44,1
PAY_05254,10964.03,checkout_abandon,57,9,2,1,3.73,0
PAY_05255,5482.07,gateway_timeout,12,12,1,0,43.63,1
PAY_05256,712.22,other,57,8,1,0,16.27,0
PAY_05257,4069.22,mandate_expired,39,12,1,0,26.92,1
PAY_05258,722.45,insufficient_funds,52,5,2,0,14.36,1
PAY_05259,564.86,other,18,10,3,0,17.61,1
PAY_05260,3175.45,gateway_timeout,2,8,3,0,10.12,1
PAY_05261,4218.54,gateway_timeout,40,7,1,0,3.99,1
PAY_05262,6169.81,mandate_expired,23,7,3,0,10.76,1
PAY_05263,4110.02,mandate_expired,34,10,2,0,23.44,1
PAY_05264,4254.07,gateway_timeout,28,2,3,0,26.51,0
PAY_05265,933.92,gateway_timeout,20,8,1,0,0.13,0
PAY_05266,2250.86,insufficient_funds,44,7,1,0,16.21,1
PAY_05267,553.87,checkout_abandon,31,7,0,5,62.69,1
PAY_05268,337.2,other,39,6,2,0,0.51,0
PAY_05269,5243.21,gateway_timeout,41,8,0,0,4.7,1
PAY_05270,1177.23,other,41,7,5,0,12.67,0
PAY_05271,5982.21,insufficient_funds,20,5,3,0,4.11,1
PAY_05272,7573.37,card_expired,47,12,2,0,7.39,0
PAY_05273,1345.78,other,14,9,2,0,0.1,0
PAY_05274,4511.37,mandate_expired,57,9,3,0,12.95,1
PAY_05275,1290.63,insufficient_funds,49,9,0,0,39.12,1
PAY_05276,394.72,gateway_timeout,34,14,2,0,6.27,1
PAY_05277,2828.09,insufficient_funds,11,8,3,0,13.45,0
PAY_05278,1561.14,checkout_abandon,55,6,3,2,16.92,1
PAY_05279,1609.95,other,34,9,4,0,14.27,0
PAY_05280,18022.73,gateway_timeout,49,7,2,0,1.59,0
PAY_05281,543.59,insufficient_funds,2,7,4,0,17.67,0
PAY_05282,3666.22,gateway_timeout,21,11,0,0,2.44,1
PAY_05283,924.49,checkout_abandon,18,5,3,5,72.0,1
PAY_05284,6200.02,checkout_abandon,49,6,4,5,7.47,1
PAY_05285,3369.36,insufficient_funds,28,10,0,0,6.33,0
PAY_05286,3653.32,card_expired,8,9,6,0,19.86,0
PAY_05287,971.81,insufficient_funds,37,6,2,0,1.23,0
PAY_05288,1162.65,checkout_abandon,10,10,4,2,2.78,0
PAY_05289,6318.88,gateway_timeout,27,1,2,0,6.81,0
PAY_05290,14688.85,insufficient_funds,60,12,1,0,25.69,0
PAY_05291,4041.43,mandate_expired,27,5,0,0,1.26,1
PAY_05292,1019.05,mandate_expired,26,8,4,0,6.12,0
PAY_05293,3508.64,gateway_timeout,3,14,2,0,30.02,1
PAY_05294,28325.51,card_expired,28,7,1,0,5.21,0
PAY_05295,2769.63,checkout_abandon,58,9,2,4,47.43,1
PAY_05296,10784.73,gateway_timeout,58,11,2,0,58.73,1
PAY_05297,1192.39,other,58,7,2,0,5.12,1
PAY_05298,2396.97,other,22,6,1,0,12.59,0
PAY_05299,4645.3,insufficient_funds,4,5,0,0,44.75,0
PAY_05300,3719.61,other,15,5,1,0,6.05,0
PAY_05301,1161.72,card_expired,13,3,0,0,1.19,0
PAY_05302,1112.68,insufficient_funds,5,12,2,0,7.78,1
PAY_05303,6716.55,checkout_abandon,43,6,4,3,1.67,1
PAY_05304,8230.46,insufficient_funds,32,5,1,0,4.29,0
PAY_05305,11341.11,checkout_abandon,44,9,1,3,13.65,0
PAY_05306,15183.68,other,12,9,4,0,9.69,0
PAY_05307,2860.25,gateway_timeout,42,4,1,0,2.25,1
PAY_05308,1831.42,checkout_abandon,4,13,0,1,4.46,0
PAY_05309,9653.12,insufficient_funds,44,9,1,0,3.52,0
PAY_05310,5100.61,checkout_abandon,49,13,0,5,0.65,1
PAY_05311,935.98,card_expired,16,10,4,0,2.72,0
PAY_05312,889.28,insufficient_funds,20,9,0,0,12.04,1
PAY_05313,4088.67,checkout_abandon,27,15,2,1,0.31,0
PAY_05314,2093.87,gateway_timeout,35,13,3,0,20.77,1
PAY_05315,2434.79,mandate_expired,32,13,2,0,4.09,1
PAY_05316,7306.94,mandate_expired,7,13,1,0,3.24,0
PAY_05317,5340.55,mandate_expired,23,13,2,0,12.89,0
PAY_05318,9451.41,gateway_timeout,31,3,1,0,3.84,0
PAY_05319,362.31,checkout_abandon,37,9,2,4,7.64,1
PAY_05320,3220.99,mandate_expired,38,10,0,0,13.15,0
PAY_05321,5007.71,mandate_expired,40,6,3,0,37.23,0
PAY_05322,543.19,checkout_abandon,27,6,0,5,2.2,0
PAY_05323,1298.74,card_expired,31,3,2,0,17.86,0
PAY_05324,1078.75,insufficient_funds,21,8,1,0,66.94,0
PAY_05325,2554.84,insufficient_funds,17,6,5,0,6.79,0
PAY_05326,12732.33,other,19,11,1,0,14.97,0
PAY_05327,18894.68,insufficient_funds,27,7,1,0,9.16,1
PAY_05328,1107.39,other,7,7,3,0,3.53,0
PAY_05329,4232.73,checkout_abandon,14,7,1,1,4.9,0
PAY_05330,4371.42,other,7,12,0,0,3.76,0
PAY_05331,3683.7,checkout_abandon,25,6,4,4,2.83,0
PAY_05332,3725.76,card_expired,30,5,1,0,9.07,0
PAY_05333,3387.3,mandate_expired,10,10,1,0,1.45,1
PAY_05334,13515.82,checkout_abandon,9,6,5,1,0.66,1
PAY_05335,7528.96,gateway_timeout,32,6,3,0,12.77,1
PAY_05336,866.01,insufficient_funds,14,7,2,0,1.36,1
PAY_05337,5540.1,gateway_timeout,53,5,2,0,3.72,1
PAY_05338,6102.29,other,10,6,4,0,21.05,0
PAY_05339,3425.54,gateway_timeout,29,11,1,0,0.29,1
PAY_05340,7750.17,card_expired,49,7,2,0,12.27,0
PAY_05341,3017.31,checkout_abandon,7,7,2,1,3.25,0
PAY_05342,3054.94,gateway_timeout,27,8,2,0,5.52,1
PAY_05343,2822.24,other,29,9,1,0,4.2,0
PAY_05344,332.22,insufficient_funds,34,14,0,0,15.4,0
PAY_05345,2306.87,checkout_abandon,54,10,3,1,2.82,1
PAY_05346,1281.51,checkout_abandon,35,7,3,3,0.44,1
PAY_05347,763.26,insufficient_funds,23,11,1,0,13.14,0
PAY_05348,10488.81,insufficient_funds,24,5,1,0,0.88,1
PAY_05349,4139.18,mandate_expired,38,4,2,0,30.34,1
PAY_05350,2426.52,insufficient_funds,18,9,2,0,31.98,0
PAY_05351,1421.18,card_expired,42,12,3,0,0.56,0
PAY_05352,3361.75,checkout_abandon,23,7,1,4,7.25,0
PAY_05353,6737.76,insufficient_funds,4,7,3,0,3.57,1
PAY_05354,1093.44,gateway_timeout,33,6,0,0,31.63,1
PAY_05355,2487.96,insufficient_funds,16,8,1,0,2.59,0
PAY_05356,5955.75,card_expired,22,9,3,0,18.55,0
PAY_05357,360.7,checkout_abandon,20,9,4,5,0.1,0
PAY_05358,2360.14,insufficient_funds,9,14,3,0,5.5,1
PAY_05359,1627.43,checkout_abandon,18,11,2,3,15.23,0
PAY_05360,2186.85,checkout_abandon,55,7,2,4,22.43,0
PAY_05361,1513.86,mandate_expired,20,10,0,0,3.03,0
PAY_05362,2868.86,insufficient_funds,44,3,1,0,16.95,1
PAY_05363,17114.36,insufficient_funds,25,6,1,0,9.41,0
PAY_05364,1808.27,gateway_timeout,4,6,2,0,12.25,1
PAY_05365,3346.79,mandate_expired,51,8,3,0,20.96,0
PAY_05366,18375.85,mandate_expired,55,7,3,0,20.22,0
PAY_05367,1442.35,gateway_timeout,15,6,2,0,2.26,1
PAY_05368,15347.71,insufficient_funds,11,8,2,0,27.9,0
PAY_05369,2513.34,mandate_expired,56,9,1,0,42.42,0
PAY_05370,14852.78,insufficient_funds,6,8,2,0,18.49,0
PAY_05371,5293.56,checkout_abandon,54,8,0,5,1.44,1
PAY_05372,3398.72,gateway_timeout,11,13,4,0,9.96,0
PAY_05373,2341.19,insufficient_funds,53,9,1,0,9.26,0
PAY_05374,1339.44,checkout_abandon,56,7,2,4,12.85,1
PAY_05375,2696.84,insufficient_funds,15,12,3,0,10.87,0
PAY_05376,6132.8,checkout_abandon,14,10,1,1,5.67,0
PAY_05377,2467.44,insufficient_funds,7,3,1,0,11.49,1
PAY_05378,1821.51,gateway_timeout,48,9,2,0,2.52,0
PAY_05379,1945.48,checkout_abandon,21,9,5,5,0.35,0
PAY_05380,6744.77,insufficient_funds,39,6,3,0,4.11,1
PAY_05381,8511.79,checkout_abandon,37,12,0,4,29.7,0
PAY_05382,1282.92,card_expired,32,12,2,0,8.61,0
PAY_05383,1281.08,other,15,11,2,0,15.6,0
PAY_05384,3653.37,insufficient_funds,22,8,0,0,1.28,1
PAY_05385,11516.98,insufficient_funds,31,4,3,0,0.84,0
PAY_05386,7863.89,gateway_timeout,6,9,3,0,20.14,1
PAY_05387,714.94,other,25,13,1,0,1.88,0
PAY_05388,1919.79,gateway_timeout,43,9,4,0,5.96,1
PAY_05389,985.79,gateway_timeout,26,6,3,0,5.78,1
PAY_05390,1913.2,mandate_expired,24,10,3,0,32.74,1
PAY_05391,12437.31,insufficient_funds,51,8,1,0,8.55,1
PAY_05392,602.72,checkout_abandon,33,8,3,2,45.85,0
PAY_05393,495.31,checkout_abandon,45,7,1,3,2.15,1
PAY_05394,1091.7,checkout_abandon,4,7,1,2,7.6,0
PAY_05395,3332.1,mandate_expired,56,7,1,0,2.14,1
PAY_05396,4650.83,gateway_timeout,47,9,2,0,51.69,1
PAY_05397,3871.88,mandate_expired,50,8,2,0,9.6,1
PAY_05398,8100.91,checkout_abandon,42,11,1,1,26.74,0
PAY_05399,428.79,insufficient_funds,33,9,2,0,8.35,1
PAY_05400,8204.04,other,32,11,1,0,72.0,1
PAY_05401,1829.78,card_expired,38,9,5,0,4.7,0
PAY_05402,5195.46,other,30,6,3,0,5.97,0
PAY_05403,665.55,mandate_expired,44,1,2,0,4.1,0
PAY_05404,2512.42,insufficient_funds,21,9,0,0,4.35,1
PAY_05405,3166.29,gateway_timeout,47,7,3,0,7.21,0
PAY_05406,7941.02,gateway_timeout,21,14,0,0,15.49,1
PAY_05407,512.24,insufficient_funds,29,8,2,0,4.03,0
PAY_05408,2578.08,gateway_timeout,5,7,3,0,5.13,1
PAY_05409,844.56,gateway_timeout,55,6,3,0,16.98,1
PAY_05410,4144.52,insufficient_funds,42,5,2,0,20.58,0
PAY_05411,5438.52,card_expired,15,6,3,0,26.23,0
PAY_05412,9056.3,insufficient_funds,3,6,0,0,0.17,1
PAY_05413,1464.13,checkout_abandon,52,7,1,5,3.77,1
PAY_05414,6318.72,card_expired,1,12,6,0,5.35,0
PAY_05415,9749.27,checkout_abandon,29,4,0,1,10.11,0
PAY_05416,483.38,insufficient_funds,2,14,2,0,23.39,0
PAY_05417,4611.88,checkout_abandon,42,9,4,5,0.85,0
PAY_05418,6519.53,card_expired,13,10,3,0,24.66,0
PAY_05419,1930.09,card_expired,26,12,4,0,1.02,0
PAY_05420,744.92,gateway_timeout,35,14,2,0,0.67,1
PAY_05421,6418.9,insufficient_funds,23,7,1,0,8.19,1
PAY_05422,753.36,checkout_abandon,41,10,1,1,10.3,0
PAY_05423,2091.62,insufficient_funds,31,7,3,0,3.9,1
PAY_05424,2401.68,card_expired,26,6,2,0,8.28,1
PAY_05425,5113.22,mandate_expired,20,10,0,0,21.07,1
PAY_05426,1335.97,card_expired,25,12,5,0,7.41,0
PAY_05427,1260.75,other,20,15,2,0,13.34,0
PAY_05428,2759.93,checkout_abandon,35,8,2,2,3.82,0
PAY_05429,6839.27,other,46,1,3,0,3.35,0
PAY_05430,24624.47,mandate_expired,36,8,2,0,0.86,0
PAY_05431,553.67,insufficient_funds,2,6,3,0,0.94,0
PAY_05432,3426.82,card_expired,51,5,2,0,5.77,0
PAY_05433,843.46,mandate_expired,48,9,1,0,12.2,0
PAY_05434,6924.75,other,50,4,1,0,14.0,0
PAY_05435,977.99,insufficient_funds,3,9,1,0,1.42,0
PAY_05436,1273.34,gateway_timeout,50,6,2,0,2.49,1
PAY_05437,1386.83,card_expired,29,9,2,0,20.67,0
PAY_05438,2316.58,insufficient_funds,51,8,2,0,5.57,1
PAY_05439,3453.85,mandate_expired,47,4,2,0,10.94,1
PAY_05440,4055.17,checkout_abandon,53,7,2,1,4.31,0
PAY_05441,2485.62,insufficient_funds,8,10,1,0,9.63,0
PAY_05442,661.27,insufficient_funds,34,9,5,0,9.63,1
PAY_05443,5176.23,card_expired,44,6,1,0,0.1,0
PAY_05444,2371.05,insufficient_funds,36,3,2,0,37.55,0
PAY_05445,7988.68,mandate_expired,49,6,2,0,12.18,0
PAY_05446,1231.89,mandate_expired,44,12,2,0,10.38,1
PAY_05447,503.59,mandate_expired,3,10,4,0,8.56,0
PAY_05448,2416.37,gateway_timeout,12,11,1,0,7.2,1
PAY_05449,9136.19,insufficient_funds,39,8,2,0,7.96,1
PAY_05450,2936.54,card_expired,22,8,0,0,6.64,0
PAY_05451,2047.5,insufficient_funds,22,11,0,0,5.48,0
PAY_05452,1047.02,gateway_timeout,55,14,4,0,3.88,0
PAY_05453,14498.67,other,6,9,1,0,16.39,0
PAY_05454,892.87,gateway_timeout,32,7,6,0,25.71,1
PAY_05455,1210.33,gateway_timeout,19,10,6,0,22.13,1
PAY_05456,4420.82,other,4,12,2,0,9.86,0
PAY_05457,390.73,insufficient_funds,23,7,1,0,23.98,1
PAY_05458,8943.09,insufficient_funds,25,12,2,0,15.86,0
PAY_05459,4666.85,gateway_timeout,28,9,4,0,23.56,1
PAY_05460,6144.28,card_expired,10,7,0,0,13.25,0
PAY_05461,4368.45,other,44,5,0,0,6.11,0
PAY_05462,2127.97,card_expired,22,15,1,0,5.44,1
PAY_05463,863.42,other,35,16,2,0,28.11,0
PAY_05464,2173.23,insufficient_funds,33,11,1,0,7.0,1
PAY_05465,942.76,checkout_abandon,34,6,2,3,11.89,1
PAY_05466,4065.13,insufficient_funds,31,8,2,0,7.37,0
PAY_05467,5601.7,other,19,5,4,0,1.6,0
PAY_05468,10947.37,other,30,10,3,0,16.53,0
PAY_05469,3625.74,gateway_timeout,32,8,0,0,2.48,1
PAY_05470,6301.99,card_expired,2,8,0,0,2.51,0
PAY_05471,1857.34,mandate_expired,44,8,1,0,27.17,0
PAY_05472,1549.63,insufficient_funds,27,5,2,0,63.17,0
PAY_05473,4014.7,checkout_abandon,18,9,0,4,10.52,0
PAY_05474,1698.62,other,2,10,0,0,3.34,0
PAY_05475,3272.25,gateway_timeout,19,8,1,0,14.53,0
PAY_05476,865.11,insufficient_funds,25,1,1,0,20.45,1
PAY_05477,1035.27,other,51,4,3,0,9.06,0
PAY_05478,4719.49,gateway_timeout,39,13,2,0,8.31,0
PAY_05479,6067.71,gateway_timeout,26,5,3,0,3.27,1
PAY_05480,932.99,mandate_expired,8,14,3,0,39.11,1
PAY_05481,4888.6,checkout_abandon,17,8,3,5,0.12,0
PAY_05482,1467.49,gateway_timeout,56,7,2,0,22.51,0
PAY_05483,2541.61,insufficient_funds,8,7,1,0,30.41,1
PAY_05484,10311.25,card_expired,38,5,0,0,0.1,0
PAY_05485,5605.67,checkout_abandon,32,10,2,3,14.55,0
PAY_05486,5540.93,mandate_expired,14,10,5,0,3.7,0
PAY_05487,16862.31,card_expired,53,10,1,0,0.37,0
PAY_05488,1236.66,insufficient_funds,24,5,2,0,6.24,0
PAY_05489,932.78,card_expired,40,11,2,0,8.02,1
PAY_05490,1214.3,card_expired,6,8,0,0,2.75,0
PAY_05491,1938.26,other,58,9,1,0,3.27,0
PAY_05492,237.34,insufficient_funds,2,8,4,0,9.56,1
PAY_05493,2031.68,gateway_timeout,19,10,0,0,10.43,1
PAY_05494,1450.23,mandate_expired,55,5,2,0,1.09,1
PAY_05495,5474.22,other,39,9,3,0,8.62,0
PAY_05496,3556.26,other,41,14,1,0,7.03,0
PAY_05497,1371.07,gateway_timeout,19,11,2,0,12.81,1
PAY_05498,4509.79,checkout_abandon,47,4,6,1,8.15,0
PAY_05499,5152.87,insufficient_funds,56,5,1,0,5.53,0
PAY_05500,1159.22,mandate_expired,38,5,2,0,9.51,0
PAY_05501,1526.94,card_expired,14,5,1,0,1.74,1
PAY_05502,270.07,card_expired,55,9,2,0,14.38,1
PAY_05503,839.99,gateway_timeout,1,6,1,0,9.59,1
PAY_05504,1189.84,other,54,7,0,0,6.51,1
PAY_05505,2692.46,insufficient_funds,1,7,2,0,7.65,0
PAY_05506,971.33,checkout_abandon,4,6,1,5,4.07,0
PAY_05507,1496.07,checkout_abandon,3,6,1,4,12.3,1
PAY_05508,734.15,checkout_abandon,12,11,1,4,2.1,0
PAY_05509,2966.56,card_expired,44,8,3,0,24.07,0
PAY_05510,3826.71,checkout_abandon,24,16,0,3,8.09,1
PAY_05511,3738.39,insufficient_funds,5,5,3,0,11.15,0
PAY_05512,2531.09,insufficient_funds,21,5,0,0,21.33,0
PAY_05513,535.38,checkout_abandon,60,7,1,4,35.1,1
PAY_05514,1344.92,mandate_expired,32,6,5,0,1.3,1
PAY_05515,1663.6,checkout_abandon,44,10,0,2,40.92,1
PAY_05516,1670.29,gateway_timeout,16,7,2,0,34.18,1
PAY_05517,2694.66,insufficient_funds,32,6,0,0,21.25,1
PAY_05518,10400.27,card_expired,48,6,2,0,36.1,0
PAY_05519,5631.56,checkout_abandon,41,8,0,3,12.67,1
PAY_05520,931.25,checkout_abandon,1,5,1,3,3.22,0
PAY_05521,4926.82,checkout_abandon,37,9,3,3,7.31,0
PAY_05522,4742.64,gateway_timeout,48,2,2,0,47.28,1
PAY_05523,1116.53,gateway_timeout,9,10,3,0,14.68,0
PAY_05524,5842.49,insufficient_funds,24,5,2,0,2.88,1
PAY_05525,2129.56,mandate_expired,39,11,5,0,8.36,0
PAY_05526,610.39,gateway_timeout,1,10,2,0,6.42,0
PAY_05527,3941.23,gateway_timeout,43,6,2,0,2.21,1
PAY_05528,3105.74,other,51,4,2,0,22.78,0
PAY_05529,1990.95,gateway_timeout,32,9,3,0,0.37,1
PAY_05530,2408.1,checkout_abandon,27,6,3,5,9.94,0
PAY_05531,1217.99,gateway_timeout,6,8,2,0,2.85,1
PAY_05532,4601.68,gateway_timeout,44,8,3,0,2.8,1
PAY_05533,2393.7,insufficient_funds,57,11,5,0,0.58,0
PAY_05534,2952.76,card_expired,53,8,2,0,5.14,0
PAY_05535,3573.1,checkout_abandon,33,11,2,3,18.9,0
PAY_05536,787.97,mandate_expired,3,9,0,0,25.98,0
PAY_05537,1022.25,other,18,10,2,0,17.04,0
PAY_05538,274.27,insufficient_funds,16,4,2,0,0.2,1
PAY_05539,4397.49,mandate_expired,1,11,3,0,22.41,0
PAY_05540,743.85,insufficient_funds,8,6,3,0,17.68,0
PAY_05541,2854.4,checkout_abandon,35,8,1,3,6.41,1
PAY_05542,3622.92,card_expired,6,7,1,0,10.99,0
PAY_05543,4566.03,insufficient_funds,3,7,3,0,11.27,0
PAY_05544,749.97,other,57,6,2,0,8.92,0
PAY_05545,2342.29,checkout_abandon,37,3,1,4,3.31,1
PAY_05546,13284.14,gateway_timeout,49,8,1,0,3.89,1
PAY_05547,13882.17,insufficient_funds,15,11,3,0,21.19,1
PAY_05548,6710.1,checkout_abandon,22,8,2,4,19.51,0
PAY_05549,3503.57,checkout_abandon,37,11,3,4,0.46,1
PAY_05550,915.01,insufficient_funds,42,7,1,0,4.29,0
PAY_05551,5129.01,checkout_abandon,23,7,0,1,1.44,1
PAY_05552,2134.58,insufficient_funds,56,9,4,0,1.17,1
PAY_05553,4378.99,other,43,5,3,0,29.04,0
PAY_05554,1327.7,gateway_timeout,14,8,0,0,13.33,0
PAY_05555,2102.98,checkout_abandon,6,11,1,2,3.75,1
PAY_05556,2945.97,card_expired,1,7,1,0,53.17,0
PAY_05557,3198.14,mandate_expired,51,9,3,0,11.26,0
PAY_05558,4096.01,other,50,6,3,0,18.15,0
PAY_05559,1400.87,other,29,2,0,0,1.17,0
PAY_05560,652.47,insufficient_funds,44,5,3,0,0.82,1
PAY_05561,12693.32,gateway_timeout,54,5,2,0,21.12,0
PAY_05562,30130.71,mandate_expired,10,7,3,0,6.3,1
PAY_05563,3910.68,insufficient_funds,59,14,1,0,41.18,1
PAY_05564,665.18,mandate_expired,30,8,1,0,0.57,1
PAY_05565,1153.84,insufficient_funds,27,4,0,0,0.68,0
PAY_05566,4159.56,other,10,5,2,0,5.33,0
PAY_05567,9558.27,mandate_expired,41,9,3,0,3.58,0
PAY_05568,743.34,checkout_abandon,37,10,3,1,2.26,1
PAY_05569,2207.71,gateway_timeout,2,3,3,0,18.55,1
PAY_05570,3041.11,other,39,6,2,0,6.48,0
PAY_05571,5935.01,mandate_expired,9,9,1,0,4.53,0
PAY_05572,1773.03,card_expired,17,6,4,0,17.75,0
PAY_05573,523.34,card_expired,37,6,2,0,12.96,0
PAY_05574,4652.89,insufficient_funds,47,11,3,0,8.29,0
PAY_05575,7698.97,insufficient_funds,9,7,2,0,27.57,0
PAY_05576,2301.82,insufficient_funds,29,14,4,0,0.17,1
PAY_05577,3749.16,mandate_expired,18,10,1,0,8.79,1
PAY_05578,1555.5,checkout_abandon,43,7,4,5,1.22,1
PAY_05579,1073.06,gateway_timeout,50,14,2,0,5.12,1
PAY_05580,6977.68,other,39,4,1,0,24.1,0
PAY_05581,3683.22,insufficient_funds,48,5,1,0,4.69,0
PAY_05582,4082.3,card_expired,28,10,0,0,4.22,0
PAY_05583,11227.95,checkout_abandon,36,6,5,1,2.25,1
PAY_05584,870.62,gateway_timeout,18,12,0,0,9.75,1
PAY_05585,1439.45,insufficient_funds,60,7,2,0,11.65,1
PAY_05586,2927.72,mandate_expired,13,4,4,0,1.14,0
PAY_05587,1421.88,card_expired,56,11,2,0,7.52,0
PAY_05588,5470.81,gateway_timeout,45,8,0,0,6.37,1
PAY_05589,2072.78,checkout_abandon,60,7,3,1,13.8,1
PAY_05590,926.59,checkout_abandon,39,8,0,4,16.12,0
PAY_05591,2669.96,gateway_timeout,22,7,4,0,8.63,1
PAY_05592,2964.27,checkout_abandon,17,6,1,2,13.52,0
PAY_05593,6366.01,gateway_timeout,11,8,0,0,3.31,1
PAY_05594,3704.07,other,59,10,0,0,18.97,0
PAY_05595,3964.73,mandate_expired,7,6,6,0,48.59,0
PAY_05596,3443.82,insufficient_funds,49,12,2,0,0.1,0
PAY_05597,2071.08,card_expired,42,6,1,0,3.79,0
PAY_05598,1221.49,gateway_timeout,8,6,1,0,17.74,0
PAY_05599,3337.19,other,55,7,2,0,6.6,0
PAY_05600,1791.7,checkout_abandon,10,10,2,3,15.89,1
PAY_05601,13546.3,insufficient_funds,10,14,1,0,32.62,1
PAY_05602,9568.47,mandate_expired,33,5,2,0,24.23,1
PAY_05603,4707.37,insufficient_funds,7,8,1,0,2.75,1
PAY_05604,3650.11,other,7,7,4,0,1.09,0
PAY_05605,2289.5,other,38,8,0,0,7.58,0
PAY_05606,708.34,mandate_expired,58,6,4,0,25.74,1
PAY_05607,2013.99,checkout_abandon,4,4,2,2,3.19,1
PAY_05608,2766.8,checkout_abandon,39,7,0,3,6.72,0
PAY_05609,3144.79,gateway_timeout,37,6,3,0,7.91,1
PAY_05610,3998.13,insufficient_funds,4,10,1,0,0.49,1
PAY_05611,6281.58,other,9,12,2,0,45.21,0
PAY_05612,1251.24,gateway_timeout,27,7,2,0,13.21,1
PAY_05613,1262.65,gateway_timeout,42,11,1,0,3.68,1
PAY_05614,10666.92,insufficient_funds,14,16,1,0,5.15,0
PAY_05615,5404.72,other,27,7,1,0,30.56,0
PAY_05616,1691.34,other,30,6,1,0,22.82,0
PAY_05617,2245.84,gateway_timeout,43,8,1,0,63.15,1
PAY_05618,2255.96,gateway_timeout,15,12,2,0,5.03,0
PAY_05619,2580.19,card_expired,42,4,2,0,15.15,1
PAY_05620,4010.73,gateway_timeout,50,9,2,0,4.55,1
PAY_05621,31540.85,other,35,8,0,0,18.75,0
PAY_05622,3022.39,other,44,8,1,0,0.1,0
PAY_05623,4849.56,card_expired,11,7,3,0,3.32,0
PAY_05624,462.93,insufficient_funds,55,3,5,0,10.86,0
PAY_05625,1539.4,mandate_expired,19,11,3,0,1.14,1
PAY_05626,8542.94,other,12,9,3,0,4.94,0
PAY_05627,3738.21,gateway_timeout,33,1,1,0,9.31,0
PAY_05628,100.0,other,24,12,3,0,0.65,0
PAY_05629,4905.29,gateway_timeout,28,15,2,0,8.57,1
PAY_05630,17021.12,other,49,8,2,0,13.11,0
PAY_05631,339.73,mandate_expired,33,13,1,0,11.13,0
PAY_05632,11423.57,insufficient_funds,23,9,1,0,2.47,1
PAY_05633,156.35,checkout_abandon,49,8,0,3,1.42,1
PAY_05634,6387.16,insufficient_funds,23,9,3,0,17.69,0
PAY_05635,2478.47,gateway_timeout,58,10,2,0,25.42,1
PAY_05636,238.43,other,60,4,0,0,19.34,0
PAY_05637,3905.67,insufficient_funds,29,7,4,0,44.25,0
PAY_05638,7902.12,other,47,2,2,0,3.46,0
PAY_05639,3597.28,insufficient_funds,43,7,1,0,32.64,1
PAY_05640,4486.7,mandate_expired,52,10,6,0,16.15,1
PAY_05641,1656.35,other,28,12,0,0,4.17,0
PAY_05642,388.64,mandate_expired,25,5,3,0,11.17,0
PAY_05643,4993.59,other,17,6,2,0,5.79,0
PAY_05644,14382.97,other,36,15,1,0,15.6,0
PAY_05645,7735.9,mandate_expired,37,7,4,0,3.66,0
PAY_05646,342.47,card_expired,28,3,1,0,3.89,0
PAY_05647,549.58,insufficient_funds,19,10,1,0,8.0,0
PAY_05648,1072.85,gateway_timeout,28,7,3,0,28.88,0
PAY_05649,508.3,gateway_timeout,31,7,3,0,5.97,0
PAY_05650,2612.95,card_expired,8,12,4,0,18.79,0
PAY_05651,3705.09,mandate_expired,40,9,4,0,18.1,1
PAY_05652,598.12,checkout_abandon,51,5,3,1,0.34,0
PAY_05653,5438.04,other,20,9,4,0,6.53,0
PAY_05654,4560.33,insufficient_funds,24,6,2,0,40.89,0
PAY_05655,1445.03,other,6,7,4,0,12.38,0
PAY_05656,2103.85,insufficient_funds,35,9,2,0,8.56,1
PAY_05657,355.76,gateway_timeout,26,9,3,0,7.18,1
PAY_05658,1793.25,mandate_expired,52,10,3,0,7.47,1
PAY_05659,2518.53,gateway_timeout,55,11,0,0,20.12,1
PAY_05660,2959.55,mandate_expired,47,11,3,0,3.33,0
PAY_05661,3651.61,card_expired,13,11,2,0,2.77,0
PAY_05662,3191.63,card_expired,12,5,1,0,4.38,0
PAY_05663,1919.27,insufficient_funds,30,7,2,0,45.41,1
PAY_05664,3328.38,insufficient_funds,38,11,1,0,2.39,1
PAY_05665,6809.53,insufficient_funds,2,4,0,0,10.02,1
PAY_05666,2272.3,checkout_abandon,30,6,3,3,26.65,1
PAY_05667,3434.55,insufficient_funds,6,7,1,0,1.3,1
PAY_05668,2075.33,gateway_timeout,16,7,0,0,4.9,0
PAY_05669,1309.35,card_expired,22,7,3,0,3.74,0
PAY_05670,4217.2,other,3,6,0,0,4.15,0
PAY_05671,1434.86,card_expired,16,4,3,0,3.1,0
PAY_05672,3678.25,insufficient_funds,38,11,3,0,13.41,1
PAY_05673,2571.65,checkout_abandon,60,10,0,1,24.72,0
PAY_05674,1844.77,insufficient_funds,47,3,0,0,4.79,0
PAY_05675,1800.65,gateway_timeout,19,14,3,0,3.04,1
PAY_05676,1504.06,gateway_timeout,57,14,2,0,4.54,1
PAY_05677,482.14,other,27,7,5,0,10.14,0
PAY_05678,3666.31,mandate_expired,22,12,5,0,0.96,1
PAY_05679,3151.37,gateway_timeout,51,7,3,0,14.47,1
PAY_05680,5847.19,mandate_expired,24,7,3,0,11.89,1
PAY_05681,1469.37,other,45,4,0,0,4.27,1
PAY_05682,16637.75,insufficient_funds,10,7,4,0,12.7,1
PAY_05683,1710.11,card_expired,20,6,7,0,1.15,0
PAY_05684,1042.04,insufficient_funds,60,8,1,0,14.19,1
PAY_05685,925.52,insufficient_funds,15,6,2,0,12.79,0
PAY_05686,441.48,other,51,8,1,0,44.16,0
PAY_05687,11575.82,insufficient_funds,28,15,4,0,3.61,0
PAY_05688,9848.88,mandate_expired,58,8,3,0,38.25,1
PAY_05689,4558.69,insufficient_funds,25,7,3,0,0.15,0
PAY_05690,1020.41,checkout_abandon,30,9,3,5,17.59,0
PAY_05691,15295.5,checkout_abandon,24,6,3,2,27.97,0
PAY_05692,1758.69,card_expired,13,9,3,0,23.02,0
PAY_05693,1910.31,card_expired,51,10,2,0,1.3,1
PAY_05694,10522.86,mandate_expired,35,9,1,0,7.36,1
PAY_05695,4831.71,gateway_timeout,31,8,1,0,7.85,1
PAY_05696,22587.44,insufficient_funds,23,9,3,0,2.81,1
PAY_05697,3205.96,mandate_expired,47,9,1,0,36.82,0
PAY_05698,1680.78,checkout_abandon,21,11,0,4,31.23,1
PAY_05699,1355.93,insufficient_funds,15,9,4,0,22.83,1
PAY_05700,394.28,other,5,9,1,0,6.5,0
PAY_05701,1892.11,gateway_timeout,53,5,1,0,33.09,0
PAY_05702,7852.91,insufficient_funds,5,7,4,0,6.88,1
PAY_05703,4549.99,other,51,11,0,0,56.04,0
PAY_05704,2551.29,checkout_abandon,23,7,1,3,14.12,1
PAY_05705,924.37,mandate_expired,1,6,2,0,4.88,0
PAY_05706,3136.68,insufficient_funds,56,1,3,0,13.28,1
PAY_05707,6883.34,gateway_timeout,45,9,1,0,3.72,1
PAY_05708,3845.91,mandate_expired,44,15,3,0,6.31,1
PAY_05709,2953.6,gateway_timeout,33,14,1,0,1.43,1
PAY_05710,1126.75,mandate_expired,46,7,1,0,22.65,1
PAY_05711,5950.48,insufficient_funds,8,13,0,0,13.54,1
PAY_05712,109.09,insufficient_funds,15,8,2,0,11.94,1
PAY_05713,3666.13,insufficient_funds,33,4,1,0,7.49,0
PAY_05714,32675.08,gateway_timeout,45,8,2,0,7.61,1
PAY_05715,553.17,insufficient_funds,36,8,2,0,9.11,1
PAY_05716,1963.88,card_expired,25,11,3,0,1.08,0
PAY_05717,2480.3,checkout_abandon,41,6,1,4,7.89,0
PAY_05718,1574.14,insufficient_funds,4,11,1,0,3.49,0
PAY_05719,7047.44,checkout_abandon,31,8,2,1,5.18,0
PAY_05720,4009.8,insufficient_funds,24,12,4,0,25.81,1
PAY_05721,2911.27,gateway_timeout,30,2,1,0,33.83,1
PAY_05722,5548.7,other,8,10,1,0,7.82,0
PAY_05723,2542.23,mandate_expired,55,5,0,0,12.57,1
PAY_05724,60108.74,mandate_expired,52,5,1,0,44.51,0
PAY_05725,2908.5,gateway_timeout,57,6,4,0,9.86,0
PAY_05726,3039.13,insufficient_funds,51,5,1,0,0.54,1
PAY_05727,451.95,card_expired,40,6,1,0,6.04,0
PAY_05728,1451.85,checkout_abandon,18,5,2,5,22.13,0
PAY_05729,7874.8,checkout_abandon,7,8,4,4,14.91,1
PAY_05730,657.59,other,37,8,2,0,13.86,0
PAY_05731,289.02,gateway_timeout,57,5,1,0,12.56,1
PAY_05732,2582.11,card_expired,22,4,1,0,10.81,0
PAY_05733,9845.7,checkout_abandon,60,13,1,1,2.99,0
PAY_05734,2608.23,insufficient_funds,10,10,0,0,8.08,1
PAY_05735,1786.34,insufficient_funds,17,10,5,0,9.65,0
PAY_05736,389.77,checkout_abandon,39,10,1,3,9.43,0
PAY_05737,3929.63,gateway_timeout,30,8,2,0,5.51,1
PAY_05738,4843.15,mandate_expired,46,11,2,0,5.49,1
PAY_05739,420.87,mandate_expired,21,7,1,0,6.71,1
PAY_05740,7774.3,checkout_abandon,47,10,1,4,6.98,1
PAY_05741,5376.22,checkout_abandon,19,10,2,2,6.96,0
PAY_05742,7757.09,checkout_abandon,9,12,0,4,13.0,0
PAY_05743,4480.86,checkout_abandon,35,9,0,1,2.36,0
PAY_05744,4806.52,other,31,5,6,0,2.61,0
PAY_05745,4208.1,insufficient_funds,35,5,2,0,7.33,1
PAY_05746,5958.17,other,2,10,2,0,22.42,0
PAY_05747,405.57,insufficient_funds,25,8,1,0,6.6,1
PAY_05748,557.23,insufficient_funds,6,6,3,0,2.98,1
PAY_05749,1197.56,mandate_expired,49,7,3,0,17.89,1
PAY_05750,2195.63,insufficient_funds,5,12,2,0,0.95,0
PAY_05751,3685.58,gateway_timeout,56,6,1,0,0.1,1
PAY_05752,3458.98,insufficient_funds,4,10,2,0,22.24,0
PAY_05753,7639.99,mandate_expired,37,12,3,0,1.79,0
PAY_05754,7883.61,checkout_abandon,21,9,0,1,2.66,0
PAY_05755,1044.88,insufficient_funds,7,8,2,0,10.06,0
PAY_05756,3173.6,checkout_abandon,22,9,2,2,1.51,0
PAY_05757,1070.86,insufficient_funds,3,5,1,0,9.52,0
PAY_05758,2071.03,other,42,7,1,0,3.0,0
PAY_05759,3448.99,insufficient_funds,53,6,2,0,25.38,1
PAY_05760,100.0,checkout_abandon,20,6,2,4,16.65,0
PAY_05761,27869.55,checkout_abandon,27,8,0,3,29.69,1
PAY_05762,4404.82,checkout_abandon,9,11,2,5,32.42,0
PAY_05763,1377.94,other,29,8,1,0,2.19,0
PAY_05764,17178.53,gateway_timeout,57,8,3,0,48.85,0
PAY_05765,1766.25,mandate_expired,33,7,1,0,1.08,0
PAY_05766,2854.25,gateway_timeout,53,8,3,0,0.12,0
PAY_05767,1535.99,mandate_expired,47,10,3,0,1.47,0
PAY_05768,13043.4,gateway_timeout,8,7,2,0,4.69,1
PAY_05769,2250.85,insufficient_funds,4,8,3,0,25.82,1
PAY_05770,2903.09,insufficient_funds,22,13,1,0,33.79,0
PAY_05771,8331.74,insufficient_funds,57,7,3,0,37.06,0
PAY_05772,4488.1,other,11,5,3,0,11.66,0
PAY_05773,2367.76,card_expired,3,6,2,0,5.35,0
PAY_05774,7588.86,insufficient_funds,58,4,2,0,2.17,1
PAY_05775,31651.13,checkout_abandon,12,6,3,1,2.07,1
PAY_05776,3433.92,mandate_expired,22,5,0,0,5.0,0
PAY_05777,2809.62,gateway_timeout,47,5,1,0,8.38,0
PAY_05778,2965.12,gateway_timeout,6,8,2,0,0.37,0
PAY_05779,9269.41,mandate_expired,11,8,1,0,16.49,1
PAY_05780,1373.13,insufficient_funds,44,9,6,0,18.94,1
PAY_05781,1892.64,checkout_abandon,1,10,3,5,7.31,0
PAY_05782,537.32,insufficient_funds,43,11,2,0,19.07,1
PAY_05783,765.23,insufficient_funds,33,10,2,0,33.19,1
PAY_05784,1489.57,mandate_expired,15,7,2,0,17.36,0
PAY_05785,2364.0,mandate_expired,37,12,3,0,12.28,0
PAY_05786,14663.69,other,20,10,5,0,3.86,0
PAY_05787,4272.86,insufficient_funds,57,5,2,0,22.3,0
PAY_05788,1004.22,mandate_expired,25,10,3,0,39.41,0
PAY_05789,1207.21,other,45,6,3,0,8.54,0
PAY_05790,9885.21,mandate_expired,17,11,2,0,4.06,1
PAY_05791,7712.95,other,51,10,1,0,1.42,0
PAY_05792,2571.37,other,18,7,2,0,55.06,0
PAY_05793,1606.03,card_expired,31,8,3,0,6.9,0
PAY_05794,7700.02,other,49,10,4,0,7.63,0
PAY_05795,925.86,checkout_abandon,56,4,3,1,4.93,1
PAY_05796,3699.96,checkout_abandon,46,4,3,2,13.37,0
PAY_05797,24262.93,other,41,7,3,0,4.54,0
PAY_05798,3069.9,card_expired,42,7,0,0,36.78,0
PAY_05799,1151.06,insufficient_funds,25,3,0,0,5.24,0
PAY_05800,3768.43,gateway_timeout,42,7,3,0,33.59,0
PAY_05801,1562.49,gateway_timeout,35,6,5,0,7.16,1
PAY_05802,620.13,card_expired,32,10,2,0,72.0,0
PAY_05803,5039.6,insufficient_funds,19,4,4,0,18.03,1
PAY_05804,7645.56,gateway_timeout,22,13,2,0,18.15,1
PAY_05805,1831.96,checkout_abandon,8,5,3,1,10.8,0
PAY_05806,1714.39,insufficient_funds,44,12,1,0,13.26,1
PAY_05807,955.73,other,2,10,3,0,9.36,0
PAY_05808,2151.91,checkout_abandon,7,7,4,2,0.18,0
PAY_05809,1424.64,insufficient_funds,18,7,1,0,4.84,0
PAY_05810,909.61,gateway_timeout,9,11,3,0,8.83,0
PAY_05811,16584.35,card_expired,45,8,3,0,2.22,0
PAY_05812,3985.98,mandate_expired,8,12,1,0,32.64,0
PAY_05813,4431.27,checkout_abandon,28,4,3,4,17.21,0
PAY_05814,6047.77,gateway_timeout,44,9,3,0,7.4,1
PAY_05815,5405.01,other,36,9,3,0,5.77,0
PAY_05816,1653.97,card_expired,36,7,2,0,11.63,1
PAY_05817,3283.28,mandate_expired,21,6,2,0,25.83,1
PAY_05818,1910.3,gateway_timeout,28,7,2,0,12.28,1
PAY_05819,3875.81,other,47,16,5,0,4.32,0
PAY_05820,3518.31,mandate_expired,29,10,1,0,1.09,1
PAY_05821,1705.11,gateway_timeout,42,9,3,0,12.48,1
PAY_05822,661.66,other,50,6,1,0,65.7,0
PAY_05823,2893.68,other,15,5,3,0,2.98,0
PAY_05824,2038.11,mandate_expired,8,8,2,0,20.63,1
PAY_05825,377.54,card_expired,28,7,1,0,0.71,0
PAY_05826,4153.5,gateway_timeout,23,10,2,0,8.19,1
PAY_05827,6564.21,checkout_abandon,9,14,2,2,28.28,0
PAY_05828,31332.23,insufficient_funds,46,3,2,0,3.94,1
PAY_05829,1690.62,checkout_abandon,38,9,2,2,5.06,0
PAY_05830,1458.75,gateway_timeout,40,12,0,0,7.26,1
PAY_05831,824.37,gateway_timeout,43,5,2,0,1.37,1
PAY_05832,3080.01,other,27,6,3,0,7.99,1
PAY_05833,3060.59,insufficient_funds,31,4,1,0,11.43,1
PAY_05834,1110.7,card_expired,14,12,3,0,7.89,0
PAY_05835,2098.79,gateway_timeout,44,11,0,0,25.84,1
PAY_05836,345.63,insufficient_funds,57,4,2,0,7.8,1
PAY_05837,6313.36,insufficient_funds,53,8,3,0,11.18,0
PAY_05838,1156.75,gateway_timeout,25,10,3,0,29.46,0
PAY_05839,2414.84,checkout_abandon,3,10,4,2,10.72,1
PAY_05840,600.25,gateway_timeout,53,7,2,0,16.34,1
PAY_05841,1396.46,mandate_expired,35,6,5,0,5.74,0
PAY_05842,1890.23,checkout_abandon,47,3,2,1,15.73,1
PAY_05843,2471.93,insufficient_funds,19,11,2,0,5.65,1
PAY_05844,4039.11,gateway_timeout,52,8,2,0,27.14,1
PAY_05845,10541.98,insufficient_funds,51,9,4,0,3.45,1
PAY_05846,5201.78,insufficient_funds,2,4,2,0,3.82,0
PAY_05847,6543.39,insufficient_funds,34,9,4,0,28.06,1
PAY_05848,10616.35,mandate_expired,29,11,1,0,14.22,0
PAY_05849,4419.38,mandate_expired,40,7,5,0,4.56,1
PAY_05850,2409.9,card_expired,16,7,4,0,21.32,0
PAY_05851,6857.91,card_expired,6,8,0,0,2.93,0
PAY_05852,7310.41,checkout_abandon,17,6,3,2,3.66,0
PAY_05853,4781.99,gateway_timeout,32,6,1,0,0.86,1
PAY_05854,583.72,insufficient_funds,17,10,4,0,16.14,1
PAY_05855,1077.7,mandate_expired,28,9,1,0,19.7,1
PAY_05856,1899.21,gateway_timeout,24,8,2,0,5.99,1
PAY_05857,5451.61,gateway_timeout,42,8,3,0,23.31,1
PAY_05858,2447.2,other,25,5,3,0,19.07,0
PAY_05859,7792.48,insufficient_funds,9,9,3,0,0.65,0
PAY_05860,9314.08,insufficient_funds,39,2,2,0,2.64,1
PAY_05861,8293.41,other,13,13,2,0,16.78,0
PAY_05862,8346.41,gateway_timeout,19,12,2,0,0.1,1
PAY_05863,886.3,gateway_timeout,43,10,1,0,7.01,1
PAY_05864,4050.85,insufficient_funds,17,6,6,0,2.48,0
PAY_05865,1361.74,gateway_timeout,4,10,2,0,3.38,0
PAY_05866,480.57,other,22,9,1,0,17.38,0
PAY_05867,1875.4,mandate_expired,24,5,3,0,17.35,1
PAY_05868,9402.99,checkout_abandon,42,11,2,1,6.9,0
PAY_05869,3963.12,gateway_timeout,43,5,0,0,18.01,1
PAY_05870,18804.57,gateway_timeout,1,8,1,0,21.73,1
PAY_05871,2984.76,checkout_abandon,46,8,2,3,5.15,0
PAY_05872,28907.28,gateway_timeout,45,8,1,0,16.25,0
PAY_05873,2985.63,insufficient_funds,11,9,3,0,3.88,1
PAY_05874,2556.84,mandate_expired,21,7,3,0,5.42,0
PAY_05875,695.52,card_expired,47,12,2,0,1.0,0
PAY_05876,7590.17,other,35,13,2,0,13.7,0
PAY_05877,1513.11,card_expired,21,7,2,0,27.72,0
PAY_05878,1308.97,checkout_abandon,46,11,4,5,17.98,1
PAY_05879,9002.67,card_expired,38,13,1,0,9.5,0
PAY_05880,7960.67,other,31,4,2,0,9.07,0
PAY_05881,7755.03,insufficient_funds,1,12,1,0,1.42,0
PAY_05882,1740.37,gateway_timeout,39,8,4,0,3.35,1
PAY_05883,2375.75,insufficient_funds,11,7,0,0,27.73,1
PAY_05884,2354.75,other,56,4,3,0,19.18,0
PAY_05885,5467.43,other,12,10,2,0,22.73,1
PAY_05886,11820.74,card_expired,2,7,2,0,6.86,0
PAY_05887,3612.63,gateway_timeout,23,5,0,0,21.61,1
PAY_05888,18014.59,other,21,16,5,0,2.9,0
PAY_05889,6131.78,insufficient_funds,22,11,2,0,31.19,0
PAY_05890,1976.82,insufficient_funds,56,4,6,0,11.8,0
PAY_05891,5725.91,checkout_abandon,17,11,1,5,11.72,1
PAY_05892,13766.4,card_expired,51,6,2,0,4.59,0
PAY_05893,18441.06,other,10,8,3,0,10.4,0
PAY_05894,8192.2,gateway_timeout,38,6,1,0,31.02,0
PAY_05895,2565.02,gateway_timeout,8,8,0,0,21.19,1
PAY_05896,2012.94,checkout_abandon,14,12,0,5,9.44,0
PAY_05897,4447.58,insufficient_funds,9,8,2,0,3.73,1
PAY_05898,13333.31,card_expired,20,10,3,0,5.82,0
PAY_05899,3857.66,gateway_timeout,28,7,2,0,3.26,1
PAY_05900,3938.59,insufficient_funds,52,10,5,0,37.43,1
PAY_05901,2631.85,gateway_timeout,46,8,1,0,5.22,1
PAY_05902,1801.1,mandate_expired,42,8,3,0,1.71,0
PAY_05903,2125.82,other,30,8,2,0,0.52,0
PAY_05904,2862.56,insufficient_funds,18,9,2,0,14.6,0
PAY_05905,13934.82,insufficient_funds,18,8,1,0,7.76,1
PAY_05906,1967.13,other,8,11,1,0,14.6,0
PAY_05907,2635.05,checkout_abandon,40,7,2,2,2.17,0
PAY_05908,1052.23,gateway_timeout,47,11,2,0,20.5,1
PAY_05909,5118.81,insufficient_funds,33,9,0,0,41.42,0
PAY_05910,9805.76,other,35,4,3,0,18.83,0
PAY_05911,12689.67,mandate_expired,23,8,3,0,8.06,0
PAY_05912,3063.8,insufficient_funds,58,7,0,0,6.25,1
PAY_05913,4439.96,insufficient_funds,54,5,3,0,0.48,0
PAY_05914,2144.14,insufficient_funds,25,9,1,0,2.29,1
PAY_05915,4238.92,insufficient_funds,46,9,3,0,8.14,0
PAY_05916,3422.11,insufficient_funds,21,8,0,0,28.66,1
PAY_05917,2649.99,insufficient_funds,8,8,2,0,2.03,0
PAY_05918,2869.23,insufficient_funds,18,9,1,0,4.34,1
PAY_05919,3928.32,gateway_timeout,51,11,3,0,6.98,1
PAY_05920,1862.91,checkout_abandon,29,5,1,5,15.74,1
PAY_05921,1961.67,checkout_abandon,52,10,5,5,4.02,1
PAY_05922,13785.99,card_expired,20,8,1,0,5.35,0
PAY_05923,37593.74,gateway_timeout,28,6,5,0,19.1,1
PAY_05924,749.7,other,5,7,3,0,25.23,0
PAY_05925,709.51,other,47,10,0,0,5.38,1
PAY_05926,959.96,other,19,7,3,0,38.93,0
PAY_05927,2254.67,insufficient_funds,6,10,2,0,21.54,1
PAY_05928,6123.12,insufficient_funds,14,9,1,0,3.84,0
PAY_05929,4515.63,checkout_abandon,40,5,1,2,0.18,1
PAY_05930,2969.29,insufficient_funds,49,9,2,0,10.92,0
PAY_05931,4242.81,insufficient_funds,58,5,0,0,8.61,1
PAY_05932,1251.33,insufficient_funds,15,10,3,0,6.77,1
PAY_05933,1958.48,checkout_abandon,36,6,0,2,23.05,0
PAY_05934,2450.27,card_expired,28,12,0,0,27.23,0
PAY_05935,512.77,gateway_timeout,43,8,1,0,22.9,1
PAY_05936,782.69,other,41,5,3,0,47.59,0
PAY_05937,814.42,card_expired,5,11,1,0,2.85,0
PAY_05938,5367.7,insufficient_funds,9,7,2,0,13.16,0
PAY_05939,3195.19,gateway_timeout,36,6,2,0,9.11,1
PAY_05940,4605.96,insufficient_funds,32,3,4,0,6.67,0
PAY_05941,397.18,other,54,7,2,0,4.88,0
PAY_05942,567.07,mandate_expired,51,10,0,0,3.09,0
PAY_05943,4852.56,mandate_expired,4,9,0,0,18.25,1
PAY_05944,155.3,mandate_expired,36,5,1,0,4.46,1
PAY_05945,8507.26,gateway_timeout,25,8,1,0,0.77,1
PAY_05946,403.72,other,29,9,2,0,11.81,0
PAY_05947,5810.32,other,4,8,1,0,9.12,0
PAY_05948,1028.09,mandate_expired,51,5,3,0,4.62,1
PAY_05949,7136.3,checkout_abandon,10,5,2,5,9.85,0
PAY_05950,61833.89,insufficient_funds,57,7,4,0,2.81,1
PAY_05951,257.46,insufficient_funds,56,9,1,0,14.65,1
PAY_05952,5011.16,insufficient_funds,50,6,2,0,1.36,1
PAY_05953,409.89,checkout_abandon,8,7,2,5,1.98,1
PAY_05954,3830.75,card_expired,25,6,1,0,31.05,0
PAY_05955,2033.01,other,2,8,6,0,21.24,0
PAY_05956,2846.45,insufficient_funds,37,10,2,0,20.3,0
PAY_05957,1004.62,gateway_timeout,52,12,1,0,3.97,1
PAY_05958,5456.63,insufficient_funds,32,6,0,0,25.63,1
PAY_05959,587.39,other,2,5,0,0,5.54,1
PAY_05960,8653.19,card_expired,19,6,1,0,0.11,0
PAY_05961,1660.37,checkout_abandon,11,8,1,1,2.09,0
PAY_05962,614.84,checkout_abandon,27,5,2,5,1.37,1
PAY_05963,12320.04,checkout_abandon,23,4,2,5,1.15,1
PAY_05964,2337.19,gateway_timeout,50,7,4,0,2.31,1
PAY_05965,16842.86,insufficient_funds,14,9,1,0,21.27,1
PAY_05966,8479.46,gateway_timeout,19,13,1,0,13.49,1
PAY_05967,1125.41,insufficient_funds,15,7,2,0,26.57,1
PAY_05968,2296.3,checkout_abandon,54,8,5,5,26.18,1
PAY_05969,2821.67,gateway_timeout,18,9,1,0,5.5,1
PAY_05970,11502.84,mandate_expired,60,9,3,0,13.22,1
PAY_05971,3872.14,checkout_abandon,40,4,3,1,6.07,0
PAY_05972,2981.97,checkout_abandon,19,11,1,2,2.59,1
PAY_05973,2047.07,other,36,12,2,0,17.55,0
PAY_05974,2376.75,gateway_timeout,8,9,2,0,5.18,1
PAY_05975,9215.46,mandate_expired,55,9,5,0,2.68,1
PAY_05976,2509.28,insufficient_funds,58,14,6,0,1.61,1
PAY_05977,1684.2,mandate_expired,18,11,3,0,33.41,0
PAY_05978,1421.6,checkout_abandon,11,10,0,4,1.22,1
PAY_05979,1436.95,insufficient_funds,26,6,0,0,0.85,1
PAY_05980,615.2,insufficient_funds,47,11,0,0,1.72,0
PAY_05981,1180.47,mandate_expired,38,14,3,0,13.24,1
PAY_05982,11186.54,mandate_expired,3,12,1,0,2.4,0
PAY_05983,2033.36,mandate_expired,1,7,2,0,5.06,0
PAY_05984,5056.64,gateway_timeout,15,8,1,0,29.13,1
PAY_05985,209.62,mandate_expired,46,9,1,0,14.23,1
PAY_05986,4413.21,checkout_abandon,16,2,2,4,8.12,1
PAY_05987,2127.48,insufficient_funds,54,11,2,0,9.04,0
PAY_05988,1544.73,checkout_abandon,18,8,3,3,2.26,1
PAY_05989,2995.92,checkout_abandon,54,8,1,5,7.16,0
PAY_05990,1522.67,card_expired,56,12,1,0,2.38,0
PAY_05991,298.92,gateway_timeout,44,10,2,0,9.1,0
PAY_05992,6287.34,gateway_timeout,11,11,1,0,18.8,1
PAY_05993,3187.73,other,5,9,4,0,1.0,0
PAY_05994,1826.4,other,11,9,2,0,4.78,0
PAY_05995,951.33,insufficient_funds,38,9,0,0,6.4,0
PAY_05996,574.9,other,42,11,1,0,3.18,0
PAY_05997,3127.34,insufficient_funds,60,7,2,0,3.7,1
PAY_05998,12550.14,card_expired,58,7,2,0,11.7,0
PAY_05999,3063.19,insufficient_funds,19,10,1,0,5.67,0
PAY_06000,627.21,gateway_timeout,24,11,2,0,5.18,1
PAY_06001,3131.17,other,47,4,4,0,0.3,0
PAY_06002,2370.14,insufficient_funds,47,12,0,0,10.56,1
PAY_06003,5931.84,card_expired,19,4,3,0,11.49,0
PAY_06004,4586.07,checkout_abandon,2,7,1,4,15.21,0
PAY_06005,126.24,insufficient_funds,6,12,4,0,5.26,0
PAY_06006,4312.57,other,50,7,3,0,7.03,0
PAY_06007,916.5,checkout_abandon,21,7,0,4,0.82,0
PAY_06008,603.24,other,44,5,1,0,35.8,0
PAY_06009,2070.56,card_expired,49,6,3,0,5.13,0
PAY_06010,3770.7,insufficient_funds,54,5,5,0,7.19,0
PAY_06011,484.59,gateway_timeout,30,16,1,0,0.69,1
PAY_06012,5057.47,gateway_timeout,39,8,4,0,12.78,1
PAY_06013,5363.57,checkout_abandon,12,8,2,2,15.11,1
PAY_06014,2620.24,insufficient_funds,57,11,2,0,30.38,0
PAY_06015,1049.87,gateway_timeout,53,13,1,0,23.86,1
PAY_06016,938.86,card_expired,24,9,1,0,2.42,0
PAY_06017,6974.24,insufficient_funds,23,7,2,0,6.7,1
PAY_06018,551.6,mandate_expired,44,11,0,0,18.12,1
PAY_06019,7248.26,checkout_abandon,25,6,4,5,3.22,0
PAY_06020,2119.31,insufficient_funds,44,6,3,0,10.43,0
PAY_06021,2271.54,insufficient_funds,6,9,0,0,10.78,0
PAY_06022,453.03,insufficient_funds,17,8,2,0,16.25,0
PAY_06023,2158.85,checkout_abandon,47,12,4,5,9.91,1
PAY_06024,4617.61,insufficient_funds,56,3,0,0,1.63,0
PAY_06025,656.97,card_expired,2,5,1,0,26.61,0
PAY_06026,4116.18,card_expired,47,6,2,0,2.97,0
PAY_06027,2732.74,insufficient_funds,5,3,5,0,37.53,0
PAY_06028,1313.29,other,52,14,3,0,33.16,0
PAY_06029,5876.51,other,16,8,3,0,1.01,0
PAY_06030,276.38,insufficient_funds,22,8,4,0,5.67,1
PAY_06031,3535.91,other,44,12,1,0,16.13,0
PAY_06032,12625.59,gateway_timeout,51,6,1,0,1.83,1
PAY_06033,10551.14,mandate_expired,25,16,1,0,0.2,1
PAY_06034,3691.74,insufficient_funds,19,3,3,0,16.82,1
PAY_06035,1848.94,card_expired,59,10,2,0,7.3,0
PAY_06036,1323.78,card_expired,58,11,3,0,3.56,0
PAY_06037,1846.63,other,32,12,2,0,0.43,0
PAY_06038,4306.38,other,2,9,1,0,17.27,0
PAY_06039,1115.21,insufficient_funds,59,10,2,0,2.43,1
PAY_06040,5331.94,mandate_expired,38,9,3,0,3.37,0
PAY_06041,21103.76,gateway_timeout,34,9,3,0,10.82,1
PAY_06042,2349.98,insufficient_funds,7,8,3,0,4.69,0
PAY_06043,651.74,insufficient_funds,60,16,0,0,8.69,1
PAY_06044,651.52,other,44,4,2,0,28.01,0
PAY_06045,5434.98,mandate_expired,14,11,1,0,3.43,1
PAY_06046,2355.01,insufficient_funds,22,10,0,0,6.7,1
PAY_06047,6008.18,other,21,9,3,0,22.87,0
PAY_06048,1466.17,card_expired,53,8,2,0,26.01,0
PAY_06049,5736.87,gateway_timeout,29,10,1,0,30.32,1
PAY_06050,2133.99,checkout_abandon,53,3,2,2,14.17,1
PAY_06051,1201.76,mandate_expired,42,6,2,0,7.86,0
PAY_06052,1674.13,mandate_expired,23,10,2,0,1.29,1
PAY_06053,755.21,checkout_abandon,25,8,3,1,69.64,0
PAY_06054,18277.13,checkout_abandon,49,8,0,2,12.82,1
PAY_06055,2270.29,insufficient_funds,30,5,0,0,4.02,1
PAY_06056,4762.65,checkout_abandon,41,8,1,1,26.85,0
PAY_06057,1461.44,gateway_timeout,8,9,1,0,5.12,1
PAY_06058,873.16,gateway_timeout,26,12,3,0,1.6,0
PAY_06059,1978.64,gateway_timeout,35,10,6,0,31.25,1
PAY_06060,7519.38,mandate_expired,21,9,1,0,3.38,0
PAY_06061,1485.21,gateway_timeout,51,1,4,0,3.07,0
PAY_06062,1046.82,gateway_timeout,13,12,2,0,1.19,1
PAY_06063,2920.5,insufficient_funds,51,10,0,0,66.56,0
PAY_06064,4117.78,other,4,7,3,0,5.04,0
PAY_06065,12924.68,insufficient_funds,26,4,2,0,35.81,1
PAY_06066,3561.0,gateway_timeout,32,6,3,0,1.38,1
PAY_06067,4760.17,insufficient_funds,16,10,1,0,16.74,0
PAY_06068,5132.36,mandate_expired,33,7,1,0,21.99,1
PAY_06069,789.21,gateway_timeout,55,7,3,0,2.91,1
PAY_06070,954.05,gateway_timeout,27,6,1,0,28.87,1
PAY_06071,845.69,other,33,10,3,0,27.37,0
PAY_06072,659.78,card_expired,58,11,1,0,15.34,0
PAY_06073,5538.65,checkout_abandon,56,5,0,3,2.94,0
PAY_06074,3341.24,checkout_abandon,1,10,3,2,4.35,0
PAY_06075,2706.85,other,44,5,2,0,3.01,0
PAY_06076,187.04,other,52,3,2,0,16.63,0
PAY_06077,19526.4,mandate_expired,57,14,3,0,20.11,1
PAY_06078,1022.26,card_expired,49,8,1,0,0.1,0
PAY_06079,19454.99,other,5,13,2,0,11.72,0
PAY_06080,586.87,other,46,5,1,0,13.91,0
PAY_06081,1109.48,insufficient_funds,51,7,0,0,0.1,1
PAY_06082,276.22,other,32,6,1,0,2.07,0
PAY_06083,3590.95,mandate_expired,2,10,3,0,13.16,1
PAY_06084,831.13,checkout_abandon,12,7,1,2,34.09,0
PAY_06085,854.95,gateway_timeout,17,5,2,0,4.16,0
PAY_06086,633.67,gateway_timeout,52,4,2,0,29.49,1
PAY_06087,5439.28,card_expired,8,9,1,0,29.9,0
PAY_06088,5092.43,mandate_expired,45,10,2,0,1.04,1
PAY_06089,15307.22,insufficient_funds,11,16,0,0,22.08,0
PAY_06090,1259.34,checkout_abandon,50,11,3,2,16.97,1
PAY_06091,3111.52,insufficient_funds,1,4,2,0,13.78,1
PAY_06092,688.63,checkout_abandon,15,14,3,5,4.17,1
PAY_06093,1788.28,checkout_abandon,7,3,1,3,10.29,1
PAY_06094,1488.02,mandate_expired,34,13,3,0,7.8,1
PAY_06095,3977.85,insufficient_funds,47,7,4,0,4.8,1
PAY_06096,6912.37,insufficient_funds,25,14,2,0,37.78,0
PAY_06097,6735.27,gateway_timeout,33,7,3,0,14.37,1
PAY_06098,1076.25,checkout_abandon,39,10,3,2,62.79,0
PAY_06099,6785.3,other,28,6,2,0,6.24,1
PAY_06100,2392.18,card_expired,46,13,3,0,10.35,0
PAY_06101,1807.05,mandate_expired,18,10,2,0,14.13,0
PAY_06102,1230.94,gateway_timeout,11,12,0,0,18.56,1
PAY_06103,1428.11,insufficient_funds,12,6,1,0,7.12,0
PAY_06104,14276.35,other,11,7,1,0,0.45,0
PAY_06105,3399.75,checkout_abandon,3,7,1,3,11.28,0
PAY_06106,2976.96,insufficient_funds,3,3,1,0,9.39,1
PAY_06107,1923.3,checkout_abandon,4,5,3,5,9.83,0
PAY_06108,28854.6,mandate_expired,10,5,2,0,11.75,0
PAY_06109,9219.32,gateway_timeout,39,6,4,0,16.59,0
PAY_06110,1215.59,insufficient_funds,15,7,2,0,8.73,1
PAY_06111,1901.56,checkout_abandon,36,13,3,2,1.32,1
PAY_06112,2017.88,insufficient_funds,5,8,2,0,20.3,0
PAY_06113,2892.62,gateway_timeout,49,10,0,0,2.61,1
PAY_06114,1239.94,card_expired,22,7,1,0,27.32,0
PAY_06115,3877.18,other,27,6,1,0,23.48,1
PAY_06116,10680.06,gateway_timeout,41,2,1,0,23.77,1
PAY_06117,672.11,insufficient_funds,60,5,3,0,10.31,1
PAY_06118,809.08,checkout_abandon,48,13,2,2,52.27,1
PAY_06119,1542.08,gateway_timeout,25,6,1,0,18.49,1
PAY_06120,1615.26,other,21,5,0,0,0.93,0
PAY_06121,18444.32,mandate_expired,21,8,2,0,8.34,1
PAY_06122,6807.33,gateway_timeout,6,9,3,0,39.02,1
PAY_06123,6427.68,card_expired,21,9,0,0,7.47,0
PAY_06124,1919.23,gateway_timeout,46,9,2,0,3.53,1
PAY_06125,1877.57,checkout_abandon,17,15,1,4,11.42,1
PAY_06126,585.43,other,24,6,0,0,16.32,1
PAY_06127,5463.18,insufficient_funds,5,11,1,0,4.57,0
PAY_06128,4085.1,gateway_timeout,16,7,2,0,13.99,1
PAY_06129,9045.69,other,5,7,3,0,13.46,0
PAY_06130,2024.78,checkout_abandon,29,7,2,3,8.01,0
PAY_06131,2169.53,gateway_timeout,18,7,0,0,26.46,1
PAY_06132,2963.4,insufficient_funds,59,8,3,0,20.61,1
PAY_06133,6099.39,gateway_timeout,36,5,1,0,10.87,1
PAY_06134,574.69,checkout_abandon,23,9,3,5,42.01,0
PAY_06135,5219.21,gateway_timeout,33,4,4,0,2.92,1
PAY_06136,2449.28,gateway_timeout,58,9,4,0,55.63,1
PAY_06137,867.32,gateway_timeout,11,7,5,0,4.78,1
PAY_06138,310.89,mandate_expired,16,8,0,0,22.82,0
PAY_06139,2181.07,other,33,12,6,0,30.05,0
PAY_06140,10633.44,mandate_expired,7,9,2,0,3.73,1
PAY_06141,13342.78,mandate_expired,32,7,1,0,2.98,0
PAY_06142,3566.79,card_expired,10,6,4,0,10.24,0
PAY_06143,17783.95,insufficient_funds,52,5,1,0,4.64,1
PAY_06144,2394.92,gateway_timeout,47,9,1,0,16.35,1
PAY_06145,6485.66,insufficient_funds,3,10,1,0,34.52,1
PAY_06146,1592.11,gateway_timeout,33,10,2,0,21.35,1
PAY_06147,1494.35,other,13,6,1,0,3.54,0
PAY_06148,1269.7,gateway_timeout,35,13,1,0,12.47,1
PAY_06149,318.47,card_expired,33,7,1,0,61.69,0
PAY_06150,9055.6,insufficient_funds,59,6,3,0,2.48,1
PAY_06151,1316.08,checkout_abandon,11,4,1,1,6.46,0
PAY_06152,1121.71,gateway_timeout,31,7,4,0,11.91,1
PAY_06153,768.22,insufficient_funds,58,11,2,0,0.33,1
PAY_06154,2037.92,gateway_timeout,8,10,7,0,3.03,1
PAY_06155,14581.93,mandate_expired,16,6,2,0,14.75,0
PAY_06156,20288.81,checkout_abandon,44,7,1,3,13.24,1
PAY_06157,474.94,card_expired,7,5,4,0,10.64,0
PAY_06158,1753.9,other,13,9,0,0,11.48,0
PAY_06159,888.64,checkout_abandon,58,7,2,2,6.9,0
PAY_06160,6716.91,other,35,5,1,0,10.99,0
PAY_06161,3329.71,insufficient_funds,4,9,1,0,4.72,0
PAY_06162,1322.76,gateway_timeout,52,9,2,0,10.38,0
PAY_06163,2688.18,gateway_timeout,32,6,1,0,2.87,1
PAY_06164,1550.96,checkout_abandon,29,11,2,3,5.25,1
PAY_06165,12560.25,checkout_abandon,60,11,4,1,2.93,1
PAY_06166,4319.98,checkout_abandon,19,6,0,3,14.78,1
PAY_06167,4884.73,other,23,6,0,0,4.67,0
PAY_06168,173.67,gateway_timeout,35,6,2,0,0.95,1
PAY_06169,2338.48,card_expired,15,9,2,0,34.6,1
PAY_06170,20075.53,checkout_abandon,8,6,3,3,2.41,1
PAY_06171,9416.09,checkout_abandon,9,9,1,5,23.19,1
PAY_06172,394.24,gateway_timeout,19,4,2,0,10.04,1
PAY_06173,1827.35,gateway_timeout,5,6,0,0,9.26,1
PAY_06174,751.84,gateway_timeout,31,13,0,0,25.79,1
PAY_06175,13837.64,card_expired,60,9,0,0,9.82,0
PAY_06176,3191.75,checkout_abandon,16,7,0,1,11.1,0
PAY_06177,1160.09,insufficient_funds,3,11,0,0,11.23,0
PAY_06178,2586.87,card_expired,3,9,3,0,2.98,0
PAY_06179,184.32,mandate_expired,10,11,4,0,31.64,0
PAY_06180,844.79,other,36,7,2,0,3.18,0
PAY_06181,2592.79,checkout_abandon,29,6,3,4,26.91,1
PAY_06182,5823.88,mandate_expired,25,9,2,0,0.95,0
PAY_06183,358.79,checkout_abandon,46,6,4,4,6.18,1
PAY_06184,1707.68,mandate_expired,24,6,4,0,0.25,0
PAY_06185,6861.85,gateway_timeout,37,10,3,0,21.47,1
PAY_06186,585.57,insufficient_funds,60,10,2,0,12.47,1
PAY_06187,3143.93,other,11,5,2,0,0.29,1
PAY_06188,2670.5,mandate_expired,7,8,2,0,8.97,1
PAY_06189,13883.08,checkout_abandon,14,9,4,1,3.75,0
PAY_06190,1986.06,checkout_abandon,10,6,2,4,0.5,1
PAY_06191,2105.79,mandate_expired,50,2,0,0,6.22,1
PAY_06192,5878.2,insufficient_funds,53,13,1,0,9.36,1
PAY_06193,663.61,gateway_timeout,34,6,1,0,10.46,1
PAY_06194,2004.53,insufficient_funds,8,5,3,0,5.08,0
PAY_06195,1584.97,insufficient_funds,52,8,1,0,2.48,1
PAY_06196,2175.76,insufficient_funds,56,9,1,0,0.1,1
PAY_06197,5839.8,card_expired,25,6,2,0,1.43,0
PAY_06198,4351.2,insufficient_funds,41,9,1,0,0.76,0
PAY_06199,1182.47,card_expired,37,5,1,0,1.08,0
PAY_06200,2866.21,other,32,9,3,0,15.22,0
PAY_06201,11097.64,insufficient_funds,22,8,4,0,0.12,1
PAY_06202,1088.64,mandate_expired,17,5,1,0,11.44,1
PAY_06203,2890.58,checkout_abandon,17,7,0,3,9.72,1
PAY_06204,2060.87,other,22,8,2,0,1.94,0
PAY_06205,2347.35,checkout_abandon,46,8,0,2,26.24,0
PAY_06206,489.5,gateway_timeout,50,10,2,0,0.1,1
PAY_06207,10247.7,gateway_timeout,7,12,3,0,3.27,0
PAY_06208,1152.51,other,4,11,5,0,3.44,0
PAY_06209,6975.21,insufficient_funds,29,4,3,0,27.59,0
PAY_06210,1343.01,card_expired,47,3,5,0,4.27,0
PAY_06211,1337.48,insufficient_funds,34,9,2,0,4.92,0
PAY_06212,8409.94,mandate_expired,50,9,3,0,5.14,0
PAY_06213,6754.27,checkout_abandon,43,6,3,5,15.25,1
PAY_06214,3080.08,insufficient_funds,43,4,1,0,11.51,1
PAY_06215,5351.84,insufficient_funds,33,10,2,0,31.33,1
PAY_06216,1873.37,gateway_timeout,4,9,0,0,24.05,1
PAY_06217,2479.17,card_expired,11,9,1,0,8.27,0
PAY_06218,1290.03,mandate_expired,45,11,2,0,2.01,0
PAY_06219,6174.05,insufficient_funds,19,10,3,0,5.83,0
PAY_06220,1249.67,checkout_abandon,44,11,5,3,5.53,0
PAY_06221,11039.14,insufficient_funds,21,5,3,0,0.34,1
PAY_06222,1822.95,mandate_expired,1,12,4,0,19.9,1
PAY_06223,2551.8,card_expired,41,6,1,0,10.19,1
PAY_06224,5338.9,other,54,5,4,0,6.17,0
PAY_06225,2560.38,other,27,5,1,0,36.78,0
PAY_06226,1855.92,gateway_timeout,8,6,1,0,0.81,1
PAY_06227,2426.06,gateway_timeout,25,12,1,0,5.31,0
PAY_06228,6111.11,other,58,6,0,0,14.95,1
PAY_06229,1288.45,insufficient_funds,20,10,3,0,6.58,0
PAY_06230,2203.51,insufficient_funds,5,10,2,0,10.74,0
PAY_06231,2525.85,gateway_timeout,47,14,2,0,25.68,1
PAY_06232,5935.05,card_expired,15,9,1,0,4.5,0
PAY_06233,2262.44,mandate_expired,3,7,3,0,0.12,0
PAY_06234,15250.16,other,42,5,1,0,26.93,1
PAY_06235,2137.75,gateway_timeout,21,8,2,0,10.02,1
PAY_06236,1971.13,gateway_timeout,9,10,3,0,24.15,0
PAY_06237,2106.99,gateway_timeout,4,6,4,0,13.46,1
PAY_06238,670.09,card_expired,12,6,3,0,17.42,0
PAY_06239,886.53,insufficient_funds,9,8,1,0,4.83,1
PAY_06240,1470.53,other,1,4,0,0,12.78,0
PAY_06241,7784.39,checkout_abandon,23,12,1,5,5.08,1
PAY_06242,2418.54,card_expired,50,3,3,0,52.16,0
PAY_06243,1539.79,card_expired,24,13,2,0,1.01,1
PAY_06244,8523.49,checkout_abandon,3,11,3,2,0.64,1
PAY_06245,11792.55,mandate_expired,53,6,1,0,13.2,1
PAY_06246,8772.95,gateway_timeout,38,9,2,0,8.19,1
PAY_06247,1065.24,card_expired,58,11,2,0,1.45,0
PAY_06248,1523.55,card_expired,35,6,2,0,2.15,0
PAY_06249,15333.3,checkout_abandon,29,6,4,3,18.08,0
PAY_06250,3181.75,insufficient_funds,31,7,1,0,1.79,0
PAY_06251,1912.98,other,1,5,3,0,10.71,0
PAY_06252,5127.61,other,23,10,0,0,13.82,0
PAY_06253,6845.49,checkout_abandon,27,7,3,4,21.9,1
PAY_06254,1411.77,other,18,8,3,0,12.71,1
PAY_06255,3113.45,checkout_abandon,51,4,3,3,20.78,1
PAY_06256,6314.51,gateway_timeout,58,9,5,0,21.64,1
PAY_06257,783.49,checkout_abandon,29,8,1,5,13.82,1
PAY_06258,2531.05,insufficient_funds,48,2,0,0,15.36,1
PAY_06259,820.29,checkout_abandon,14,6,2,5,0.51,0
PAY_06260,934.92,mandate_expired,56,7,4,0,1.5,0
PAY_06261,1423.6,insufficient_funds,43,9,3,0,3.05,1
PAY_06262,4028.57,gateway_timeout,45,8,1,0,10.8,1
PAY_06263,1811.7,mandate_expired,36,12,1,0,18.9,1
PAY_06264,1307.18,card_expired,50,4,3,0,1.89,0
PAY_06265,2632.27,other,33,9,1,0,6.54,0
PAY_06266,794.0,gateway_timeout,58,14,1,0,11.99,1
PAY_06267,3838.55,card_expired,40,9,2,0,0.36,0
PAY_06268,7749.88,insufficient_funds,28,8,2,0,9.09,1
PAY_06269,2309.63,insufficient_funds,13,8,0,0,22.05,1
PAY_06270,2041.41,mandate_expired,55,12,2,0,4.92,1
PAY_06271,3631.81,gateway_timeout,4,7,2,0,12.84,1
PAY_06272,328.84,card_expired,3,8,5,0,12.57,0
PAY_06273,4276.39,gateway_timeout,2,7,2,0,11.24,1
PAY_06274,55599.63,insufficient_funds,7,9,2,0,5.39,0
PAY_06275,2211.38,checkout_abandon,15,10,2,4,12.93,1
PAY_06276,2219.24,insufficient_funds,30,6,2,0,24.31,1
PAY_06277,5258.77,gateway_timeout,17,10,1,0,15.53,1
PAY_06278,12956.83,insufficient_funds,28,11,2,0,2.45,1
PAY_06279,6627.7,gateway_timeout,27,7,2,0,8.84,0
PAY_06280,289.58,card_expired,27,5,2,0,7.79,1
PAY_06281,4391.58,insufficient_funds,4,7,2,0,23.55,1
PAY_06282,32727.67,checkout_abandon,33,8,2,2,7.42,0
PAY_06283,4658.68,checkout_abandon,18,6,1,4,7.17,0
PAY_06284,787.96,checkout_abandon,33,12,4,4,3.74,1
PAY_06285,3313.88,checkout_abandon,4,7,2,4,6.9,0
PAY_06286,694.62,mandate_expired,53,4,2,0,14.88,0
PAY_06287,8577.09,card_expired,44,7,5,0,15.13,1
PAY_06288,961.18,insufficient_funds,21,7,0,0,8.89,0
PAY_06289,2692.67,card_expired,22,11,2,0,7.23,0
PAY_06290,1060.26,insufficient_funds,19,9,1,0,28.46,1
PAY_06291,1447.51,checkout_abandon,60,11,3,1,37.33,1
PAY_06292,11050.12,checkout_abandon,43,6,5,1,8.33,1
PAY_06293,2772.5,insufficient_funds,28,5,3,0,5.66,1
PAY_06294,1429.16,insufficient_funds,39,9,3,0,16.55,1
PAY_06295,795.38,insufficient_funds,4,8,0,0,1.02,0
PAY_06296,384.65,insufficient_funds,50,7,4,0,14.56,1
PAY_06297,715.35,checkout_abandon,36,6,3,5,2.77,0
PAY_06298,2796.17,insufficient_funds,19,10,1,0,7.29,1
PAY_06299,6662.7,card_expired,42,9,0,0,54.92,0
PAY_06300,1427.52,other,1,8,1,0,6.52,0
PAY_06301,12023.15,gateway_timeout,30,12,3,0,14.19,1
PAY_06302,1219.93,insufficient_funds,57,14,1,0,12.31,0
PAY_06303,1970.48,gateway_timeout,46,3,2,0,5.37,1
PAY_06304,849.35,other,3,10,2,0,1.29,0
PAY_06305,6733.21,gateway_timeout,36,6,1,0,7.44,0
PAY_06306,20364.67,insufficient_funds,41,7,3,0,1.26,1
PAY_06307,429.33,other,32,5,3,0,14.64,0
PAY_06308,1768.49,checkout_abandon,20,3,3,4,0.57,0
PAY_06309,8855.78,gateway_timeout,41,6,3,0,1.63,1
PAY_06310,588.22,other,26,11,3,0,26.43,1
PAY_06311,4406.03,other,57,8,2,0,0.1,0
PAY_06312,8480.45,checkout_abandon,51,11,2,4,15.45,1
PAY_06313,2703.43,gateway_timeout,55,5,2,0,7.39,1
PAY_06314,4334.27,checkout_abandon,26,10,1,5,0.21,0
PAY_06315,14544.21,insufficient_funds,41,11,1,0,13.43,0
PAY_06316,17544.09,checkout_abandon,9,6,3,2,30.1,1
PAY_06317,2349.78,insufficient_funds,46,7,1,0,10.8,1
PAY_06318,1468.02,checkout_abandon,46,7,0,1,21.66,1
PAY_06319,996.32,card_expired,47,6,2,0,18.6,0
PAY_06320,6640.95,other,2,10,2,0,0.17,0
PAY_06321,634.14,card_expired,28,6,1,0,43.94,0
PAY_06322,1942.0,insufficient_funds,17,5,0,0,1.98,1
PAY_06323,2770.37,insufficient_funds,55,7,3,0,4.13,1
PAY_06324,1511.78,checkout_abandon,33,6,0,1,19.72,0
PAY_06325,3307.23,gateway_timeout,37,11,1,0,9.11,0
PAY_06326,32485.83,insufficient_funds,27,8,1,0,1.78,0
PAY_06327,2213.76,card_expired,7,10,2,0,5.56,0
PAY_06328,1617.51,gateway_timeout,38,15,1,0,6.42,1
PAY_06329,6900.7,insufficient_funds,37,8,3,0,6.33,1
PAY_06330,3176.8,checkout_abandon,23,5,1,4,3.65,0
PAY_06331,10544.73,other,38,10,1,0,5.38,1
PAY_06332,2947.56,mandate_expired,24,9,5,0,2.31,1
PAY_06333,1950.07,insufficient_funds,40,7,1,0,1.95,0
PAY_06334,420.03,checkout_abandon,21,6,1,2,1.67,0
PAY_06335,494.88,other,47,9,3,0,15.51,0
PAY_06336,398.76,insufficient_funds,54,5,1,0,4.42,0
PAY_06337,3653.3,mandate_expired,30,11,0,0,8.82,0
PAY_06338,640.21,mandate_expired,2,10,3,0,6.76,0
PAY_06339,8774.66,mandate_expired,41,3,0,0,5.11,1
PAY_06340,2576.77,insufficient_funds,57,2,2,0,12.21,1
PAY_06341,1958.35,other,43,16,3,0,33.33,0
PAY_06342,1075.12,gateway_timeout,22,13,4,0,10.23,0
PAY_06343,4657.83,insufficient_funds,34,6,0,0,8.87,1
PAY_06344,1118.28,insufficient_funds,22,11,0,0,2.49,1
PAY_06345,933.25,checkout_abandon,47,9,1,1,14.66,0
PAY_06346,8204.15,insufficient_funds,44,11,1,0,6.22,0
PAY_06347,3564.1,card_expired,38,3,0,0,20.67,0
PAY_06348,1976.57,card_expired,24,10,1,0,9.23,1
PAY_06349,4748.0,insufficient_funds,11,12,2,0,2.42,1
PAY_06350,2522.43,card_expired,37,5,4,0,10.72,0
PAY_06351,3666.74,other,21,7,1,0,18.14,0
PAY_06352,1104.56,insufficient_funds,55,9,4,0,16.78,1
PAY_06353,19819.96,mandate_expired,4,5,1,0,5.08,0
PAY_06354,1400.28,other,51,10,1,0,3.44,0
PAY_06355,11849.75,card_expired,47,10,4,0,6.94,0
PAY_06356,2069.74,checkout_abandon,31,9,3,1,4.63,1
PAY_06357,5603.48,other,60,7,3,0,29.81,0
PAY_06358,5209.66,mandate_expired,43,6,4,0,24.34,0
PAY_06359,7870.66,gateway_timeout,3,13,2,0,22.97,0
PAY_06360,1078.6,insufficient_funds,24,9,3,0,2.44,1
PAY_06361,7329.64,checkout_abandon,51,9,0,3,1.65,1
PAY_06362,15843.04,gateway_timeout,47,5,1,0,7.61,1
PAY_06363,1930.15,gateway_timeout,10,4,3,0,18.85,1
PAY_06364,2588.29,insufficient_funds,11,13,1,0,10.96,1
PAY_06365,1481.19,card_expired,56,10,2,0,7.02,1
PAY_06366,1768.01,mandate_expired,3,11,2,0,0.9,1
PAY_06367,13842.08,gateway_timeout,57,9,2,0,17.07,1
PAY_06368,915.81,insufficient_funds,33,7,1,0,6.31,1
PAY_06369,974.5,insufficient_funds,49,3,3,0,9.88,0
PAY_06370,12518.3,insufficient_funds,13,7,0,0,2.29,0
PAY_06371,4668.51,checkout_abandon,21,13,0,5,15.58,1
PAY_06372,20835.56,insufficient_funds,44,5,1,0,0.45,0
PAY_06373,1593.37,other,10,12,3,0,4.58,0
PAY_06374,2836.5,gateway_timeout,7,7,5,0,8.25,1
PAY_06375,1291.25,insufficient_funds,37,4,1,0,1.81,1
PAY_06376,2885.19,card_expired,1,9,2,0,2.82,0
PAY_06377,424.09,gateway_timeout,57,9,2,0,13.42,1
PAY_06378,4959.2,gateway_timeout,41,7,1,0,8.63,1
PAY_06379,3454.8,insufficient_funds,43,3,3,0,9.3,0
PAY_06380,2360.18,mandate_expired,31,6,1,0,13.41,0
PAY_06381,1692.03,gateway_timeout,38,11,4,0,28.42,0
PAY_06382,1021.77,card_expired,58,7,2,0,7.89,1
PAY_06383,5175.85,mandate_expired,1,6,2,0,4.1,1
PAY_06384,775.07,other,15,5,3,0,17.85,0
PAY_06385,4171.13,checkout_abandon,42,13,6,5,17.92,1
PAY_06386,19900.45,card_expired,8,10,3,0,17.55,0
PAY_06387,11043.17,mandate_expired,15,4,1,0,2.76,1
PAY_06388,554.97,checkout_abandon,2,6,2,5,6.35,0
PAY_06389,1461.63,mandate_expired,4,11,2,0,27.5,1
PAY_06390,3810.43,mandate_expired,27,7,2,0,1.58,0
PAY_06391,2330.33,insufficient_funds,40,9,0,0,23.93,1
PAY_06392,616.86,mandate_expired,7,2,3,0,10.3,0
PAY_06393,3675.2,gateway_timeout,59,9,1,0,15.69,1
PAY_06394,2475.08,checkout_abandon,47,7,1,3,7.54,1
PAY_06395,16955.9,insufficient_funds,40,7,1,0,21.8,0
PAY_06396,1940.73,insufficient_funds,5,10,3,0,18.32,1
PAY_06397,8038.91,insufficient_funds,32,4,2,0,55.94,0
PAY_06398,704.13,insufficient_funds,56,3,2,0,10.54,1
PAY_06399,894.3,insufficient_funds,15,5,3,0,4.06,0
PAY_06400,5144.63,insufficient_funds,33,11,1,0,7.13,1
PAY_06401,7389.22,checkout_abandon,34,6,3,1,9.98,1
PAY_06402,959.73,gateway_timeout,42,12,2,0,3.45,1
PAY_06403,2560.92,other,56,3,0,0,11.6,0
PAY_06404,627.95,card_expired,8,8,4,0,25.95,0
PAY_06405,2085.63,insufficient_funds,4,5,1,0,14.19,1
PAY_06406,5773.12,gateway_timeout,6,17,1,0,0.8,1
PAY_06407,1618.23,gateway_timeout,17,7,0,0,12.66,1
PAY_06408,1948.88,gateway_timeout,22,3,0,0,7.16,0
PAY_06409,807.75,checkout_abandon,53,9,5,5,34.19,0
PAY_06410,1307.26,mandate_expired,32,8,2,0,1.15,1
PAY_06411,14503.67,mandate_expired,45,3,0,0,21.73,1
PAY_06412,2689.12,gateway_timeout,35,6,0,0,13.71,1
PAY_06413,917.58,mandate_expired,58,13,3,0,9.8,1
PAY_06414,1824.89,gateway_timeout,20,7,4,0,1.05,1
PAY_06415,506.04,card_expired,41,11,1,0,13.17,1
PAY_06416,906.77,other,17,12,1,0,34.91,0
PAY_06417,9743.79,gateway_timeout,15,7,3,0,3.37,1
PAY_06418,2168.01,card_expired,59,4,3,0,0.11,0
PAY_06419,16560.51,card_expired,2,8,2,0,3.48,1
PAY_06420,2272.64,checkout_abandon,17,12,2,2,8.31,1
PAY_06421,2411.65,insufficient_funds,24,15,4,0,3.13,1
PAY_06422,4745.44,card_expired,9,15,1,0,15.99,0
PAY_06423,172.68,gateway_timeout,47,8,2,0,10.31,1
PAY_06424,3068.63,insufficient_funds,22,13,1,0,7.88,1
PAY_06425,2380.48,checkout_abandon,28,6,1,1,1.14,1
PAY_06426,11048.89,gateway_timeout,19,8,3,0,3.12,1
PAY_06427,6559.87,insufficient_funds,54,5,3,0,7.57,1
PAY_06428,804.61,other,26,8,2,0,4.78,0
PAY_06429,8657.53,insufficient_funds,48,9,1,0,14.77,1
PAY_06430,1923.17,checkout_abandon,38,8,3,3,8.67,0
PAY_06431,1011.91,mandate_expired,58,6,0,0,18.84,1
PAY_06432,3044.67,insufficient_funds,37,7,2,0,9.01,1
PAY_06433,2041.17,mandate_expired,60,10,1,0,6.02,0
PAY_06434,11643.59,mandate_expired,42,9,1,0,4.17,1
PAY_06435,3514.55,checkout_abandon,4,3,4,3,1.86,0
PAY_06436,3070.84,checkout_abandon,10,6,2,2,17.75,1
PAY_06437,6152.99,other,48,11,1,0,2.5,1
PAY_06438,7457.07,other,3,5,1,0,0.56,0
PAY_06439,5473.38,insufficient_funds,12,6,1,0,5.45,0
PAY_06440,10337.25,gateway_timeout,48,8,3,0,65.4,1
PAY_06441,4595.02,checkout_abandon,22,7,0,2,4.69,0
PAY_06442,2956.31,other,14,6,2,0,19.98,0
PAY_06443,8631.88,card_expired,12,5,2,0,6.25,1
PAY_06444,2282.78,gateway_timeout,19,7,3,0,0.74,1
PAY_06445,2584.51,other,51,11,2,0,4.56,0
PAY_06446,13983.35,gateway_timeout,28,7,1,0,0.1,1
PAY_06447,12657.06,gateway_timeout,58,8,3,0,3.53,1
PAY_06448,2479.64,checkout_abandon,43,6,4,5,11.18,1
PAY_06449,1588.42,gateway_timeout,17,9,0,0,6.45,1
PAY_06450,10799.12,checkout_abandon,10,9,1,3,16.74,0
PAY_06451,5566.18,gateway_timeout,57,15,1,0,11.24,1
PAY_06452,3427.64,card_expired,55,9,3,0,15.36,1
PAY_06453,1811.98,other,8,9,7,0,13.47,0
PAY_06454,3483.33,gateway_timeout,20,8,1,0,6.37,1
PAY_06455,2446.31,checkout_abandon,45,7,1,3,11.46,0
PAY_06456,1286.53,mandate_expired,59,9,2,0,23.77,0
PAY_06457,2844.35,insufficient_funds,55,6,3,0,34.78,1
PAY_06458,3259.96,card_expired,18,9,0,0,0.99,0
PAY_06459,1717.54,checkout_abandon,54,14,4,3,23.96,1
PAY_06460,6172.58,insufficient_funds,44,14,3,0,12.24,1
PAY_06461,9071.37,card_expired,28,4,1,0,3.95,0
PAY_06462,6594.19,gateway_timeout,23,9,2,0,13.34,0
PAY_06463,1896.56,insufficient_funds,49,7,2,0,15.25,1
PAY_06464,5323.4,insufficient_funds,51,8,1,0,9.91,1
PAY_06465,2702.7,card_expired,55,9,1,0,2.86,0
PAY_06466,726.54,other,28,7,3,0,23.63,0
PAY_06467,4898.95,gateway_timeout,17,5,0,0,6.96,1
PAY_06468,2893.37,insufficient_funds,53,4,2,0,0.56,0
PAY_06469,33442.87,insufficient_funds,19,8,3,0,3.04,1
PAY_06470,10735.56,mandate_expired,46,7,6,0,9.05,1
PAY_06471,5090.83,gateway_timeout,31,8,1,0,7.67,1
PAY_06472,3207.4,gateway_timeout,36,7,1,0,35.09,0
PAY_06473,2944.72,gateway_timeout,13,12,2,0,6.44,0
PAY_06474,916.31,checkout_abandon,15,8,1,4,30.1,1
PAY_06475,439.25,mandate_expired,40,6,0,0,2.1,1
PAY_06476,1044.7,checkout_abandon,16,13,2,1,32.72,1
PAY_06477,2383.51,insufficient_funds,41,8,1,0,12.3,0
PAY_06478,304.45,checkout_abandon,60,10,1,2,8.54,0
PAY_06479,1450.59,checkout_abandon,5,4,0,2,1.44,0
PAY_06480,1951.65,checkout_abandon,56,14,1,2,0.71,1
PAY_06481,2015.49,insufficient_funds,11,4,3,0,18.13,1
PAY_06482,1289.9,insufficient_funds,9,7,0,0,32.7,1
PAY_06483,1776.73,checkout_abandon,51,8,1,2,7.13,0
PAY_06484,14015.79,gateway_timeout,13,6,4,0,2.5,1
PAY_06485,4847.37,checkout_abandon,39,7,0,4,5.94,1
PAY_06486,1427.59,gateway_timeout,7,9,2,0,0.6,1
PAY_06487,2334.84,insufficient_funds,6,3,1,0,3.47,0
PAY_06488,2430.21,mandate_expired,13,11,1,0,9.39,1
PAY_06489,1159.9,gateway_timeout,32,9,3,0,6.65,1
PAY_06490,1158.54,insufficient_funds,18,8,5,0,54.57,0
PAY_06491,6867.6,card_expired,14,6,2,0,29.62,0
PAY_06492,1642.97,gateway_timeout,51,5,1,0,9.05,0
PAY_06493,836.6,other,11,7,0,0,3.51,0
PAY_06494,2394.44,insufficient_funds,6,11,1,0,22.74,0
PAY_06495,2813.14,other,7,9,4,0,1.82,0
PAY_06496,347.7,card_expired,53,9,2,0,13.59,0
PAY_06497,2400.18,insufficient_funds,29,5,5,0,27.69,0
PAY_06498,5955.24,checkout_abandon,59,11,2,4,8.9,1
PAY_06499,3925.6,mandate_expired,49,6,3,0,1.04,0
PAY_06500,23244.9,checkout_abandon,17,8,0,4,14.27,0
PAY_06501,8735.54,gateway_timeout,48,10,0,0,15.38,1
PAY_06502,10646.43,other,28,9,0,0,12.95,0
PAY_06503,41115.15,mandate_expired,34,9,2,0,3.63,0
PAY_06504,5335.84,other,32,8,0,0,6.98,0
PAY_06505,2942.8,card_expired,46,7,1,0,20.69,0
PAY_06506,6619.57,card_expired,13,9,4,0,15.13,0
PAY_06507,1429.11,mandate_expired,4,13,1,0,2.51,1
PAY_06508,2784.25,mandate_expired,44,10,1,0,8.12,1
PAY_06509,1308.08,other,58,14,2,0,30.1,0
PAY_06510,3722.05,checkout_abandon,35,14,2,2,1.37,0
PAY_06511,1302.63,insufficient_funds,8,7,1,0,16.29,1
PAY_06512,1257.8,checkout_abandon,7,9,3,1,1.34,0
PAY_06513,3780.15,insufficient_funds,33,9,1,0,0.33,1
PAY_06514,2178.38,other,54,8,1,0,9.99,0
PAY_06515,363.77,mandate_expired,37,8,5,0,9.02,0
PAY_06516,583.18,checkout_abandon,19,7,3,4,8.48,1
PAY_06517,793.76,insufficient_funds,38,6,1,0,22.95,1
PAY_06518,1033.88,checkout_abandon,10,7,2,2,31.03,0
PAY_06519,3783.74,gateway_timeout,29,7,1,0,28.68,1
PAY_06520,3111.89,mandate_expired,59,7,1,0,8.17,1
PAY_06521,7254.12,checkout_abandon,38,3,1,4,32.32,1
PAY_06522,5307.35,checkout_abandon,7,7,2,3,12.67,1
PAY_06523,7302.33,gateway_timeout,13,7,2,0,4.16,1
PAY_06524,4593.71,checkout_abandon,4,6,2,5,0.15,1
PAY_06525,3083.21,checkout_abandon,25,7,3,3,4.2,1
PAY_06526,7505.55,card_expired,15,8,2,0,1.69,0
PAY_06527,6269.54,other,59,6,1,0,4.22,0
PAY_06528,3641.47,card_expired,20,8,2,0,58.39,0
PAY_06529,8911.68,gateway_timeout,3,4,1,0,3.5,0
PAY_06530,239.43,insufficient_funds,27,13,3,0,2.69,1
PAY_06531,1869.79,other,45,8,2,0,16.4,1
PAY_06532,1841.35,other,42,9,2,0,2.16,0
PAY_06533,7916.69,insufficient_funds,59,8,0,0,35.73,1
PAY_06534,12033.4,mandate_expired,22,4,5,0,0.25,0
PAY_06535,586.32,gateway_timeout,32,5,1,0,11.24,1
PAY_06536,10251.85,insufficient_funds,34,12,3,0,8.98,1
PAY_06537,774.8,other,2,7,0,0,26.44,0
PAY_06538,798.58,other,1,9,3,0,6.53,0
PAY_06539,1977.84,other,48,9,4,0,1.98,0
PAY_06540,1818.63,insufficient_funds,24,4,4,0,8.15,0
PAY_06541,526.17,checkout_abandon,42,8,2,4,7.72,1
PAY_06542,4788.27,other,57,9,1,0,9.33,0
PAY_06543,4931.75,mandate_expired,15,9,3,0,4.85,1
PAY_06544,7173.06,gateway_timeout,47,5,3,0,8.8,0
PAY_06545,1620.66,checkout_abandon,13,5,2,3,1.57,0
PAY_06546,2402.98,insufficient_funds,45,6,3,0,7.91,1
PAY_06547,2425.08,checkout_abandon,10,9,3,2,3.58,1
PAY_06548,13521.57,card_expired,19,4,3,0,20.07,0
PAY_06549,146.91,insufficient_funds,29,11,1,0,6.53,0
PAY_06550,960.16,insufficient_funds,30,3,0,0,3.1,0
PAY_06551,2513.89,checkout_abandon,2,5,3,5,10.0,0
PAY_06552,844.27,checkout_abandon,51,3,4,3,9.31,0
PAY_06553,1930.87,gateway_timeout,1,7,0,0,25.09,1
PAY_06554,2203.87,insufficient_funds,53,10,3,0,8.05,1
PAY_06555,1295.12,mandate_expired,13,7,1,0,2.11,1
PAY_06556,2666.48,insufficient_funds,43,7,0,0,0.12,1
PAY_06557,4685.35,mandate_expired,43,13,2,0,10.12,1
PAY_06558,1973.93,checkout_abandon,28,11,2,2,44.87,0
PAY_06559,1588.99,gateway_timeout,33,13,1,0,5.11,1
PAY_06560,2118.11,checkout_abandon,5,8,3,3,26.37,0
PAY_06561,2481.48,mandate_expired,55,7,1,0,14.56,0
PAY_06562,438.66,checkout_abandon,8,6,2,2,9.87,0
PAY_06563,3966.34,checkout_abandon,40,9,2,1,2.51,0
PAY_06564,1592.48,gateway_timeout,1,12,0,0,13.99,1
PAY_06565,8827.09,gateway_timeout,45,16,2,0,28.7,0
PAY_06566,4514.72,checkout_abandon,22,3,2,2,32.1,0
PAY_06567,8055.52,checkout_abandon,29,3,0,4,7.78,0
PAY_06568,909.63,gateway_timeout,2,7,2,0,5.82,1
PAY_06569,1724.44,insufficient_funds,14,7,4,0,0.32,1
PAY_06570,721.68,mandate_expired,27,12,3,0,5.74,1
PAY_06571,1235.04,insufficient_funds,44,2,0,0,28.8,1
PAY_06572,8744.25,other,36,13,3,0,19.08,0
PAY_06573,11064.94,checkout_abandon,16,10,2,4,11.08,0
PAY_06574,793.07,insufficient_funds,36,12,2,0,13.5,1
PAY_06575,1580.93,mandate_expired,14,7,1,0,25.62,0
PAY_06576,2316.59,gateway_timeout,34,6,0,0,3.14,1
PAY_06577,4490.2,other,33,5,3,0,3.48,0
PAY_06578,430.19,other,14,7,1,0,11.82,0
PAY_06579,503.23,card_expired,13,8,5,0,0.52,0
PAY_06580,4079.27,checkout_abandon,32,11,0,4,1.36,1
PAY_06581,356.03,other,36,9,2,0,10.46,0
PAY_06582,1599.18,mandate_expired,59,9,0,0,27.66,0
PAY_06583,2939.92,other,30,13,3,0,6.33,1
PAY_06584,3788.45,insufficient_funds,27,8,0,0,0.1,1
PAY_06585,2169.66,other,29,1,5,0,33.37,0
PAY_06586,1734.18,mandate_expired,53,10,6,0,20.59,0
PAY_06587,5817.45,gateway_timeout,19,9,1,0,18.39,1
PAY_06588,3325.09,other,23,6,3,0,8.06,0
PAY_06589,1309.01,mandate_expired,23,6,4,0,16.9,1
PAY_06590,2596.11,other,38,17,4,0,5.48,0
PAY_06591,3667.31,insufficient_funds,42,12,2,0,8.42,1
PAY_06592,13936.73,checkout_abandon,29,8,2,1,9.59,1
PAY_06593,5488.28,mandate_expired,16,5,2,0,1.21,1
PAY_06594,8422.0,insufficient_funds,42,10,2,0,23.12,0
PAY_06595,1357.55,card_expired,17,6,1,0,2.96,0
PAY_06596,1480.1,mandate_expired,54,5,2,0,12.36,0
PAY_06597,1975.68,gateway_timeout,38,4,1,0,9.0,1
PAY_06598,2165.64,mandate_expired,27,6,3,0,15.92,0
PAY_06599,912.35,insufficient_funds,14,11,3,0,35.84,1
PAY_06600,8866.01,card_expired,46,4,3,0,29.04,0
PAY_06601,6047.48,card_expired,37,0,2,0,28.31,0
PAY_06602,1841.56,checkout_abandon,53,6,1,1,15.24,0
PAY_06603,4749.32,checkout_abandon,43,9,3,3,6.28,0
PAY_06604,3124.24,gateway_timeout,48,7,1,0,8.99,0
PAY_06605,5135.2,gateway_timeout,6,6,2,0,13.54,1
PAY_06606,651.8,other,2,4,0,0,2.15,0
PAY_06607,2161.13,gateway_timeout,40,5,3,0,27.57,1
PAY_06608,2359.03,gateway_timeout,1,11,0,0,46.3,0
PAY_06609,4664.28,gateway_timeout,54,4,3,0,6.96,1
PAY_06610,1333.56,mandate_expired,53,4,0,0,12.95,1
PAY_06611,205.23,card_expired,36,10,2,0,40.29,0
PAY_06612,847.55,insufficient_funds,44,13,4,0,40.33,1
PAY_06613,2351.95,gateway_timeout,26,12,0,0,6.84,1
PAY_06614,2664.92,insufficient_funds,58,7,3,0,11.23,1
PAY_06615,13464.26,insufficient_funds,3,5,2,0,16.93,1
PAY_06616,4477.38,gateway_timeout,18,7,0,0,6.78,1
PAY_06617,2712.37,card_expired,42,8,4,0,3.98,0
PAY_06618,2420.32,checkout_abandon,48,11,2,5,45.64,1
PAY_06619,7541.9,insufficient_funds,15,4,0,0,2.25,1
PAY_06620,1385.67,checkout_abandon,49,8,3,2,56.87,1
PAY_06621,2172.78,card_expired,28,17,2,0,0.24,0
PAY_06622,841.17,gateway_timeout,52,17,2,0,8.8,1
PAY_06623,10331.49,insufficient_funds,17,13,2,0,14.58,0
PAY_06624,3701.69,card_expired,42,7,2,0,3.2,1
PAY_06625,1232.16,insufficient_funds,13,4,1,0,0.28,0
PAY_06626,2229.63,card_expired,9,10,4,0,7.26,0
PAY_06627,4161.77,card_expired,43,7,0,0,25.2,0
PAY_06628,1945.6,other,41,13,4,0,14.82,0
PAY_06629,1464.95,insufficient_funds,18,4,1,0,7.95,1
PAY_06630,1299.55,insufficient_funds,37,6,1,0,27.77,1
PAY_06631,3508.72,other,57,10,2,0,4.14,0
PAY_06632,1747.59,checkout_abandon,21,8,0,5,0.81,1
PAY_06633,1588.09,gateway_timeout,31,6,2,0,8.61,0
PAY_06634,657.2,checkout_abandon,13,4,0,2,18.16,0
PAY_06635,2701.84,insufficient_funds,32,12,1,0,53.37,1
PAY_06636,2085.62,mandate_expired,54,7,2,0,9.32,1
PAY_06637,1812.38,other,39,8,1,0,6.29,0
PAY_06638,3049.76,mandate_expired,9,5,3,0,4.49,0
PAY_06639,5281.94,checkout_abandon,45,8,1,1,16.19,0
PAY_06640,5042.27,other,26,9,2,0,31.05,0
PAY_06641,4344.97,mandate_expired,2,7,3,0,18.85,0
PAY_06642,1965.25,insufficient_funds,38,8,3,0,38.16,1
PAY_06643,1418.06,mandate_expired,18,9,0,0,4.4,0
PAY_06644,880.18,insufficient_funds,59,11,2,0,30.38,1
PAY_06645,1381.45,gateway_timeout,60,6,1,0,5.27,1
PAY_06646,2549.61,checkout_abandon,41,8,2,2,23.03,1
PAY_06647,1138.83,insufficient_funds,38,12,6,0,0.87,1
PAY_06648,2752.05,insufficient_funds,19,6,1,0,11.31,1
PAY_06649,952.02,checkout_abandon,5,8,2,3,3.71,1
PAY_06650,474.88,gateway_timeout,4,12,2,0,39.67,1
PAY_06651,5672.88,checkout_abandon,28,10,2,4,2.01,1
PAY_06652,1555.62,gateway_timeout,20,6,1,0,0.67,0
PAY_06653,1082.48,mandate_expired,58,4,3,0,7.42,1
PAY_06654,837.31,other,18,8,4,0,33.17,0
PAY_06655,3816.47,insufficient_funds,13,5,2,0,4.9,0
PAY_06656,9886.78,card_expired,50,6,3,0,1.94,0
PAY_06657,1670.66,insufficient_funds,51,7,2,0,8.36,1
PAY_06658,2015.22,gateway_timeout,23,10,2,0,18.16,1
PAY_06659,7300.35,gateway_timeout,5,12,1,0,3.15,1
PAY_06660,408.95,insufficient_funds,6,10,2,0,0.13,0
PAY_06661,17870.64,insufficient_funds,32,6,2,0,5.67,1
PAY_06662,28800.45,card_expired,53,7,0,0,3.37,0
PAY_06663,166.95,card_expired,24,7,1,0,8.42,0
PAY_06664,2267.75,other,2,10,0,0,6.29,0
PAY_06665,1218.16,other,23,4,3,0,11.46,0
PAY_06666,1918.45,gateway_timeout,1,8,4,0,1.62,0
PAY_06667,1645.27,insufficient_funds,26,9,0,0,10.2,1
PAY_06668,5629.66,insufficient_funds,29,3,3,0,5.97,1
PAY_06669,2233.84,checkout_abandon,44,9,2,4,2.13,1
PAY_06670,1005.4,card_expired,5,11,1,0,3.4,0
PAY_06671,2104.56,gateway_timeout,29,9,0,0,19.15,1
PAY_06672,4183.19,insufficient_funds,11,8,4,0,5.98,0
PAY_06673,765.34,gateway_timeout,28,4,0,0,6.66,0
PAY_06674,481.94,other,60,5,3,0,46.72,1
PAY_06675,18339.07,checkout_abandon,45,8,2,3,4.11,1
PAY_06676,1315.04,mandate_expired,51,4,3,0,41.13,1
PAY_06677,2179.16,checkout_abandon,3,11,3,4,4.97,1
PAY_06678,1679.5,gateway_timeout,46,6,1,0,1.44,1
PAY_06679,4324.85,gateway_timeout,52,7,2,0,22.33,1
PAY_06680,14718.14,card_expired,41,6,0,0,3.38,0
PAY_06681,4464.8,card_expired,47,12,1,0,19.19,1
PAY_06682,547.67,gateway_timeout,3,5,4,0,4.21,0
PAY_06683,626.36,gateway_timeout,45,8,2,0,16.71,1
PAY_06684,1677.54,insufficient_funds,51,12,2,0,6.25,1
PAY_06685,1911.82,insufficient_funds,14,6,0,0,2.96,1
PAY_06686,446.79,insufficient_funds,29,8,4,0,20.2,0
PAY_06687,5672.51,insufficient_funds,26,7,2,0,29.42,1
PAY_06688,843.64,mandate_expired,6,3,3,0,8.88,0
PAY_06689,11129.42,card_expired,8,11,0,0,1.18,1
PAY_06690,15439.41,mandate_expired,19,10,1,0,9.83,0
PAY_06691,1950.41,mandate_expired,7,3,1,0,2.8,1
PAY_06692,3877.78,other,31,3,0,0,10.73,0
PAY_06693,729.31,other,4,9,2,0,16.28,0
PAY_06694,4664.44,gateway_timeout,1,7,2,0,0.55,1
PAY_06695,1519.07,insufficient_funds,38,4,1,0,0.73,0
PAY_06696,842.87,insufficient_funds,16,8,3,0,1.61,1
PAY_06697,1871.9,other,23,9,3,0,0.84,0
PAY_06698,1569.16,insufficient_funds,21,9,3,0,20.9,0
PAY_06699,1806.03,gateway_timeout,29,13,4,0,28.44,1
PAY_06700,6462.21,checkout_abandon,28,3,0,5,21.73,0
PAY_06701,1139.95,checkout_abandon,8,8,2,2,5.33,0
PAY_06702,14172.65,checkout_abandon,1,7,0,2,13.24,0
PAY_06703,664.47,card_expired,27,10,3,0,8.37,0
PAY_06704,12575.13,checkout_abandon,34,6,1,1,37.13,1
PAY_06705,904.64,card_expired,47,14,2,0,0.73,0
PAY_06706,2497.47,insufficient_funds,12,6,1,0,7.79,0
PAY_06707,1531.27,card_expired,6,10,1,0,24.15,0
PAY_06708,1772.8,checkout_abandon,36,1,2,1,3.93,1
PAY_06709,5571.41,insufficient_funds,55,7,0,0,3.27,1
PAY_06710,11202.28,other,15,11,2,0,38.64,0
PAY_06711,8222.02,other,6,8,0,0,6.01,0
PAY_06712,1667.68,card_expired,25,9,1,0,14.3,0
PAY_06713,3005.81,other,34,9,4,0,0.21,0
PAY_06714,1143.64,gateway_timeout,38,8,3,0,14.91,1
PAY_06715,927.5,insufficient_funds,7,6,2,0,9.01,1
PAY_06716,794.53,insufficient_funds,40,14,3,0,1.77,1
PAY_06717,1614.0,other,21,10,2,0,5.57,0
PAY_06718,3208.8,card_expired,2,9,3,0,23.71,1
PAY_06719,369.53,other,56,8,0,0,26.08,0
PAY_06720,2386.76,card_expired,33,11,3,0,2.08,0
PAY_06721,11385.22,mandate_expired,19,15,2,0,64.94,1
PAY_06722,7676.79,insufficient_funds,49,8,2,0,0.9,1
PAY_06723,1392.51,insufficient_funds,48,10,0,0,1.99,0
PAY_06724,618.42,checkout_abandon,13,9,2,2,0.94,0
PAY_06725,3959.51,card_expired,58,6,3,0,0.56,0
PAY_06726,246.32,insufficient_funds,32,6,0,0,12.53,0
PAY_06727,7587.07,other,16,8,5,0,9.1,0
PAY_06728,2019.2,mandate_expired,27,8,1,0,2.42,1
PAY_06729,15604.99,gateway_timeout,12,9,2,0,15.79,1
PAY_06730,444.56,other,51,9,2,0,5.78,0
PAY_06731,6261.61,checkout_abandon,17,4,2,5,20.04,1
PAY_06732,2260.94,mandate_expired,27,12,1,0,10.34,1
PAY_06733,1795.42,gateway_timeout,5,9,2,0,53.83,1
PAY_06734,635.37,gateway_timeout,57,5,0,0,19.97,1
PAY_06735,4535.97,insufficient_funds,19,12,2,0,1.57,1
PAY_06736,4915.67,checkout_abandon,40,7,6,4,28.11,0
PAY_06737,14900.85,card_expired,22,7,2,0,5.13,0
PAY_06738,6850.63,other,34,14,2,0,19.37,1
PAY_06739,1380.43,other,34,8,3,0,22.47,0
PAY_06740,916.15,insufficient_funds,18,3,0,0,11.55,0
PAY_06741,636.23,other,26,7,1,0,8.61,0
PAY_06742,10908.2,insufficient_funds,36,8,0,0,0.39,1
PAY_06743,1148.11,insufficient_funds,14,7,1,0,2.01,0
PAY_06744,10984.89,mandate_expired,8,9,2,0,7.64,1
PAY_06745,4226.45,other,11,12,2,0,12.99,0
PAY_06746,3477.08,other,25,10,2,0,43.77,0
PAY_06747,1839.37,card_expired,13,10,2,0,1.25,0
PAY_06748,4840.24,insufficient_funds,18,6,1,0,21.6,1
PAY_06749,2461.62,insufficient_funds,42,8,5,0,7.26,1
PAY_06750,1728.19,insufficient_funds,41,7,2,0,2.47,1
PAY_06751,5014.31,checkout_abandon,57,7,1,5,21.14,1
PAY_06752,2164.78,checkout_abandon,46,8,2,3,0.92,1
PAY_06753,1125.19,insufficient_funds,26,8,3,0,13.1,0
PAY_06754,4554.51,checkout_abandon,56,5,1,1,11.09,1
PAY_06755,2345.05,checkout_abandon,56,11,1,5,12.65,1
PAY_06756,4076.34,mandate_expired,14,7,0,0,17.99,0
PAY_06757,1587.93,gateway_timeout,11,11,2,0,2.44,0
PAY_06758,746.15,gateway_timeout,54,5,2,0,3.75,1
PAY_06759,14173.37,mandate_expired,54,7,0,0,14.67,1
PAY_06760,11738.83,mandate_expired,51,16,1,0,9.85,0
PAY_06761,6050.11,gateway_timeout,28,8,0,0,11.57,1
PAY_06762,1696.35,insufficient_funds,52,6,3,0,27.56,1
PAY_06763,1851.46,other,47,6,0,0,13.29,0
PAY_06764,9960.41,card_expired,45,10,2,0,2.3,0
PAY_06765,1754.99,insufficient_funds,37,9,0,0,15.29,1
PAY_06766,1328.08,checkout_abandon,17,16,1,1,11.54,1
PAY_06767,16257.03,checkout_abandon,45,5,1,5,21.03,1
PAY_06768,2383.6,insufficient_funds,53,5,4,0,23.36,0
PAY_06769,14654.04,insufficient_funds,54,8,0,0,6.42,1
PAY_06770,617.48,other,36,10,6,0,18.37,0
PAY_06771,4197.44,checkout_abandon,3,9,2,5,0.88,0
PAY_06772,19833.52,insufficient_funds,45,12,2,0,20.05,0
PAY_06773,2575.49,card_expired,16,2,1,0,72.0,0
PAY_06774,1919.93,checkout_abandon,13,6,3,2,20.07,1
PAY_06775,777.66,mandate_expired,5,8,1,0,9.96,0
PAY_06776,7378.97,gateway_timeout,10,16,0,0,5.7,0
PAY_06777,1157.38,insufficient_funds,30,14,1,0,9.04,1
PAY_06778,2273.87,insufficient_funds,17,8,3,0,3.72,1
PAY_06779,727.45,other,23,7,1,0,4.18,0
PAY_06780,11860.17,checkout_abandon,31,9,4,3,3.15,0
PAY_06781,7934.15,card_expired,32,11,1,0,1.79,1
PAY_06782,2422.27,insufficient_funds,25,9,2,0,15.35,1
PAY_06783,788.31,card_expired,28,6,4,0,9.86,0
PAY_06784,11613.84,checkout_abandon,54,4,2,2,1.73,0
PAY_06785,1733.88,mandate_expired,17,6,1,0,28.97,1
PAY_06786,827.86,gateway_timeout,1,3,2,0,1.12,1
PAY_06787,429.2,checkout_abandon,49,14,0,1,3.16,1
PAY_06788,1310.39,insufficient_funds,5,9,0,0,10.55,1
PAY_06789,583.71,insufficient_funds,47,8,0,0,6.06,1
PAY_06790,1341.07,card_expired,20,11,1,0,12.54,0
PAY_06791,5262.99,insufficient_funds,51,13,2,0,6.72,1
PAY_06792,1717.54,insufficient_funds,11,7,2,0,3.46,0
PAY_06793,3567.92,other,10,1,2,0,3.44,0
PAY_06794,1212.83,gateway_timeout,25,7,0,0,4.1,1
PAY_06795,2668.35,checkout_abandon,26,13,1,1,2.58,0
PAY_06796,17067.76,card_expired,44,9,3,0,0.15,0
PAY_06797,1764.39,mandate_expired,39,8,2,0,39.52,0
PAY_06798,3671.94,insufficient_funds,60,2,1,0,4.02,1
PAY_06799,522.44,checkout_abandon,41,12,5,4,1.25,0
PAY_06800,11431.78,checkout_abandon,13,7,2,3,4.08,0
PAY_06801,1551.29,gateway_timeout,6,5,4,0,33.3,1
PAY_06802,7147.94,card_expired,16,7,1,0,3.97,0
PAY_06803,2210.26,other,60,7,1,0,0.7,0
PAY_06804,4608.35,insufficient_funds,47,10,2,0,3.4,1
PAY_06805,4890.54,insufficient_funds,45,6,5,0,2.87,1
PAY_06806,1590.19,mandate_expired,17,8,3,0,13.33,0
PAY_06807,7449.87,checkout_abandon,29,3,0,4,60.86,0
PAY_06808,1170.35,card_expired,43,7,2,0,16.26,0
PAY_06809,5442.43,insufficient_funds,57,7,2,0,21.73,1
PAY_06810,1692.29,insufficient_funds,36,5,3,0,3.81,1
PAY_06811,3546.1,mandate_expired,2,10,2,0,5.65,0
PAY_06812,1575.07,other,52,6,1,0,9.54,0
PAY_06813,2628.11,insufficient_funds,57,10,5,0,3.91,0
PAY_06814,853.51,card_expired,3,3,1,0,39.82,0
PAY_06815,3202.23,gateway_timeout,24,10,2,0,4.46,1
PAY_06816,2612.95,insufficient_funds,59,8,3,0,27.31,0
PAY_06817,1456.65,checkout_abandon,58,5,1,1,6.92,1
PAY_06818,2366.15,gateway_timeout,58,7,3,0,13.01,1
PAY_06819,2858.49,mandate_expired,59,6,2,0,3.93,1
PAY_06820,1349.77,gateway_timeout,2,11,2,0,26.99,0
PAY_06821,2197.97,checkout_abandon,10,7,3,2,21.51,0
PAY_06822,914.61,insufficient_funds,30,15,1,0,6.84,1
PAY_06823,26102.31,card_expired,37,10,0,0,9.9,1
PAY_06824,7209.57,other,25,7,2,0,9.64,0
PAY_06825,3285.06,gateway_timeout,17,10,4,0,10.87,1
PAY_06826,8072.02,gateway_timeout,16,10,2,0,1.07,0
PAY_06827,345.43,other,37,6,3,0,4.18,0
PAY_06828,193.71,insufficient_funds,59,5,0,0,2.5,0
PAY_06829,1676.99,card_expired,50,8,3,0,19.97,0
PAY_06830,629.85,checkout_abandon,11,8,5,2,11.15,0
PAY_06831,1973.26,other,9,7,4,0,5.88,0
PAY_06832,3070.83,gateway_timeout,16,7,0,0,42.81,1
PAY_06833,6275.83,gateway_timeout,44,9,5,0,0.93,1
PAY_06834,800.94,gateway_timeout,1,9,1,0,5.22,1
PAY_06835,3728.18,insufficient_funds,43,18,1,0,4.01,0
PAY_06836,2536.23,insufficient_funds,35,8,4,0,0.74,0
PAY_06837,3538.84,other,40,6,1,0,0.53,0
PAY_06838,1486.64,insufficient_funds,52,12,3,0,18.34,0
PAY_06839,9968.46,insufficient_funds,36,10,0,0,3.5,1
PAY_06840,2254.17,gateway_timeout,38,3,3,0,2.22,1
PAY_06841,14738.64,gateway_timeout,29,5,2,0,26.0,0
PAY_06842,1134.17,checkout_abandon,40,4,3,3,6.11,0
PAY_06843,5254.67,insufficient_funds,23,5,0,0,33.79,0
PAY_06844,2355.19,card_expired,4,13,4,0,0.62,1
PAY_06845,1801.37,card_expired,2,9,2,0,1.21,0
PAY_06846,4704.91,insufficient_funds,43,12,2,0,15.83,1
PAY_06847,1853.58,card_expired,39,12,0,0,5.28,0
PAY_06848,174.53,gateway_timeout,25,6,0,0,0.97,1
PAY_06849,116.88,gateway_timeout,45,15,1,0,0.65,1
PAY_06850,8923.72,other,29,9,1,0,7.87,0
PAY_06851,8555.28,other,16,8,1,0,11.48,0
PAY_06852,16504.48,gateway_timeout,36,8,4,0,10.72,1
PAY_06853,2456.56,checkout_abandon,23,6,3,2,2.64,1
PAY_06854,686.37,gateway_timeout,59,11,3,0,4.36,0
PAY_06855,1643.3,checkout_abandon,44,3,0,1,3.98,0
PAY_06856,2528.73,mandate_expired,45,6,1,0,2.33,0
PAY_06857,913.25,insufficient_funds,42,6,2,0,2.37,0
PAY_06858,12998.91,other,42,7,1,0,16.73,0
PAY_06859,23471.66,mandate_expired,47,5,2,0,1.16,1
PAY_06860,4033.25,insufficient_funds,26,8,2,0,2.74,1
PAY_06861,2472.99,card_expired,50,7,1,0,7.39,0
PAY_06862,684.77,mandate_expired,3,5,0,0,0.92,1
PAY_06863,11736.75,gateway_timeout,40,13,2,0,10.8,1
PAY_06864,2698.23,checkout_abandon,33,7,1,1,12.89,0
PAY_06865,1872.22,card_expired,1,7,2,0,0.72,0
PAY_06866,4044.93,other,40,12,4,0,40.27,0
PAY_06867,1391.77,gateway_timeout,1,8,1,0,12.7,1
PAY_06868,2895.52,mandate_expired,43,6,2,0,0.22,0
PAY_06869,590.86,card_expired,32,4,3,0,0.3,1
PAY_06870,7414.06,other,37,8,3,0,6.53,0
PAY_06871,2252.14,insufficient_funds,37,4,1,0,4.69,1
PAY_06872,7965.28,checkout_abandon,19,8,3,1,52.17,0
PAY_06873,2044.5,other,38,8,0,0,7.83,0
PAY_06874,2181.67,insufficient_funds,14,1,1,0,12.58,0
PAY_06875,743.77,gateway_timeout,46,7,0,0,13.72,1
PAY_06876,5344.39,checkout_abandon,6,3,6,2,1.52,1
PAY_06877,1041.28,checkout_abandon,9,10,2,5,42.92,0
PAY_06878,1537.06,mandate_expired,43,5,0,0,11.58,1
PAY_06879,2502.62,insufficient_funds,4,10,2,0,15.51,0
PAY_06880,2822.19,card_expired,59,10,2,0,5.43,0
PAY_06881,453.93,gateway_timeout,2,9,5,0,6.41,1
PAY_06882,1984.73,card_expired,32,9,3,0,7.04,0
PAY_06883,5537.38,gateway_timeout,60,11,6,0,8.71,1
PAY_06884,1712.5,insufficient_funds,41,8,4,0,4.3,0
PAY_06885,1996.83,other,38,2,1,0,9.03,0
PAY_06886,2940.84,card_expired,42,12,3,0,2.55,0
PAY_06887,2204.12,gateway_timeout,43,6,2,0,5.04,1
PAY_06888,892.06,gateway_timeout,10,4,1,0,2.9,1
PAY_06889,2410.77,checkout_abandon,19,15,2,1,31.93,0
PAY_06890,6755.55,other,12,9,5,0,26.82,0
PAY_06891,873.82,gateway_timeout,13,5,3,0,11.49,1
PAY_06892,1719.11,other,13,9,3,0,0.37,0
PAY_06893,627.92,gateway_timeout,39,9,2,0,0.77,1
PAY_06894,6408.8,mandate_expired,56,9,0,0,38.82,0
PAY_06895,2279.45,gateway_timeout,34,9,1,0,5.59,1
PAY_06896,1068.32,insufficient_funds,1,6,3,0,3.23,1
PAY_06897,2741.64,other,42,2,3,0,9.06,0
PAY_06898,750.28,insufficient_funds,33,9,0,0,5.39,1
PAY_06899,889.4,other,47,4,2,0,11.5,0
PAY_06900,580.51,insufficient_funds,23,10,2,0,5.55,1
PAY_06901,860.29,gateway_timeout,26,11,1,0,7.04,1
PAY_06902,9714.58,other,40,2,4,0,17.03,0
PAY_06903,1201.02,mandate_expired,43,10,2,0,22.86,1
PAY_06904,3984.91,insufficient_funds,14,4,3,0,1.06,1
PAY_06905,1083.28,checkout_abandon,36,12,1,3,1.11,0
PAY_06906,5343.2,insufficient_funds,58,4,3,0,13.18,1
PAY_06907,896.02,other,4,10,1,0,2.62,0
PAY_06908,2600.02,insufficient_funds,20,6,1,0,2.09,0
PAY_06909,2635.68,checkout_abandon,33,12,2,4,27.73,1
PAY_06910,25638.52,insufficient_funds,56,8,3,0,14.6,1
PAY_06911,4696.02,mandate_expired,59,4,3,0,2.88,1
PAY_06912,1381.8,other,36,10,4,0,3.2,0
PAY_06913,4959.67,card_expired,33,10,1,0,13.3,0
PAY_06914,21209.84,gateway_timeout,25,8,4,0,6.7,1
PAY_06915,490.0,insufficient_funds,27,8,2,0,3.59,1
PAY_06916,1076.6,insufficient_funds,45,7,1,0,15.12,0
PAY_06917,1972.68,other,33,7,3,0,26.16,1
PAY_06918,1647.41,insufficient_funds,34,7,2,0,3.85,1
PAY_06919,1792.36,checkout_abandon,51,8,2,4,7.62,1
PAY_06920,678.45,gateway_timeout,9,10,0,0,6.01,1
PAY_06921,10178.19,other,58,6,2,0,16.8,0
PAY_06922,602.71,checkout_abandon,43,8,1,4,14.75,1
PAY_06923,2046.39,checkout_abandon,36,6,1,1,8.32,1
PAY_06924,7114.4,other,35,5,0,0,15.02,0
PAY_06925,2425.67,other,35,9,0,0,0.96,0
PAY_06926,938.85,checkout_abandon,34,5,2,2,3.95,0
PAY_06927,648.96,card_expired,22,7,1,0,17.89,0
PAY_06928,1986.34,mandate_expired,45,8,1,0,0.57,1
PAY_06929,1172.64,gateway_timeout,16,9,5,0,0.62,0
PAY_06930,3069.52,insufficient_funds,40,4,3,0,55.02,0
PAY_06931,615.6,mandate_expired,32,5,2,0,14.64,0
PAY_06932,5636.86,mandate_expired,22,3,4,0,17.1,1
PAY_06933,2806.23,insufficient_funds,49,3,0,0,5.64,1
PAY_06934,3022.63,insufficient_funds,20,8,3,0,16.17,0
PAY_06935,10563.11,mandate_expired,40,13,2,0,17.76,1
PAY_06936,1613.64,insufficient_funds,16,10,8,0,5.47,0
PAY_06937,1209.82,mandate_expired,13,11,2,0,33.36,1
PAY_06938,1445.6,mandate_expired,35,10,1,0,17.64,0
PAY_06939,2062.18,gateway_timeout,59,11,2,0,20.08,1
PAY_06940,2282.62,gateway_timeout,18,3,2,0,2.34,0
PAY_06941,1089.36,gateway_timeout,7,9,2,0,2.94,1
PAY_06942,330.62,gateway_timeout,8,9,1,0,17.51,1
PAY_06943,1426.7,checkout_abandon,30,9,0,1,0.1,0
PAY_06944,3582.7,mandate_expired,47,5,1,0,0.1,0
PAY_06945,2864.94,card_expired,43,9,2,0,25.68,0
PAY_06946,8296.6,insufficient_funds,13,6,1,0,4.7,0
PAY_06947,17668.39,mandate_expired,51,8,1,0,3.89,0
PAY_06948,5342.13,gateway_timeout,10,7,3,0,8.47,1
PAY_06949,9962.33,card_expired,34,8,3,0,3.94,1
PAY_06950,5382.03,insufficient_funds,51,8,0,0,7.12,0
PAY_06951,13821.01,checkout_abandon,49,6,2,4,27.93,0
PAY_06952,15913.13,checkout_abandon,43,5,1,5,0.48,1
PAY_06953,6471.81,gateway_timeout,20,10,1,0,7.36,1
PAY_06954,5066.6,other,46,8,1,0,3.75,1
PAY_06955,2036.15,insufficient_funds,24,6,1,0,6.12,0
PAY_06956,2398.76,insufficient_funds,22,4,5,0,3.5,0
PAY_06957,1783.28,mandate_expired,32,10,2,0,1.44,1
PAY_06958,4653.14,checkout_abandon,38,3,5,2,5.12,1
PAY_06959,1216.46,gateway_timeout,13,9,1,0,6.15,0
PAY_06960,2065.11,gateway_timeout,56,2,1,0,35.13,1
PAY_06961,237.19,insufficient_funds,53,5,2,0,15.69,0
PAY_06962,14004.53,card_expired,17,7,1,0,23.86,0
PAY_06963,2005.35,checkout_abandon,15,4,3,2,8.65,0
PAY_06964,3942.72,insufficient_funds,5,14,4,0,20.15,0
PAY_06965,10741.1,gateway_timeout,25,7,3,0,14.95,1
PAY_06966,3375.64,other,11,5,2,0,30.73,0
PAY_06967,10597.67,other,56,8,2,0,1.54,0
PAY_06968,722.2,insufficient_funds,54,10,0,0,43.48,1
PAY_06969,27485.74,mandate_expired,50,7,5,0,0.95,0
PAY_06970,7414.23,insufficient_funds,17,9,1,0,7.33,1
PAY_06971,3081.74,insufficient_funds,42,7,1,0,31.61,0
PAY_06972,10395.47,card_expired,30,5,1,0,5.43,1
PAY_06973,776.98,other,17,7,1,0,7.69,0
PAY_06974,1873.25,insufficient_funds,33,5,0,0,9.22,0
PAY_06975,10596.68,other,10,10,2,0,7.9,0
PAY_06976,386.44,mandate_expired,58,11,2,0,13.31,1
PAY_06977,4378.69,card_expired,10,8,3,0,17.29,0
PAY_06978,4256.58,card_expired,19,12,5,0,8.58,0
PAY_06979,17912.82,checkout_abandon,14,7,2,2,3.09,0
PAY_06980,513.42,other,32,6,2,0,4.53,0
PAY_06981,12502.41,insufficient_funds,41,8,1,0,18.08,1
PAY_06982,1428.78,checkout_abandon,58,9,1,5,20.13,1
PAY_06983,1598.84,gateway_timeout,24,4,1,0,22.45,1
PAY_06984,736.6,card_expired,13,5,1,0,1.05,0
PAY_06985,842.35,insufficient_funds,2,5,2,0,6.05,0
PAY_06986,3742.72,gateway_timeout,36,12,3,0,4.43,1
PAY_06987,821.98,card_expired,59,4,2,0,3.39,0
PAY_06988,5241.33,gateway_timeout,4,7,1,0,21.76,1
PAY_06989,1288.3,insufficient_funds,60,6,3,0,21.48,1
PAY_06990,743.23,gateway_timeout,16,10,1,0,5.59,0
PAY_06991,1474.74,mandate_expired,55,7,1,0,12.39,1
PAY_06992,3500.82,gateway_timeout,5,10,2,0,3.78,1
PAY_06993,1894.47,gateway_timeout,54,8,3,0,17.25,0
PAY_06994,2587.01,checkout_abandon,20,9,0,2,0.66,0
PAY_06995,5015.32,other,17,3,4,0,8.26,0
PAY_06996,7379.55,card_expired,13,5,2,0,11.83,0
PAY_06997,1833.44,insufficient_funds,9,7,2,0,8.8,1
PAY_06998,879.91,other,48,5,0,0,5.57,0
PAY_06999,2697.66,card_expired,5,8,6,0,0.33,0
PAY_07000,4002.58,mandate_expired,28,9,4,0,4.8,0
PAY_07001,580.17,checkout_abandon,57,7,2,3,6.4,1
PAY_07002,1026.02,insufficient_funds,25,6,2,0,52.74,1
PAY_07003,1217.87,mandate_expired,50,9,0,0,20.05,1
PAY_07004,2030.88,checkout_abandon,42,15,2,1,16.31,0
PAY_07005,1167.96,gateway_timeout,48,8,5,0,14.14,1
PAY_07006,5069.95,insufficient_funds,57,5,1,0,0.62,0
PAY_07007,502.16,insufficient_funds,6,8,0,0,16.69,1
PAY_07008,515.08,checkout_abandon,19,9,2,1,4.66,1
PAY_07009,1790.33,insufficient_funds,20,11,1,0,0.25,1
PAY_07010,2097.27,mandate_expired,5,7,1,0,9.06,0
PAY_07011,583.71,card_expired,7,9,3,0,9.56,0
PAY_07012,1362.8,gateway_timeout,7,4,4,0,7.09,1
PAY_07013,1674.05,insufficient_funds,57,4,1,0,14.98,1
PAY_07014,1687.07,insufficient_funds,52,10,2,0,7.85,1
PAY_07015,2910.06,gateway_timeout,36,4,2,0,1.14,0
PAY_07016,1290.09,card_expired,51,9,1,0,26.96,0
PAY_07017,10958.63,mandate_expired,21,9,2,0,24.83,1
PAY_07018,4073.47,card_expired,29,9,2,0,3.76,0
PAY_07019,1115.36,other,54,6,1,0,12.52,0
PAY_07020,2747.8,insufficient_funds,9,8,2,0,26.67,0
PAY_07021,2830.08,mandate_expired,9,6,3,0,14.27,1
PAY_07022,8423.39,checkout_abandon,32,10,3,4,8.01,1
PAY_07023,1371.5,checkout_abandon,16,7,3,5,5.15,0
PAY_07024,5385.07,gateway_timeout,41,9,5,0,72.0,1
PAY_07025,2606.86,gateway_timeout,39,13,4,0,4.95,1
PAY_07026,11110.13,mandate_expired,20,9,6,0,30.46,1
PAY_07027,9090.07,checkout_abandon,7,4,2,4,21.87,0
PAY_07028,3044.3,gateway_timeout,5,15,1,0,4.25,0
PAY_07029,1923.23,insufficient_funds,27,4,1,0,0.45,0
PAY_07030,4149.12,checkout_abandon,20,6,0,2,3.85,1
PAY_07031,2087.24,mandate_expired,3,6,1,0,28.89,1
PAY_07032,13418.01,checkout_abandon,42,12,1,4,2.59,1
PAY_07033,2704.08,insufficient_funds,58,12,1,0,13.78,1
PAY_07034,1666.37,gateway_timeout,59,11,3,0,24.02,1
PAY_07035,1578.82,card_expired,8,6,2,0,4.06,0
PAY_07036,743.23,mandate_expired,12,9,1,0,10.52,1
PAY_07037,4361.65,insufficient_funds,26,4,1,0,0.1,1
PAY_07038,1101.07,checkout_abandon,55,4,1,2,27.54,0
PAY_07039,7496.52,gateway_timeout,35,13,4,0,30.96,0
PAY_07040,686.16,mandate_expired,28,9,2,0,17.31,0
PAY_07041,2839.23,insufficient_funds,56,4,0,0,13.51,1
PAY_07042,7897.25,checkout_abandon,40,9,1,3,34.05,0
PAY_07043,290.56,other,60,7,3,0,4.98,0
PAY_07044,18813.15,gateway_timeout,52,12,3,0,21.63,1
PAY_07045,1633.96,gateway_timeout,60,7,1,0,3.6,1
PAY_07046,2878.84,insufficient_funds,34,9,3,0,2.85,0
PAY_07047,4427.08,insufficient_funds,23,3,1,0,18.84,1
PAY_07048,5167.66,other,4,9,2,0,24.28,0
PAY_07049,3287.66,other,44,7,1,0,58.02,0
PAY_07050,6777.95,insufficient_funds,16,7,1,0,0.97,0
PAY_07051,4201.16,other,1,11,2,0,3.32,0
PAY_07052,14543.9,insufficient_funds,49,8,3,0,2.16,0
PAY_07053,4214.87,checkout_abandon,26,6,3,4,6.21,1
PAY_07054,17830.78,mandate_expired,34,4,1,0,11.51,0
PAY_07055,6155.65,gateway_timeout,48,9,1,0,12.3,1
PAY_07056,410.88,checkout_abandon,20,7,4,3,15.86,1
PAY_07057,34035.14,checkout_abandon,50,3,2,3,0.48,0
PAY_07058,1407.69,insufficient_funds,35,12,1,0,56.79,1
PAY_07059,11154.41,other,35,8,3,0,7.61,1
PAY_07060,2567.89,insufficient_funds,17,9,2,0,24.11,1
PAY_07061,7223.8,insufficient_funds,48,5,0,0,27.66,1
PAY_07062,1255.85,other,15,9,1,0,9.07,0
PAY_07063,4674.09,gateway_timeout,38,13,3,0,48.52,1
PAY_07064,1940.8,gateway_timeout,50,5,3,0,8.52,0
PAY_07065,12125.3,gateway_timeout,7,10,2,0,39.0,0
PAY_07066,3876.6,insufficient_funds,25,5,0,0,2.34,1
PAY_07067,6374.04,gateway_timeout,41,3,3,0,19.82,1
PAY_07068,287.14,gateway_timeout,17,12,0,0,5.23,1
PAY_07069,2294.97,checkout_abandon,2,8,2,2,4.61,0
PAY_07070,3769.12,checkout_abandon,25,7,1,1,13.59,1
PAY_07071,3126.47,other,30,7,1,0,9.9,0
PAY_07072,6536.8,other,56,11,3,0,9.95,0
PAY_07073,1733.92,gateway_timeout,49,7,1,0,11.1,1
PAY_07074,2624.99,other,11,13,1,0,0.28,0
PAY_07075,8145.92,card_expired,17,8,2,0,16.71,0
PAY_07076,256.05,other,12,6,1,0,7.15,0
PAY_07077,4507.04,mandate_expired,55,5,2,0,4.31,0
PAY_07078,1790.34,insufficient_funds,22,8,1,0,17.68,1
PAY_07079,1003.98,insufficient_funds,54,11,0,0,14.25,1
PAY_07080,3500.25,other,4,9,0,0,5.39,0
PAY_07081,8531.3,checkout_abandon,34,7,3,3,18.16,1
PAY_07082,7066.99,other,5,4,1,0,16.26,0
PAY_07083,2184.04,mandate_expired,34,6,3,0,1.9,0
PAY_07084,6001.63,insufficient_funds,1,7,0,0,3.95,0
PAY_07085,5955.76,gateway_timeout,10,13,4,0,39.05,1
PAY_07086,2290.84,other,9,7,1,0,24.17,0
PAY_07087,1250.08,insufficient_funds,43,5,2,0,1.38,1
PAY_07088,1324.53,mandate_expired,39,5,1,0,4.63,1
PAY_07089,5778.5,other,34,3,6,0,38.26,1
PAY_07090,2396.82,insufficient_funds,12,5,3,0,13.91,0
PAY_07091,878.19,gateway_timeout,16,6,1,0,14.14,1
PAY_07092,463.67,checkout_abandon,23,11,3,4,7.17,1
PAY_07093,5743.81,card_expired,59,3,2,0,25.25,0
PAY_07094,1447.03,checkout_abandon,43,9,2,4,5.11,0
PAY_07095,3478.77,insufficient_funds,2,12,2,0,11.13,1
PAY_07096,8636.5,insufficient_funds,2,9,0,0,15.61,0
PAY_07097,675.28,gateway_timeout,21,9,1,0,20.85,1
PAY_07098,2389.67,gateway_timeout,13,11,2,0,4.86,1
PAY_07099,2107.7,insufficient_funds,25,11,2,0,15.37,1
PAY_07100,3654.77,card_expired,60,7,1,0,5.81,0
PAY_07101,8631.78,insufficient_funds,12,5,2,0,10.14,1
PAY_07102,661.56,card_expired,36,8,1,0,9.91,0
PAY_07103,4419.77,other,29,9,1,0,5.1,0
PAY_07104,7013.34,mandate_expired,40,11,3,0,7.64,1
PAY_07105,2074.9,checkout_abandon,33,6,1,2,0.23,0
PAY_07106,2178.95,insufficient_funds,31,10,6,0,11.54,0
PAY_07107,3799.01,checkout_abandon,17,10,2,5,22.15,1
PAY_07108,3529.33,gateway_timeout,58,4,2,0,1.48,1
PAY_07109,4475.61,insufficient_funds,17,5,1,0,29.28,1
PAY_07110,4382.29,checkout_abandon,9,8,2,3,5.83,0
PAY_07111,936.43,insufficient_funds,6,12,0,0,14.0,1
PAY_07112,6729.88,gateway_timeout,5,11,2,0,3.69,1
PAY_07113,8029.11,mandate_expired,22,3,3,0,18.58,1
PAY_07114,3011.31,checkout_abandon,49,6,3,5,24.58,1
PAY_07115,561.1,insufficient_funds,10,13,2,0,18.24,1
PAY_07116,2228.98,insufficient_funds,1,8,1,0,5.42,1
PAY_07117,3036.47,gateway_timeout,32,13,3,0,33.9,1
PAY_07118,795.88,checkout_abandon,34,10,2,2,38.55,0
PAY_07119,1743.95,checkout_abandon,34,6,1,2,0.1,0
PAY_07120,610.74,insufficient_funds,1,9,2,0,3.14,0
PAY_07121,4588.64,checkout_abandon,13,5,2,5,33.29,1
PAY_07122,2951.3,other,21,8,4,0,2.01,1
PAY_07123,482.15,checkout_abandon,45,16,0,4,0.78,0
PAY_07124,3552.87,checkout_abandon,40,8,2,3,17.94,1
PAY_07125,2362.65,checkout_abandon,49,7,0,1,5.43,1
PAY_07126,4190.02,other,33,10,0,0,1.22,0
PAY_07127,1690.05,other,25,8,2,0,12.43,0
PAY_07128,1121.66,insufficient_funds,34,7,3,0,14.48,0
PAY_07129,1156.56,insufficient_funds,24,7,6,0,34.35,0
PAY_07130,1459.54,insufficient_funds,10,10,3,0,5.28,1
PAY_07131,2547.51,card_expired,35,13,3,0,21.56,0
PAY_07132,2898.66,insufficient_funds,18,11,2,0,44.44,1
PAY_07133,2065.91,other,16,8,1,0,17.81,0
PAY_07134,1637.17,insufficient_funds,43,7,2,0,8.05,1
PAY_07135,1759.25,checkout_abandon,4,9,2,4,33.7,0
PAY_07136,30692.41,gateway_timeout,2,9,3,0,0.1,1
PAY_07137,1156.69,checkout_abandon,22,11,2,5,0.55,0
PAY_07138,1430.92,gateway_timeout,36,7,4,0,4.51,1
PAY_07139,67366.3,mandate_expired,51,7,1,0,18.11,0
PAY_07140,3808.76,checkout_abandon,32,3,3,2,7.59,1
PAY_07141,628.96,gateway_timeout,16,10,1,0,4.42,1
PAY_07142,5806.5,mandate_expired,21,8,2,0,10.59,1
PAY_07143,1006.27,other,23,6,2,0,1.19,0
PAY_07144,6204.98,card_expired,21,7,2,0,7.41,0
PAY_07145,2024.51,mandate_expired,41,5,2,0,5.14,0
PAY_07146,1610.42,checkout_abandon,48,5,2,5,12.89,0
PAY_07147,12496.59,other,43,9,2,0,11.47,0
PAY_07148,4404.79,checkout_abandon,23,3,1,3,9.33,1
PAY_07149,6614.61,other,18,13,1,0,9.78,0
PAY_07150,3862.1,card_expired,5,6,2,0,16.72,1
PAY_07151,1602.95,insufficient_funds,48,7,1,0,11.13,0
PAY_07152,4607.31,insufficient_funds,58,6,3,0,9.45,0
PAY_07153,8377.14,mandate_expired,4,6,1,0,2.26,1
PAY_07154,2860.59,mandate_expired,8,13,0,0,14.06,0
PAY_07155,15148.98,checkout_abandon,13,8,2,2,0.37,0
PAY_07156,5851.97,other,48,12,2,0,1.03,0
PAY_07157,3090.32,checkout_abandon,13,5,5,4,6.42,0
PAY_07158,3214.84,gateway_timeout,1,9,1,0,1.48,1
PAY_07159,2867.75,checkout_abandon,21,6,3,5,8.0,1
PAY_07160,715.38,insufficient_funds,22,7,5,0,30.5,0
PAY_07161,2284.66,checkout_abandon,24,5,4,5,0.85,0
PAY_07162,3118.89,other,31,7,2,0,14.67,0
PAY_07163,1649.06,insufficient_funds,15,7,1,0,11.34,1
PAY_07164,3504.22,card_expired,2,13,4,0,17.58,0
PAY_07165,2553.84,card_expired,7,3,2,0,0.1,0
PAY_07166,5419.39,insufficient_funds,45,8,2,0,9.29,1
PAY_07167,4852.06,card_expired,40,11,3,0,0.65,0
PAY_07168,2954.84,card_expired,16,6,3,0,1.5,0
PAY_07169,637.04,checkout_abandon,57,10,4,1,3.78,0
PAY_07170,14984.46,insufficient_funds,33,12,4,0,3.46,1
PAY_07171,2169.29,gateway_timeout,48,7,1,0,3.33,1
PAY_07172,2305.75,checkout_abandon,48,2,2,3,0.44,0
PAY_07173,1774.95,insufficient_funds,19,6,1,0,0.84,1
PAY_07174,1534.0,gateway_timeout,36,8,1,0,48.0,0
PAY_07175,11708.89,other,36,8,1,0,10.52,0
PAY_07176,9997.5,mandate_expired,28,5,1,0,0.51,0
PAY_07177,3898.86,mandate_expired,39,10,3,0,0.49,1
PAY_07178,2245.19,other,21,7,1,0,18.66,1
PAY_07179,4643.22,insufficient_funds,6,8,1,0,3.54,0
PAY_07180,2691.47,insufficient_funds,3,5,0,0,0.73,1
PAY_07181,2066.94,mandate_expired,27,8,1,0,39.46,1
PAY_07182,3505.72,gateway_timeout,55,3,0,0,2.3,1
PAY_07183,1608.23,insufficient_funds,13,7,2,0,0.75,0
PAY_07184,3217.34,card_expired,36,6,2,0,1.65,0
PAY_07185,3066.42,insufficient_funds,10,7,5,0,1.14,1
PAY_07186,4568.69,checkout_abandon,38,12,4,2,11.79,0
PAY_07187,1346.02,checkout_abandon,12,11,2,1,3.23,0
PAY_07188,5085.67,mandate_expired,27,5,1,0,0.65,1
PAY_07189,1010.03,gateway_timeout,49,10,1,0,2.1,1
PAY_07190,1410.19,insufficient_funds,23,10,0,0,3.25,1
PAY_07191,1473.1,other,57,8,2,0,12.29,0
PAY_07192,855.76,other,3,6,2,0,8.66,1
PAY_07193,6902.98,checkout_abandon,6,6,0,5,0.17,1
PAY_07194,948.61,insufficient_funds,11,10,1,0,11.11,1
PAY_07195,1242.81,checkout_abandon,15,6,2,1,8.98,0
PAY_07196,8773.17,gateway_timeout,26,8,0,0,7.22,1
PAY_07197,1412.99,insufficient_funds,55,14,3,0,2.81,1
PAY_07198,2071.24,insufficient_funds,15,6,4,0,15.02,0
PAY_07199,908.7,insufficient_funds,22,5,3,0,4.23,1
PAY_07200,5750.24,gateway_timeout,3,5,1,0,30.68,1
PAY_07201,5830.06,gateway_timeout,43,5,0,0,5.59,1
PAY_07202,5234.32,card_expired,33,8,2,0,19.91,1
PAY_07203,4279.43,checkout_abandon,3,7,0,4,2.8,0
PAY_07204,2690.91,gateway_timeout,28,7,0,0,20.56,1
PAY_07205,1479.81,insufficient_funds,14,12,4,0,26.71,0
PAY_07206,1106.63,other,26,5,1,0,47.2,0
PAY_07207,9081.11,insufficient_funds,18,8,0,0,3.28,1
PAY_07208,5371.43,insufficient_funds,48,7,4,0,0.87,1
PAY_07209,1249.8,checkout_abandon,4,5,2,3,9.75,1
PAY_07210,2601.59,mandate_expired,36,9,3,0,23.19,0
PAY_07211,1851.83,card_expired,48,12,3,0,2.02,0
PAY_07212,809.03,gateway_timeout,1,3,0,0,39.03,1
PAY_07213,2986.02,gateway_timeout,55,8,3,0,13.85,1
PAY_07214,1650.04,gateway_timeout,46,1,1,0,3.64,1
PAY_07215,964.4,checkout_abandon,17,4,2,1,22.91,1
PAY_07216,569.59,gateway_timeout,29,2,3,0,19.72,1
PAY_07217,523.35,gateway_timeout,41,9,4,0,14.14,0
PAY_07218,1724.37,insufficient_funds,32,10,4,0,0.36,0
PAY_07219,2296.06,other,46,8,5,0,21.61,0
PAY_07220,1041.84,insufficient_funds,54,15,0,0,31.76,0
PAY_07221,4792.39,gateway_timeout,22,8,2,0,2.89,1
PAY_07222,2341.39,other,7,7,2,0,1.63,0
PAY_07223,4451.21,mandate_expired,26,5,0,0,17.81,0
PAY_07224,2082.11,checkout_abandon,36,11,0,1,1.5,0
PAY_07225,1137.89,mandate_expired,47,7,4,0,25.83,0
PAY_07226,2802.21,insufficient_funds,17,13,4,0,35.87,0
PAY_07227,707.24,card_expired,56,14,1,0,11.29,0
PAY_07228,4287.61,gateway_timeout,3,6,1,0,1.83,1
PAY_07229,979.36,other,35,10,1,0,17.19,0
PAY_07230,6262.15,insufficient_funds,27,11,1,0,23.7,1
PAY_07231,1782.18,checkout_abandon,42,11,1,5,1.88,1
PAY_07232,7234.23,checkout_abandon,18,10,2,1,5.42,0
PAY_07233,813.56,insufficient_funds,56,7,2,0,1.9,1
PAY_07234,1269.37,gateway_timeout,1,8,2,0,42.1,0
PAY_07235,3659.13,card_expired,49,14,0,0,17.86,1
PAY_07236,8058.99,insufficient_funds,30,9,1,0,19.07,0
PAY_07237,13235.46,other,31,7,2,0,4.57,0
PAY_07238,2605.58,gateway_timeout,19,8,1,0,2.67,0
PAY_07239,15705.9,checkout_abandon,24,9,1,2,27.28,0
PAY_07240,1871.29,checkout_abandon,27,8,0,1,1.52,0
PAY_07241,7501.17,checkout_abandon,19,10,3,5,13.84,1
PAY_07242,974.44,mandate_expired,1,14,1,0,51.09,0
PAY_07243,3805.67,mandate_expired,25,11,0,0,0.48,0
PAY_07244,240.41,checkout_abandon,25,10,1,2,21.81,0
PAY_07245,814.4,checkout_abandon,44,5,1,3,4.2,0
PAY_07246,3986.71,checkout_abandon,29,5,1,5,3.73,1
PAY_07247,672.91,gateway_timeout,33,7,2,0,18.22,1
PAY_07248,3831.44,insufficient_funds,28,8,2,0,50.77,1
PAY_07249,6188.85,insufficient_funds,26,9,2,0,3.68,1
PAY_07250,1514.33,checkout_abandon,44,11,1,5,17.41,0
PAY_07251,948.7,other,41,6,4,0,11.73,0
PAY_07252,1555.98,insufficient_funds,60,8,3,0,9.03,0
PAY_07253,951.68,checkout_abandon,30,4,1,2,33.15,0
PAY_07254,2259.35,gateway_timeout,2,5,1,0,11.49,0
PAY_07255,2768.71,checkout_abandon,36,9,2,1,57.29,0
PAY_07256,1840.95,mandate_expired,24,3,4,0,9.66,1
PAY_07257,13338.44,mandate_expired,6,5,8,0,41.16,0
PAY_07258,1217.61,mandate_expired,52,8,2,0,26.25,1
PAY_07259,10051.52,card_expired,38,5,3,0,19.62,0
PAY_07260,882.54,insufficient_funds,38,8,4,0,20.4,0
PAY_07261,2688.73,checkout_abandon,39,6,2,1,1.34,0
PAY_07262,8161.24,gateway_timeout,60,7,2,0,5.16,1
PAY_07263,7749.65,other,42,5,4,0,18.36,0
PAY_07264,1642.19,card_expired,43,10,4,0,11.28,0
PAY_07265,4355.16,insufficient_funds,46,4,1,0,1.6,1
PAY_07266,3809.39,insufficient_funds,44,6,3,0,39.87,1
PAY_07267,1456.96,checkout_abandon,43,5,3,4,15.3,1
PAY_07268,4628.54,other,5,6,2,0,8.14,0
PAY_07269,16099.41,insufficient_funds,25,4,3,0,13.57,1
PAY_07270,4006.79,checkout_abandon,17,9,4,1,7.61,0
PAY_07271,4404.59,gateway_timeout,54,12,1,0,13.62,1
PAY_07272,4896.13,mandate_expired,36,7,4,0,12.96,1
PAY_07273,580.02,mandate_expired,31,13,3,0,29.19,1
PAY_07274,3961.07,insufficient_funds,32,10,0,0,6.85,1
PAY_07275,904.41,card_expired,41,6,1,0,20.32,1
PAY_07276,1385.97,insufficient_funds,46,10,2,0,4.91,1
PAY_07277,21719.98,card_expired,13,15,1,0,30.01,0
PAY_07278,1940.66,insufficient_funds,60,9,6,0,18.94,1
PAY_07279,1192.58,checkout_abandon,46,6,0,1,43.38,1
PAY_07280,7915.9,gateway_timeout,13,7,1,0,19.85,0
PAY_07281,969.1,checkout_abandon,37,11,1,1,2.69,0
PAY_07282,1598.19,gateway_timeout,26,8,1,0,23.13,0
PAY_07283,8717.59,checkout_abandon,23,7,1,5,0.4,1
PAY_07284,2609.24,insufficient_funds,53,4,1,0,5.73,1
PAY_07285,524.5,gateway_timeout,18,5,2,0,50.93,1
PAY_07286,4307.17,card_expired,51,8,3,0,5.29,0
PAY_07287,1681.73,checkout_abandon,39,2,0,4,3.06,1
PAY_07288,11659.74,checkout_abandon,50,8,2,4,21.14,0
PAY_07289,1363.57,checkout_abandon,45,16,0,4,10.49,1
PAY_07290,7152.89,gateway_timeout,38,7,2,0,10.08,1
PAY_07291,14761.0,card_expired,12,5,2,0,4.9,0
PAY_07292,1067.53,gateway_timeout,60,8,4,0,8.51,1
PAY_07293,2060.77,other,39,9,3,0,32.03,0
PAY_07294,3687.38,other,22,11,0,0,5.35,0
PAY_07295,1060.72,gateway_timeout,16,11,4,0,3.59,1
PAY_07296,3275.88,gateway_timeout,7,9,0,0,15.04,0
PAY_07297,1996.45,mandate_expired,19,8,0,0,5.77,1
PAY_07298,1956.63,card_expired,8,9,1,0,10.29,1
PAY_07299,2625.39,insufficient_funds,54,6,0,0,27.94,1
PAY_07300,2684.66,insufficient_funds,27,8,0,0,23.1,1
PAY_07301,2945.18,insufficient_funds,38,11,4,0,13.07,1
PAY_07302,1373.64,card_expired,49,6,2,0,0.93,1
PAY_07303,1434.93,mandate_expired,58,7,1,0,15.65,1
PAY_07304,2220.44,insufficient_funds,28,11,3,0,4.78,0
PAY_07305,2390.57,checkout_abandon,4,14,0,3,10.12,1
PAY_07306,1611.94,card_expired,37,9,2,0,4.54,0
PAY_07307,3456.41,other,57,14,3,0,2.22,1
PAY_07308,407.19,insufficient_funds,22,7,2,0,3.05,0
PAY_07309,1204.21,gateway_timeout,7,8,4,0,4.46,1
PAY_07310,1889.6,gateway_timeout,43,7,2,0,17.8,1
PAY_07311,1062.02,checkout_abandon,38,9,2,2,3.7,1
PAY_07312,12749.46,insufficient_funds,10,5,3,0,4.63,0
PAY_07313,2547.6,insufficient_funds,1,5,3,0,8.27,1
PAY_07314,2983.39,card_expired,32,9,0,0,3.51,0
PAY_07315,1541.97,checkout_abandon,9,6,2,3,19.17,0
PAY_07316,2460.86,insufficient_funds,12,13,1,0,3.04,1
PAY_07317,741.59,gateway_timeout,19,8,1,0,2.45,1
PAY_07318,2109.55,insufficient_funds,29,9,1,0,2.57,1
PAY_07319,979.5,gateway_timeout,50,6,0,0,17.74,1
PAY_07320,1894.37,gateway_timeout,26,11,2,0,8.89,1
PAY_07321,193.28,insufficient_funds,51,5,1,0,3.69,0
PAY_07322,809.2,insufficient_funds,37,11,1,0,25.72,1
PAY_07323,10807.25,other,24,7,2,0,18.82,1
PAY_07324,5735.58,other,31,9,0,0,22.55,1
PAY_07325,9349.57,insufficient_funds,9,8,1,0,8.05,1
PAY_07326,10014.28,mandate_expired,59,7,3,0,5.64,1
PAY_07327,4900.21,insufficient_funds,19,9,4,0,12.0,1
PAY_07328,1589.5,card_expired,55,5,2,0,6.7,0
PAY_07329,886.07,other,39,8,0,0,16.8,0
PAY_07330,7869.82,checkout_abandon,18,7,0,3,5.83,0
PAY_07331,2666.75,checkout_abandon,30,10,1,3,6.3,0
PAY_07332,30274.74,gateway_timeout,8,12,0,0,21.93,1
PAY_07333,1735.32,insufficient_funds,37,12,2,0,23.42,1
PAY_07334,17978.68,checkout_abandon,4,8,2,3,3.05,1
PAY_07335,2137.21,insufficient_funds,39,7,2,0,12.93,0
PAY_07336,9509.96,mandate_expired,12,9,1,0,3.36,0
PAY_07337,13639.67,checkout_abandon,8,6,1,1,1.31,0
PAY_07338,898.83,insufficient_funds,14,9,4,0,2.24,1
PAY_07339,1539.25,checkout_abandon,6,14,1,3,1.17,1
PAY_07340,889.86,card_expired,54,6,3,0,4.93,0
PAY_07341,730.77,checkout_abandon,57,6,4,2,8.08,0
PAY_07342,4871.28,checkout_abandon,56,9,1,3,32.73,0
PAY_07343,2053.74,card_expired,44,5,1,0,7.96,1
PAY_07344,2634.4,insufficient_funds,14,8,0,0,8.58,1
PAY_07345,4360.25,checkout_abandon,46,5,3,3,0.65,1
PAY_07346,390.2,gateway_timeout,46,8,4,0,19.35,1
PAY_07347,9052.64,insufficient_funds,15,5,0,0,4.2,1
PAY_07348,1763.32,other,51,9,1,0,4.09,0
PAY_07349,4257.54,gateway_timeout,60,10,4,0,15.66,1
PAY_07350,4650.63,gateway_timeout,23,12,4,0,33.35,1
PAY_07351,9846.22,insufficient_funds,36,13,3,0,0.98,1
PAY_07352,2251.13,other,53,9,0,0,11.31,0
PAY_07353,298.99,card_expired,16,5,2,0,11.05,0
PAY_07354,2646.98,insufficient_funds,60,4,1,0,0.87,1
PAY_07355,3055.67,checkout_abandon,19,7,0,3,19.77,0
PAY_07356,888.72,insufficient_funds,59,7,4,0,0.92,1
PAY_07357,2897.31,mandate_expired,15,5,8,0,18.78,0
PAY_07358,1742.42,checkout_abandon,45,10,1,4,8.19,1
PAY_07359,652.81,insufficient_funds,32,5,2,0,9.04,1
PAY_07360,4892.85,checkout_abandon,23,4,1,3,46.38,0
PAY_07361,1422.71,other,27,8,0,0,2.76,0
PAY_07362,1665.14,gateway_timeout,14,8,2,0,5.11,1
PAY_07363,1574.14,insufficient_funds,41,8,4,0,13.93,1
PAY_07364,8600.06,other,60,4,2,0,8.93,0
PAY_07365,2399.77,insufficient_funds,36,9,5,0,30.07,1
PAY_07366,2705.78,checkout_abandon,17,6,4,5,21.39,1
PAY_07367,1609.07,checkout_abandon,41,12,2,2,11.73,0
PAY_07368,3971.55,insufficient_funds,27,5,2,0,5.85,1
PAY_07369,9636.99,insufficient_funds,56,10,3,0,12.09,0
PAY_07370,4778.62,insufficient_funds,16,5,0,0,13.24,1
PAY_07371,4968.7,insufficient_funds,32,8,3,0,1.52,0
PAY_07372,4583.77,checkout_abandon,30,4,5,1,3.46,0
PAY_07373,628.79,card_expired,54,10,2,0,9.11,0
PAY_07374,1040.99,insufficient_funds,7,4,2,0,63.45,1
PAY_07375,2036.64,mandate_expired,38,15,3,0,7.18,0
PAY_07376,1209.77,gateway_timeout,49,14,3,0,39.37,0
PAY_07377,862.22,insufficient_funds,22,5,2,0,38.57,1
PAY_07378,384.47,checkout_abandon,31,9,2,4,0.38,1
PAY_07379,650.35,gateway_timeout,18,6,2,0,1.13,1
PAY_07380,1934.34,checkout_abandon,26,7,1,5,12.47,0
PAY_07381,2332.32,gateway_timeout,58,7,3,0,18.74,1
PAY_07382,1131.15,mandate_expired,22,6,1,0,4.32,1
PAY_07383,2705.31,other,13,9,4,0,0.58,0
PAY_07384,1620.05,insufficient_funds,35,3,2,0,9.08,1
PAY_07385,7439.95,other,29,5,3,0,14.45,1
PAY_07386,2126.9,insufficient_funds,47,9,1,0,24.64,1
PAY_07387,5015.94,insufficient_funds,3,5,3,0,10.08,0
PAY_07388,3063.34,insufficient_funds,55,6,2,0,13.96,0
PAY_07389,615.22,card_expired,43,5,3,0,9.4,0
PAY_07390,2283.32,mandate_expired,51,5,1,0,43.09,1
PAY_07391,726.63,other,25,10,0,0,19.51,0
PAY_07392,2243.8,mandate_expired,27,10,1,0,0.1,1
PAY_07393,1186.68,gateway_timeout,21,8,1,0,34.68,1
PAY_07394,3662.89,other,51,8,1,0,7.81,0
PAY_07395,653.07,other,5,8,2,0,24.34,0
PAY_07396,2537.03,card_expired,32,8,5,0,8.47,0
PAY_07397,4431.36,checkout_abandon,16,2,4,4,12.65,0
PAY_07398,6195.89,card_expired,39,6,3,0,0.24,1
PAY_07399,1164.3,insufficient_funds,58,5,1,0,21.02,1
PAY_07400,2544.77,other,41,10,1,0,30.47,0
PAY_07401,3005.48,other,3,7,2,0,6.84,0
PAY_07402,11744.88,mandate_expired,24,9,3,0,0.17,1
PAY_07403,568.34,insufficient_funds,2,7,1,0,3.26,1
PAY_07404,1005.2,insufficient_funds,30,9,1,0,34.95,0
PAY_07405,41295.49,other,11,10,2,0,24.34,0
PAY_07406,1902.55,other,42,13,2,0,10.53,0
PAY_07407,377.3,mandate_expired,33,8,0,0,6.03,0
PAY_07408,1396.18,other,19,9,3,0,0.37,0
PAY_07409,156.83,checkout_abandon,52,7,1,1,29.13,1
PAY_07410,3181.05,other,45,10,4,0,4.06,0
PAY_07411,5618.56,insufficient_funds,38,9,1,0,7.72,0
PAY_07412,1004.64,insufficient_funds,22,9,0,0,19.68,1
PAY_07413,1561.37,checkout_abandon,17,9,2,5,72.0,0
PAY_07414,6296.19,gateway_timeout,36,10,6,0,2.1,1
PAY_07415,434.34,gateway_timeout,48,7,1,0,3.03,0
PAY_07416,666.79,card_expired,51,6,3,0,6.55,0
PAY_07417,1990.08,insufficient_funds,47,7,2,0,14.92,1
PAY_07418,1178.16,mandate_expired,2,11,3,0,3.0,0
PAY_07419,1863.44,insufficient_funds,60,9,4,0,3.05,0
PAY_07420,706.48,card_expired,15,9,1,0,4.95,0
PAY_07421,3097.53,insufficient_funds,1,10,3,0,30.31,0
PAY_07422,2153.42,mandate_expired,34,8,1,0,2.98,1
PAY_07423,4329.63,checkout_abandon,28,11,4,4,5.33,0
PAY_07424,3054.73,gateway_timeout,7,7,1,0,2.17,1
PAY_07425,3074.0,gateway_timeout,13,11,0,0,13.0,1
PAY_07426,588.6,insufficient_funds,13,16,1,0,0.29,1
PAY_07427,4091.38,gateway_timeout,27,9,1,0,5.49,0
PAY_07428,1795.75,insufficient_funds,45,11,2,0,6.47,1
PAY_07429,2116.35,insufficient_funds,41,9,3,0,2.12,0
PAY_07430,7131.74,mandate_expired,2,3,1,0,25.44,0
PAY_07431,1217.57,insufficient_funds,11,5,0,0,9.54,1
PAY_07432,9654.99,insufficient_funds,37,6,0,0,3.05,0
PAY_07433,10599.07,gateway_timeout,49,6,0,0,2.87,0
PAY_07434,5307.26,checkout_abandon,3,8,4,2,1.79,0
PAY_07435,937.7,checkout_abandon,21,11,0,1,7.79,0
PAY_07436,280.83,mandate_expired,7,12,1,0,13.4,0
PAY_07437,7353.13,checkout_abandon,30,10,2,5,2.31,1
PAY_07438,2794.56,checkout_abandon,24,5,0,5,21.9,0
PAY_07439,1186.6,gateway_timeout,11,4,4,0,0.26,1
PAY_07440,8083.73,gateway_timeout,58,6,2,0,6.26,1
PAY_07441,1056.26,mandate_expired,46,7,2,0,0.1,1
PAY_07442,1635.81,gateway_timeout,33,7,3,0,0.79,1
PAY_07443,4225.68,card_expired,46,6,1,0,19.13,0
PAY_07444,820.93,checkout_abandon,19,2,3,1,20.14,0
PAY_07445,2240.75,mandate_expired,57,5,0,0,7.38,1
PAY_07446,7429.27,checkout_abandon,25,11,3,4,24.73,0
PAY_07447,3087.62,other,24,9,1,0,1.43,0
PAY_07448,8703.43,gateway_timeout,35,11,1,0,0.45,1
PAY_07449,7767.07,gateway_timeout,35,5,3,0,28.72,1
PAY_07450,2519.42,other,38,6,3,0,10.16,1
PAY_07451,241.61,checkout_abandon,50,14,1,3,16.17,1
PAY_07452,827.39,gateway_timeout,17,8,4,0,1.82,1
PAY_07453,5363.54,gateway_timeout,43,8,1,0,68.75,1
PAY_07454,530.49,insufficient_funds,12,3,2,0,8.35,1
PAY_07455,1803.26,card_expired,15,10,1,0,5.52,0
PAY_07456,3507.04,gateway_timeout,30,6,3,0,3.03,1
PAY_07457,10868.42,insufficient_funds,32,6,2,0,3.48,1
PAY_07458,1406.73,insufficient_funds,39,3,4,0,19.09,0
PAY_07459,1313.64,other,9,7,3,0,0.28,0
PAY_07460,2372.26,checkout_abandon,49,5,4,5,0.8,1
PAY_07461,3550.91,checkout_abandon,34,7,3,1,3.42,0
PAY_07462,2142.65,other,36,5,3,0,10.54,1
PAY_07463,7138.9,gateway_timeout,45,9,2,0,0.12,1
PAY_07464,1124.28,card_expired,42,7,3,0,12.93,1
PAY_07465,2819.2,mandate_expired,26,8,0,0,2.23,1
PAY_07466,3902.06,checkout_abandon,30,11,2,4,13.39,1
PAY_07467,1675.41,card_expired,14,10,6,0,6.34,0
PAY_07468,5789.24,other,35,9,4,0,5.3,0
PAY_07469,2901.56,insufficient_funds,13,11,0,0,25.02,1
PAY_07470,5502.14,insufficient_funds,39,10,5,0,11.24,1
PAY_07471,3035.56,card_expired,26,11,3,0,16.62,0
PAY_07472,3642.59,gateway_timeout,15,3,2,0,3.81,1
PAY_07473,1328.3,checkout_abandon,29,9,2,1,0.42,0
PAY_07474,1330.45,insufficient_funds,57,7,1,0,1.37,0
PAY_07475,8505.28,card_expired,34,6,3,0,14.92,0
PAY_07476,4719.96,mandate_expired,21,10,6,0,2.25,0
PAY_07477,898.82,other,28,2,5,0,72.0,1
PAY_07478,2995.63,checkout_abandon,37,7,2,2,7.48,0
PAY_07479,232.82,other,10,8,1,0,4.31,0
PAY_07480,1408.25,checkout_abandon,34,12,2,4,11.33,1
PAY_07481,6535.95,checkout_abandon,3,8,2,2,9.31,1
PAY_07482,2205.92,mandate_expired,52,9,4,0,14.07,0
PAY_07483,2812.86,checkout_abandon,37,8,1,1,13.06,0
PAY_07484,122.45,checkout_abandon,7,7,0,2,2.68,0
PAY_07485,1688.83,insufficient_funds,28,9,2,0,31.71,1
PAY_07486,3506.31,gateway_timeout,54,10,3,0,0.26,0
PAY_07487,3981.19,mandate_expired,58,7,2,0,7.47,0
PAY_07488,6544.64,insufficient_funds,9,4,0,0,2.71,0
PAY_07489,2025.94,mandate_expired,17,9,2,0,5.06,0
PAY_07490,2118.34,gateway_timeout,9,6,2,0,2.81,0
PAY_07491,659.79,gateway_timeout,23,11,3,0,0.95,1
PAY_07492,2037.59,mandate_expired,52,8,1,0,6.74,0
PAY_07493,708.02,insufficient_funds,43,11,1,0,20.84,1
PAY_07494,393.93,other,16,12,0,0,15.97,0
PAY_07495,844.6,other,20,7,2,0,16.72,0
PAY_07496,11301.95,checkout_abandon,37,5,2,3,1.82,1
PAY_07497,1907.38,gateway_timeout,36,8,3,0,0.28,1
PAY_07498,3114.81,insufficient_funds,28,9,3,0,14.99,1
PAY_07499,1496.0,card_expired,26,5,3,0,3.94,0
PAY_07500,417.17,insufficient_funds,57,5,4,0,1.74,0
PAY_07501,6375.13,other,31,11,2,0,10.75,0
PAY_07502,284.82,other,47,6,1,0,1.05,0
PAY_07503,1435.48,insufficient_funds,58,6,0,0,7.09,1
PAY_07504,2367.12,mandate_expired,21,12,0,0,26.3,1
PAY_07505,3148.04,checkout_abandon,47,4,3,5,0.81,1
PAY_07506,1209.03,checkout_abandon,49,6,1,2,4.86,0
PAY_07507,397.85,insufficient_funds,14,12,3,0,5.54,1
PAY_07508,1122.09,mandate_expired,14,5,0,0,19.63,0
PAY_07509,1182.38,insufficient_funds,10,8,2,0,8.27,0
PAY_07510,1153.96,other,37,20,0,0,6.58,0
PAY_07511,6595.25,checkout_abandon,46,8,4,4,32.14,0
PAY_07512,742.81,mandate_expired,46,5,1,0,0.96,0
PAY_07513,3377.95,other,24,13,2,0,1.24,0
PAY_07514,2928.79,mandate_expired,43,6,3,0,20.64,0
PAY_07515,6532.21,checkout_abandon,2,5,3,1,31.15,0
PAY_07516,2188.37,gateway_timeout,40,10,3,0,32.42,1
PAY_07517,5514.72,checkout_abandon,29,6,1,5,5.81,0
PAY_07518,2104.48,gateway_timeout,50,14,1,0,2.47,1
PAY_07519,3860.06,other,59,7,3,0,14.03,0
PAY_07520,556.19,gateway_timeout,34,9,2,0,1.69,1
PAY_07521,178.71,gateway_timeout,38,8,1,0,14.44,0
PAY_07522,3646.75,card_expired,56,7,2,0,2.79,0
PAY_07523,3847.69,gateway_timeout,21,9,6,0,9.57,0
PAY_07524,4022.06,other,9,9,1,0,2.82,0
PAY_07525,1478.99,insufficient_funds,31,7,3,0,17.49,1
PAY_07526,11089.66,insufficient_funds,22,12,3,0,8.11,1
PAY_07527,1578.4,checkout_abandon,39,10,4,1,3.93,1
PAY_07528,3808.25,checkout_abandon,47,8,6,1,35.31,0
PAY_07529,4530.93,other,31,3,2,0,0.1,0
PAY_07530,13943.74,gateway_timeout,19,10,8,0,5.28,1
PAY_07531,1820.77,insufficient_funds,34,5,3,0,8.59,0
PAY_07532,1300.95,gateway_timeout,27,5,0,0,5.09,1
PAY_07533,558.86,gateway_timeout,12,6,4,0,2.89,1
PAY_07534,11806.59,checkout_abandon,47,7,0,5,23.19,1
PAY_07535,3810.28,gateway_timeout,20,10,5,0,18.23,1
PAY_07536,3932.8,checkout_abandon,33,8,2,2,21.6,1
PAY_07537,56429.66,other,55,8,7,0,2.28,0
PAY_07538,3460.23,gateway_timeout,12,6,1,0,18.5,0
PAY_07539,679.75,mandate_expired,26,9,2,0,16.55,0
PAY_07540,2055.23,insufficient_funds,11,15,2,0,10.13,1
PAY_07541,943.19,card_expired,27,4,1,0,8.25,0
PAY_07542,1682.74,gateway_timeout,19,5,0,0,7.83,0
PAY_07543,1671.47,checkout_abandon,55,6,3,1,15.86,1
PAY_07544,1389.95,gateway_timeout,19,13,5,0,10.21,1
PAY_07545,620.65,insufficient_funds,37,8,0,0,22.84,1
PAY_07546,12290.08,gateway_timeout,9,7,4,0,0.73,1
PAY_07547,3370.76,insufficient_funds,28,9,4,0,7.06,1
PAY_07548,1995.35,other,51,13,0,0,11.41,0
PAY_07549,5333.08,gateway_timeout,41,10,7,0,3.82,1
PAY_07550,4004.26,other,17,8,0,0,5.0,0
PAY_07551,3293.6,checkout_abandon,59,5,1,3,2.94,0
PAY_07552,4959.42,insufficient_funds,49,11,1,0,14.75,1
PAY_07553,2858.3,gateway_timeout,25,8,1,0,2.09,0
PAY_07554,4886.68,insufficient_funds,59,12,3,0,24.66,0
PAY_07555,5309.0,card_expired,12,9,3,0,11.73,1
PAY_07556,2941.76,insufficient_funds,20,11,1,0,17.32,1
PAY_07557,2005.51,other,56,2,0,0,7.5,0
PAY_07558,11550.04,insufficient_funds,59,6,2,0,3.03,1
PAY_07559,1550.21,gateway_timeout,50,8,2,0,16.26,1
PAY_07560,3697.31,insufficient_funds,12,13,0,0,15.67,0
PAY_07561,3781.8,mandate_expired,14,8,0,0,0.15,0
PAY_07562,1358.98,checkout_abandon,39,8,1,5,18.49,1
PAY_07563,1114.57,other,4,11,7,0,0.26,0
PAY_07564,1754.95,gateway_timeout,60,3,0,0,5.54,1
PAY_07565,1528.17,insufficient_funds,57,5,3,0,21.42,0
PAY_07566,581.68,card_expired,49,7,2,0,19.85,0
PAY_07567,1303.16,checkout_abandon,59,8,3,1,5.72,1
PAY_07568,3262.57,card_expired,14,5,2,0,0.19,0
PAY_07569,8866.09,gateway_timeout,53,6,4,0,38.41,1
PAY_07570,4352.2,mandate_expired,16,11,4,0,4.94,1
PAY_07571,185.77,insufficient_funds,8,8,2,0,5.1,1
PAY_07572,4747.39,other,16,10,4,0,11.24,1
PAY_07573,1430.66,insufficient_funds,47,12,0,0,3.77,0
PAY_07574,3932.88,card_expired,57,11,2,0,6.79,0
PAY_07575,2464.91,insufficient_funds,37,5,0,0,22.27,1
PAY_07576,2061.85,card_expired,15,7,1,0,2.04,0
PAY_07577,2257.04,card_expired,37,4,1,0,6.37,0
PAY_07578,2444.56,other,31,12,0,0,4.47,0
PAY_07579,9589.76,checkout_abandon,32,10,0,4,0.81,0
PAY_07580,2451.33,gateway_timeout,21,7,5,0,9.49,1
PAY_07581,7402.57,card_expired,9,8,5,0,3.69,0
PAY_07582,6399.35,checkout_abandon,22,8,3,5,24.16,1
PAY_07583,4871.18,checkout_abandon,54,4,2,5,34.58,0
PAY_07584,418.81,insufficient_funds,25,7,2,0,5.74,0
PAY_07585,7636.38,gateway_timeout,2,6,3,0,24.34,0
PAY_07586,1581.52,gateway_timeout,21,9,0,0,12.52,0
PAY_07587,5114.18,mandate_expired,28,12,1,0,11.21,0
PAY_07588,945.31,insufficient_funds,36,10,2,0,1.5,1
PAY_07589,764.31,gateway_timeout,39,10,1,0,19.79,1
PAY_07590,18041.59,card_expired,26,12,1,0,30.28,0
PAY_07591,960.12,checkout_abandon,9,6,3,4,24.55,0
PAY_07592,7864.8,other,27,7,3,0,7.55,0
PAY_07593,2814.29,insufficient_funds,1,10,1,0,12.23,0
PAY_07594,1642.42,gateway_timeout,31,11,1,0,11.68,1
PAY_07595,2390.4,checkout_abandon,27,11,1,3,11.29,1
PAY_07596,680.58,gateway_timeout,22,10,2,0,12.82,0
PAY_07597,2465.85,mandate_expired,40,12,0,0,10.14,0
PAY_07598,846.67,insufficient_funds,46,5,0,0,5.84,1
PAY_07599,1683.45,checkout_abandon,16,11,4,5,16.59,0
PAY_07600,6306.56,insufficient_funds,31,11,0,0,8.48,1
PAY_07601,3223.54,checkout_abandon,31,7,2,1,12.07,0
PAY_07602,567.86,card_expired,31,7,0,0,8.03,0
PAY_07603,5857.83,insufficient_funds,25,4,1,0,9.0,1
PAY_07604,2482.31,checkout_abandon,13,12,1,4,7.39,0
PAY_07605,1453.69,checkout_abandon,11,9,2,4,28.81,0
PAY_07606,5274.94,mandate_expired,2,4,0,0,14.06,0
PAY_07607,2115.06,insufficient_funds,4,4,0,0,15.61,1
PAY_07608,779.29,gateway_timeout,49,13,2,0,25.12,0
PAY_07609,15864.76,card_expired,5,7,1,0,17.92,0
PAY_07610,2457.15,checkout_abandon,52,9,2,3,4.75,1
PAY_07611,2304.6,mandate_expired,54,6,2,0,1.88,1
PAY_07612,1667.27,gateway_timeout,15,6,2,0,24.99,1
PAY_07613,8135.66,other,27,8,1,0,1.95,0
PAY_07614,1479.07,insufficient_funds,22,5,1,0,50.01,0
PAY_07615,533.29,insufficient_funds,24,5,2,0,12.75,1
PAY_07616,1268.22,checkout_abandon,22,5,1,4,3.2,1
PAY_07617,9422.17,checkout_abandon,21,3,3,1,21.34,1
PAY_07618,5745.53,mandate_expired,42,6,2,0,14.64,0
PAY_07619,1937.26,insufficient_funds,25,5,3,0,4.34,1
PAY_07620,9870.45,insufficient_funds,12,10,3,0,17.61,1
PAY_07621,5281.62,mandate_expired,23,14,3,0,35.9,1
PAY_07622,1914.97,gateway_timeout,59,9,1,0,15.67,1
PAY_07623,2117.81,mandate_expired,60,4,0,0,16.13,0
PAY_07624,3475.05,mandate_expired,4,5,1,0,8.27,0
PAY_07625,1088.07,insufficient_funds,35,12,2,0,20.86,1
PAY_07626,2511.29,mandate_expired,59,9,0,0,37.15,0
PAY_07627,3403.5,other,12,8,1,0,7.08,0
PAY_07628,462.7,card_expired,5,8,4,0,4.1,0
PAY_07629,2068.8,insufficient_funds,13,6,0,0,20.66,1
PAY_07630,1846.39,checkout_abandon,20,9,0,5,4.54,0
PAY_07631,6989.15,other,57,4,2,0,11.64,1
PAY_07632,395.26,checkout_abandon,16,8,1,2,2.93,0
PAY_07633,1707.08,gateway_timeout,20,6,2,0,4.67,1
PAY_07634,1544.25,insufficient_funds,16,5,1,0,4.91,0
PAY_07635,6529.7,mandate_expired,24,5,2,0,33.07,0
PAY_07636,2393.47,card_expired,60,8,2,0,7.11,0
PAY_07637,15065.17,other,6,11,2,0,4.67,0
PAY_07638,4847.7,other,28,7,4,0,6.25,0
PAY_07639,1658.76,gateway_timeout,37,5,1,0,1.98,0
PAY_07640,3177.04,checkout_abandon,8,6,4,3,6.56,0
PAY_07641,1754.57,insufficient_funds,3,6,0,0,2.97,1
PAY_07642,5904.33,insufficient_funds,59,7,6,0,0.42,1
PAY_07643,659.74,insufficient_funds,17,9,1,0,9.82,1
PAY_07644,1097.02,other,15,6,2,0,0.83,0
PAY_07645,3943.15,insufficient_funds,21,8,0,0,20.44,1
PAY_07646,8516.86,checkout_abandon,5,11,1,1,20.95,1
PAY_07647,276.46,gateway_timeout,9,9,1,0,5.74,0
PAY_07648,9882.46,gateway_timeout,2,9,1,0,9.29,1
PAY_07649,2173.1,checkout_abandon,33,10,0,2,12.82,1
PAY_07650,380.0,insufficient_funds,28,11,1,0,27.82,1
PAY_07651,124.25,gateway_timeout,17,5,2,0,3.45,1
PAY_07652,541.67,checkout_abandon,56,4,2,2,26.8,0
PAY_07653,2451.22,card_expired,19,9,1,0,15.0,1
PAY_07654,2340.57,mandate_expired,2,10,2,0,7.55,0
PAY_07655,4709.07,card_expired,6,9,1,0,0.1,1
PAY_07656,1443.11,gateway_timeout,44,5,0,0,28.18,1
PAY_07657,825.51,insufficient_funds,32,10,1,0,7.39,1
PAY_07658,1654.01,gateway_timeout,16,12,4,0,9.49,0
PAY_07659,2585.45,other,15,4,1,0,9.39,0
PAY_07660,3148.93,insufficient_funds,14,5,4,0,5.6,0
PAY_07661,1135.56,insufficient_funds,26,10,0,0,3.45,1
PAY_07662,6157.91,other,43,5,1,0,34.44,0
PAY_07663,1342.98,other,39,11,3,0,9.54,0
PAY_07664,1047.67,insufficient_funds,45,15,4,0,1.04,1
PAY_07665,1453.39,card_expired,3,10,2,0,2.04,0
PAY_07666,7323.81,gateway_timeout,34,9,3,0,6.41,0
PAY_07667,2189.11,checkout_abandon,46,7,0,5,9.46,1
PAY_07668,1248.29,checkout_abandon,13,10,2,2,11.45,0
PAY_07669,6311.66,other,35,4,3,0,5.02,0
PAY_07670,21307.08,insufficient_funds,1,9,1,0,8.93,0
PAY_07671,3083.22,card_expired,55,11,4,0,21.76,0
PAY_07672,8586.0,insufficient_funds,45,8,2,0,32.48,1
PAY_07673,7045.36,checkout_abandon,38,10,1,5,1.94,0
PAY_07674,1364.31,mandate_expired,36,8,2,0,21.76,0
PAY_07675,2567.48,card_expired,41,3,1,0,21.04,0
PAY_07676,693.33,other,26,11,1,0,8.64,0
PAY_07677,2036.74,card_expired,59,4,5,0,2.99,0
PAY_07678,1336.56,mandate_expired,13,6,2,0,3.08,0
PAY_07679,1670.97,gateway_timeout,49,9,0,0,7.89,1
PAY_07680,1181.04,other,46,5,3,0,16.39,0
PAY_07681,1876.1,checkout_abandon,51,11,0,4,10.91,1
PAY_07682,4256.82,gateway_timeout,5,10,4,0,20.06,1
PAY_07683,2218.43,checkout_abandon,27,3,1,1,32.17,0
PAY_07684,387.48,gateway_timeout,39,5,2,0,4.13,1
PAY_07685,1185.51,checkout_abandon,38,10,2,3,52.87,1
PAY_07686,547.11,gateway_timeout,42,8,2,0,17.99,1
PAY_07687,3191.05,insufficient_funds,39,8,2,0,10.86,0
PAY_07688,4135.5,other,14,13,2,0,0.99,0
PAY_07689,3231.15,other,50,10,2,0,4.59,0
PAY_07690,1137.56,checkout_abandon,29,10,2,4,12.99,0
PAY_07691,3199.98,other,59,4,1,0,0.69,0
PAY_07692,1562.33,gateway_timeout,32,9,1,0,5.91,1
PAY_07693,800.97,gateway_timeout,33,5,1,0,1.43,1
PAY_07694,5249.96,other,36,11,2,0,2.21,0
PAY_07695,5665.07,mandate_expired,53,5,4,0,1.81,0
PAY_07696,6457.14,card_expired,55,8,2,0,2.2,0
PAY_07697,1360.62,gateway_timeout,36,6,4,0,13.95,1
PAY_07698,8130.75,gateway_timeout,33,9,3,0,2.14,1
PAY_07699,1526.09,insufficient_funds,4,2,2,0,4.25,0
PAY_07700,4805.65,other,5,4,3,0,13.82,0
PAY_07701,1499.87,insufficient_funds,45,6,1,0,0.75,0
PAY_07702,1998.32,checkout_abandon,21,8,3,3,13.4,0
PAY_07703,222.04,insufficient_funds,27,6,3,0,1.04,1
PAY_07704,1848.51,mandate_expired,38,6,2,0,4.22,0
PAY_07705,2738.42,gateway_timeout,14,9,0,0,3.5,1
PAY_07706,1659.04,card_expired,20,6,1,0,12.36,0
PAY_07707,14475.81,checkout_abandon,3,8,2,1,4.63,0
PAY_07708,781.79,insufficient_funds,47,8,1,0,15.46,1
PAY_07709,1422.92,insufficient_funds,31,9,2,0,17.86,1
PAY_07710,1011.48,insufficient_funds,12,10,3,0,3.63,1
PAY_07711,1422.64,mandate_expired,36,2,1,0,1.71,0
PAY_07712,7012.57,card_expired,9,11,2,0,21.95,0
PAY_07713,10960.77,gateway_timeout,47,12,3,0,14.15,1
PAY_07714,1240.48,checkout_abandon,14,10,1,4,14.75,1
PAY_07715,1213.23,insufficient_funds,17,9,0,0,7.44,0
PAY_07716,785.97,other,53,9,0,0,0.17,0
PAY_07717,9231.08,other,45,6,2,0,26.47,0
PAY_07718,7669.84,card_expired,41,9,3,0,1.19,0
PAY_07719,2248.6,insufficient_funds,37,4,2,0,12.91,1
PAY_07720,618.9,gateway_timeout,32,4,2,0,0.11,1
PAY_07721,676.81,other,12,9,1,0,6.97,0
PAY_07722,2965.13,insufficient_funds,19,12,2,0,3.02,1
PAY_07723,4330.26,mandate_expired,58,9,1,0,21.82,0
PAY_07724,316.68,other,56,3,1,0,1.39,0
PAY_07725,1813.0,card_expired,44,6,1,0,3.68,1
PAY_07726,12611.22,checkout_abandon,54,7,2,4,19.05,0
PAY_07727,2011.3,checkout_abandon,49,10,1,3,19.95,0
PAY_07728,11088.72,other,24,7,2,0,4.95,0
PAY_07729,4784.29,gateway_timeout,43,11,2,0,29.2,1
PAY_07730,845.36,other,46,7,0,0,8.53,0
PAY_07731,1865.67,gateway_timeout,9,10,3,0,54.62,1
PAY_07732,2198.11,card_expired,55,6,0,0,10.44,0
PAY_07733,964.43,other,30,8,1,0,29.26,0
PAY_07734,947.83,checkout_abandon,19,5,4,1,13.48,0
PAY_07735,11280.32,gateway_timeout,29,5,1,0,19.2,1
PAY_07736,940.76,insufficient_funds,20,7,3,0,0.5,1
PAY_07737,7350.19,card_expired,20,7,2,0,15.25,0
PAY_07738,1615.76,checkout_abandon,33,2,0,1,8.9,1
PAY_07739,2436.72,gateway_timeout,60,5,1,0,1.89,1
PAY_07740,4384.76,other,25,9,3,0,3.59,0
PAY_07741,1374.01,other,13,3,3,0,1.19,0
PAY_07742,4411.41,other,46,7,7,0,6.94,0
PAY_07743,322.99,checkout_abandon,18,10,1,2,26.91,1
PAY_07744,3880.63,other,33,8,5,0,18.85,0
PAY_07745,211.77,other,16,6,1,0,16.8,0
PAY_07746,1992.61,insufficient_funds,13,7,2,0,9.1,1
PAY_07747,5873.99,other,16,10,3,0,1.84,0
PAY_07748,4658.0,checkout_abandon,22,14,2,5,0.1,1
PAY_07749,682.41,other,58,8,2,0,20.71,0
PAY_07750,776.18,card_expired,41,8,1,0,0.14,0
PAY_07751,1255.61,mandate_expired,42,9,1,0,11.73,1
PAY_07752,3011.71,gateway_timeout,4,11,3,0,1.43,1
PAY_07753,327.7,insufficient_funds,1,8,1,0,41.45,1
PAY_07754,2467.16,gateway_timeout,21,8,0,0,11.24,0
PAY_07755,3413.44,mandate_expired,54,7,1,0,7.16,0
PAY_07756,1883.73,card_expired,1,10,4,0,3.78,0
PAY_07757,4227.5,insufficient_funds,46,5,2,0,15.56,0
PAY_07758,3126.81,insufficient_funds,50,6,0,0,16.35,1
PAY_07759,1454.46,mandate_expired,17,12,1,0,20.44,0
PAY_07760,360.63,gateway_timeout,8,8,3,0,4.43,1
PAY_07761,2856.8,insufficient_funds,10,6,1,0,16.16,1
PAY_07762,963.88,insufficient_funds,5,13,4,0,0.94,0
PAY_07763,1402.07,mandate_expired,51,1,1,0,6.61,0
PAY_07764,4036.65,checkout_abandon,48,6,0,4,3.96,1
PAY_07765,10315.26,card_expired,41,6,3,0,1.12,1
PAY_07766,2406.64,gateway_timeout,6,8,0,0,6.19,0
PAY_07767,4350.78,insufficient_funds,58,7,3,0,8.67,0
PAY_07768,589.67,card_expired,42,8,2,0,26.03,0
PAY_07769,3195.73,other,50,2,1,0,18.35,0
PAY_07770,2354.63,gateway_timeout,23,6,1,0,8.52,1
PAY_07771,8546.47,card_expired,12,8,3,0,3.1,0
PAY_07772,1456.2,card_expired,50,11,3,0,0.73,0
PAY_07773,1963.35,other,4,4,5,0,2.03,0
PAY_07774,7207.38,gateway_timeout,11,7,0,0,33.61,0
PAY_07775,2280.19,insufficient_funds,10,11,0,0,7.79,1
PAY_07776,824.85,insufficient_funds,6,8,4,0,20.84,0
PAY_07777,32070.1,card_expired,34,4,0,0,2.72,0
PAY_07778,850.18,card_expired,14,4,3,0,27.01,1
PAY_07779,2343.37,checkout_abandon,58,12,0,4,11.41,1
PAY_07780,3535.94,insufficient_funds,56,4,3,0,3.21,1
PAY_07781,3267.12,insufficient_funds,11,11,0,0,9.56,1
PAY_07782,2067.93,checkout_abandon,50,3,3,4,17.32,0
PAY_07783,2078.26,other,3,13,2,0,17.07,0
PAY_07784,1976.56,gateway_timeout,18,7,1,0,8.74,1
PAY_07785,819.02,mandate_expired,40,8,0,0,23.02,0
PAY_07786,21466.85,checkout_abandon,13,8,3,3,12.79,0
PAY_07787,2006.32,other,5,6,4,0,9.64,0
PAY_07788,4541.34,card_expired,10,5,2,0,3.33,0
PAY_07789,1788.97,insufficient_funds,40,7,3,0,8.04,1
PAY_07790,1753.35,mandate_expired,14,12,1,0,30.35,1
PAY_07791,1585.42,card_expired,15,12,3,0,4.04,0
PAY_07792,530.7,other,13,9,2,0,8.6,0
PAY_07793,2129.04,checkout_abandon,53,9,5,1,8.72,0
PAY_07794,1664.1,insufficient_funds,54,6,0,0,13.64,1
PAY_07795,8067.27,checkout_abandon,49,10,2,3,25.32,1
PAY_07796,755.47,mandate_expired,2,11,3,0,4.76,1
PAY_07797,1403.74,gateway_timeout,16,8,1,0,10.39,1
PAY_07798,1018.01,other,53,6,1,0,10.59,0
PAY_07799,10578.47,insufficient_funds,34,12,3,0,35.06,1
PAY_07800,1048.0,other,3,9,2,0,9.85,0
PAY_07801,4386.76,gateway_timeout,15,8,1,0,1.48,1
PAY_07802,6595.93,insufficient_funds,50,2,2,0,0.69,1
PAY_07803,2160.13,checkout_abandon,53,4,2,4,11.01,0
PAY_07804,630.96,checkout_abandon,26,7,3,4,17.83,1
PAY_07805,638.99,card_expired,10,8,4,0,8.12,0
PAY_07806,5906.51,checkout_abandon,5,4,2,1,1.03,0
PAY_07807,708.71,insufficient_funds,14,9,2,0,4.76,1
PAY_07808,3699.94,other,48,9,1,0,65.35,0
PAY_07809,2802.86,checkout_abandon,50,7,3,3,15.87,1
PAY_07810,3645.24,gateway_timeout,16,9,1,0,21.42,0
PAY_07811,4006.33,other,59,4,0,0,1.42,1
PAY_07812,982.77,insufficient_funds,53,5,2,0,13.07,0
PAY_07813,942.48,insufficient_funds,60,3,2,0,6.44,1
PAY_07814,5110.09,checkout_abandon,46,4,1,3,4.31,1
PAY_07815,1332.35,checkout_abandon,35,5,4,2,4.41,0
PAY_07816,159.8,checkout_abandon,59,7,4,2,9.13,1
PAY_07817,4782.9,other,42,5,3,0,18.24,0
PAY_07818,886.95,gateway_timeout,50,11,0,0,7.15,1
PAY_07819,3988.55,other,25,6,1,0,5.58,0
PAY_07820,10065.49,insufficient_funds,15,13,1,0,14.92,1
PAY_07821,2542.26,insufficient_funds,35,9,3,0,0.42,0
PAY_07822,6766.99,insufficient_funds,25,5,2,0,24.07,1
PAY_07823,2915.64,insufficient_funds,22,13,4,0,12.97,1
PAY_07824,12227.9,gateway_timeout,42,9,2,0,1.93,0
PAY_07825,864.32,card_expired,37,9,1,0,0.26,0
PAY_07826,2479.55,card_expired,19,7,3,0,4.77,0
PAY_07827,4901.06,mandate_expired,15,11,2,0,27.23,0
PAY_07828,2066.55,insufficient_funds,33,5,3,0,50.25,1
PAY_07829,7913.02,card_expired,20,11,3,0,6.33,0
PAY_07830,1622.96,gateway_timeout,15,9,1,0,10.16,1
PAY_07831,19799.6,mandate_expired,14,10,4,0,31.87,1
PAY_07832,20873.66,mandate_expired,40,0,0,0,12.54,1
PAY_07833,3314.69,insufficient_funds,25,3,4,0,0.78,1
PAY_07834,4344.42,checkout_abandon,21,5,3,5,6.64,1
PAY_07835,8231.45,other,7,8,1,0,3.85,0
PAY_07836,762.69,gateway_timeout,4,5,5,0,8.99,1
PAY_07837,673.2,mandate_expired,42,7,4,0,2.82,1
PAY_07838,8782.05,other,59,12,3,0,57.87,0
PAY_07839,3288.0,gateway_timeout,20,8,1,0,1.32,1
PAY_07840,1993.29,gateway_timeout,51,12,3,0,2.79,1
PAY_07841,2527.96,checkout_abandon,37,13,5,4,14.02,1
PAY_07842,229.98,card_expired,19,6,2,0,10.62,1
PAY_07843,2066.24,gateway_timeout,35,11,4,0,27.05,1
PAY_07844,1177.32,checkout_abandon,8,3,4,1,8.01,0
PAY_07845,6261.14,insufficient_funds,21,11,1,0,0.77,0
PAY_07846,6762.02,other,45,1,1,0,4.98,0
PAY_07847,4450.3,other,52,12,1,0,0.65,0
PAY_07848,3712.66,checkout_abandon,14,8,4,1,22.2,1
PAY_07849,559.31,other,55,5,2,0,18.44,0
PAY_07850,4512.87,mandate_expired,37,10,2,0,4.83,0
PAY_07851,4691.2,other,14,10,2,0,15.08,0
PAY_07852,8684.01,insufficient_funds,47,7,2,0,2.57,1
PAY_07853,20790.59,insufficient_funds,53,12,1,0,12.15,0
PAY_07854,460.12,other,17,6,1,0,11.35,0
PAY_07855,1695.22,gateway_timeout,7,6,3,0,0.47,0
PAY_07856,1190.08,gateway_timeout,18,4,1,0,2.3,1
PAY_07857,2970.7,card_expired,46,14,1,0,6.86,0
PAY_07858,2533.73,mandate_expired,4,7,1,0,5.55,1
PAY_07859,1978.24,gateway_timeout,18,11,2,0,1.58,1
PAY_07860,6985.91,gateway_timeout,20,14,2,0,6.76,1
PAY_07861,831.0,gateway_timeout,2,5,2,0,4.49,0
PAY_07862,882.65,insufficient_funds,36,7,1,0,22.93,1
PAY_07863,897.69,insufficient_funds,49,3,2,0,29.84,1
PAY_07864,1743.62,checkout_abandon,10,13,5,3,2.16,1
PAY_07865,731.76,card_expired,54,11,2,0,0.63,1
PAY_07866,2381.47,gateway_timeout,58,8,2,0,11.49,1
PAY_07867,2118.7,gateway_timeout,53,4,1,0,1.53,1
PAY_07868,1138.57,mandate_expired,44,6,1,0,7.96,0
PAY_07869,5989.79,insufficient_funds,27,6,2,0,20.56,1
PAY_07870,2355.59,gateway_timeout,13,5,2,0,0.81,1
PAY_07871,7235.06,insufficient_funds,55,7,3,0,1.1,1
PAY_07872,2056.98,mandate_expired,32,6,1,0,18.67,1
PAY_07873,2440.24,insufficient_funds,28,5,2,0,19.73,1
PAY_07874,1424.05,gateway_timeout,24,15,4,0,27.02,1
PAY_07875,2482.45,checkout_abandon,14,9,2,2,39.54,0
PAY_07876,5096.34,card_expired,23,8,2,0,0.51,0
PAY_07877,1656.91,mandate_expired,48,5,3,0,14.31,0
PAY_07878,4198.4,other,34,15,2,0,2.25,0
PAY_07879,1109.09,mandate_expired,24,5,4,0,0.92,0
PAY_07880,5340.62,gateway_timeout,7,4,0,0,2.27,1
PAY_07881,1399.88,insufficient_funds,25,6,0,0,13.94,1
PAY_07882,5858.95,insufficient_funds,13,10,4,0,11.97,0
PAY_07883,2657.18,gateway_timeout,24,15,0,0,5.37,1
PAY_07884,11441.47,insufficient_funds,9,12,2,0,4.48,0
PAY_07885,788.38,gateway_timeout,57,9,5,0,15.79,1
PAY_07886,571.27,mandate_expired,11,3,2,0,1.69,0
PAY_07887,1349.96,mandate_expired,8,5,1,0,7.82,0
PAY_07888,626.05,gateway_timeout,40,12,0,0,21.49,0
PAY_07889,627.23,checkout_abandon,21,5,2,1,15.48,0
PAY_07890,4654.53,insufficient_funds,60,9,1,0,11.53,1
PAY_07891,2489.57,checkout_abandon,25,7,2,1,3.59,0
PAY_07892,1547.45,checkout_abandon,40,6,0,1,0.44,0
PAY_07893,1697.79,gateway_timeout,51,3,2,0,14.14,0
PAY_07894,1375.82,gateway_timeout,60,7,0,0,9.6,1
PAY_07895,13022.26,other,49,9,4,0,63.23,0
PAY_07896,1198.16,checkout_abandon,35,15,3,1,2.49,1
PAY_07897,666.41,checkout_abandon,49,6,1,2,9.81,1
PAY_07898,5541.92,insufficient_funds,17,6,1,0,13.16,1
PAY_07899,2014.83,insufficient_funds,53,5,3,0,13.63,0
PAY_07900,19202.96,gateway_timeout,53,12,3,0,30.94,0
PAY_07901,1477.11,other,24,10,2,0,1.1,0
PAY_07902,5825.68,insufficient_funds,5,8,5,0,8.32,1
PAY_07903,7377.89,gateway_timeout,42,8,2,0,7.18,0
PAY_07904,1484.32,other,7,5,2,0,4.08,0
PAY_07905,1189.31,checkout_abandon,2,5,5,1,0.36,1
PAY_07906,5247.0,gateway_timeout,57,13,2,0,7.58,0
PAY_07907,4442.35,mandate_expired,35,6,1,0,3.53,1
PAY_07908,609.99,checkout_abandon,40,7,0,5,3.94,1
PAY_07909,808.85,other,53,6,4,0,3.71,0
PAY_07910,197.87,insufficient_funds,56,6,0,0,20.09,1
PAY_07911,4534.33,card_expired,58,9,1,0,8.28,1
PAY_07912,1924.11,gateway_timeout,8,5,6,0,7.16,1
PAY_07913,2125.78,card_expired,20,10,0,0,12.71,0
PAY_07914,460.63,card_expired,47,6,3,0,7.37,0
PAY_07915,833.76,card_expired,2,5,6,0,9.58,0
PAY_07916,1550.12,card_expired,15,9,0,0,8.53,0
PAY_07917,1276.3,mandate_expired,31,7,2,0,4.91,1
PAY_07918,2812.65,insufficient_funds,21,5,1,0,41.85,1
PAY_07919,4480.61,insufficient_funds,11,6,2,0,41.64,1
PAY_07920,24189.13,gateway_timeout,54,11,2,0,4.37,1
PAY_07921,2450.45,checkout_abandon,27,8,0,4,13.81,0
PAY_07922,7626.99,gateway_timeout,25,8,1,0,8.46,1
PAY_07923,1090.15,mandate_expired,40,6,1,0,0.31,1
PAY_07924,468.3,mandate_expired,41,11,0,0,6.0,0
PAY_07925,1757.67,other,30,10,4,0,6.86,1
PAY_07926,505.89,gateway_timeout,54,9,3,0,2.34,1
PAY_07927,2536.95,card_expired,18,11,3,0,0.53,0
PAY_07928,1145.49,mandate_expired,53,7,2,0,0.13,0
PAY_07929,354.17,other,53,9,2,0,7.17,0
PAY_07930,14186.86,card_expired,1,10,2,0,6.74,1
PAY_07931,1460.43,gateway_timeout,46,8,2,0,32.62,0
PAY_07932,486.11,insufficient_funds,10,4,3,0,13.27,0
PAY_07933,6137.78,other,30,6,2,0,25.09,0
PAY_07934,1206.44,mandate_expired,56,13,2,0,14.2,1
PAY_07935,7436.92,card_expired,12,6,2,0,5.02,1
PAY_07936,1200.69,card_expired,34,14,5,0,14.6,0
PAY_07937,1455.56,mandate_expired,47,7,3,0,0.1,1
PAY_07938,3529.38,card_expired,29,9,1,0,17.29,0
PAY_07939,4524.51,other,5,9,4,0,32.85,0
PAY_07940,5391.23,other,4,11,0,0,10.22,0
PAY_07941,2285.42,gateway_timeout,32,12,1,0,13.5,1
PAY_07942,4241.46,insufficient_funds,2,6,3,0,12.47,1
PAY_07943,5269.41,insufficient_funds,1,9,1,0,45.07,1
PAY_07944,3055.25,gateway_timeout,58,12,1,0,3.55,1
PAY_07945,2167.63,card_expired,32,6,0,0,0.52,0
PAY_07946,589.19,card_expired,29,11,2,0,1.1,0
PAY_07947,4551.54,gateway_timeout,7,10,1,0,15.01,1
PAY_07948,2607.69,gateway_timeout,48,7,2,0,1.7,1
PAY_07949,1653.14,checkout_abandon,31,6,3,3,2.51,1
PAY_07950,8971.54,card_expired,14,4,2,0,0.24,0
PAY_07951,599.57,mandate_expired,46,3,1,0,17.04,0
PAY_07952,12940.05,insufficient_funds,15,9,3,0,6.88,0
PAY_07953,2444.93,gateway_timeout,31,10,4,0,1.23,1
PAY_07954,3434.29,checkout_abandon,34,4,3,2,0.23,0
PAY_07955,1684.13,checkout_abandon,17,6,3,1,4.29,1
PAY_07956,472.0,card_expired,53,8,1,0,0.78,0
PAY_07957,2174.24,other,43,5,0,0,6.29,0
PAY_07958,3493.96,insufficient_funds,18,9,1,0,15.81,0
PAY_07959,4916.1,insufficient_funds,10,9,2,0,6.91,1
PAY_07960,2050.86,gateway_timeout,20,6,2,0,14.77,1
PAY_07961,279.08,gateway_timeout,28,10,1,0,0.29,1
PAY_07962,535.06,gateway_timeout,34,7,1,0,0.35,1
PAY_07963,19459.01,insufficient_funds,25,11,1,0,15.04,0
PAY_07964,838.41,insufficient_funds,3,12,1,0,21.25,0
PAY_07965,10415.97,card_expired,41,5,3,0,4.48,0
PAY_07966,982.36,insufficient_funds,23,16,4,0,8.18,1
PAY_07967,2083.05,card_expired,21,6,0,0,38.3,0
PAY_07968,4671.59,gateway_timeout,34,5,0,0,2.87,1
PAY_07969,1100.87,gateway_timeout,51,7,5,0,0.99,0
PAY_07970,12286.56,insufficient_funds,1,12,2,0,3.84,0
PAY_07971,2696.67,insufficient_funds,58,12,4,0,2.05,0
PAY_07972,3963.56,gateway_timeout,39,11,2,0,1.31,1
PAY_07973,1913.02,card_expired,33,7,2,0,0.57,1
PAY_07974,4830.79,other,4,10,4,0,7.86,0
PAY_07975,12122.75,insufficient_funds,43,7,2,0,6.21,1
PAY_07976,2192.42,insufficient_funds,44,8,1,0,12.22,1
PAY_07977,14097.59,insufficient_funds,34,10,0,0,0.72,1
PAY_07978,1356.21,card_expired,49,9,2,0,35.01,0
PAY_07979,5367.63,insufficient_funds,51,10,1,0,6.46,0
PAY_07980,4077.18,insufficient_funds,51,7,0,0,3.59,0
PAY_07981,858.74,other,20,8,1,0,2.8,0
PAY_07982,3095.97,other,41,9,1,0,37.95,0
PAY_07983,2518.48,mandate_expired,4,9,1,0,13.3,0
PAY_07984,1065.13,insufficient_funds,34,10,0,0,14.16,1
PAY_07985,3576.17,gateway_timeout,9,5,1,0,21.1,1
PAY_07986,2893.83,insufficient_funds,19,10,3,0,8.63,0
PAY_07987,2324.96,mandate_expired,41,6,6,0,28.33,1
PAY_07988,2334.3,card_expired,26,7,0,0,1.89,0
PAY_07989,2284.8,insufficient_funds,52,10,2,0,20.05,1
PAY_07990,1730.81,other,6,6,1,0,6.84,0
PAY_07991,2875.21,checkout_abandon,59,7,2,2,4.04,1
PAY_07992,1313.08,card_expired,43,9,2,0,15.23,1
PAY_07993,35626.87,insufficient_funds,26,7,1,0,27.63,0
PAY_07994,610.77,gateway_timeout,2,7,1,0,5.29,1
PAY_07995,1393.13,insufficient_funds,3,10,1,0,13.25,1
PAY_07996,1507.64,mandate_expired,25,10,3,0,4.89,1
PAY_07997,19236.01,insufficient_funds,35,8,4,0,5.03,1
PAY_07998,667.75,gateway_timeout,31,9,3,0,23.21,1
PAY_07999,3827.5,card_expired,18,10,2,0,30.35,0
PAY_08000,3204.91,mandate_expired,40,11,1,0,3.57,0
PAY_08001,3489.97,mandate_expired,37,4,0,0,9.12,0
PAY_08002,8607.5,mandate_expired,21,9,3,0,16.57,1
PAY_08003,8432.73,mandate_expired,20,9,4,0,18.13,0
PAY_08004,1592.55,mandate_expired,27,5,3,0,5.96,1
PAY_08005,3035.29,gateway_timeout,45,8,1,0,24.77,1
PAY_08006,387.59,insufficient_funds,36,9,0,0,1.83,1
PAY_08007,2760.42,gateway_timeout,8,5,1,0,1.89,1
PAY_08008,1130.09,insufficient_funds,56,3,1,0,12.7,0
PAY_08009,2074.89,checkout_abandon,13,9,0,2,6.71,1
PAY_08010,463.44,checkout_abandon,41,9,3,4,6.24,1
PAY_08011,3747.78,insufficient_funds,2,10,4,0,35.28,0
PAY_08012,458.28,card_expired,16,2,0,0,16.93,1
PAY_08013,2899.61,mandate_expired,34,7,1,0,13.62,1
PAY_08014,733.29,checkout_abandon,51,8,1,1,10.13,1
PAY_08015,1068.92,other,34,12,3,0,3.08,0
PAY_08016,7932.93,gateway_timeout,4,9,3,0,6.19,0
PAY_08017,4500.59,gateway_timeout,58,5,1,0,18.85,0
PAY_08018,7889.19,insufficient_funds,17,11,2,0,1.09,0
PAY_08019,11893.81,checkout_abandon,22,6,5,5,7.64,1
PAY_08020,1154.25,insufficient_funds,7,6,3,0,9.17,1
PAY_08021,11192.71,card_expired,42,5,0,0,8.55,0
PAY_08022,577.4,gateway_timeout,27,3,2,0,0.3,1
PAY_08023,5271.9,checkout_abandon,14,8,3,2,24.22,1
PAY_08024,1526.46,checkout_abandon,39,6,2,1,2.62,0
PAY_08025,986.09,gateway_timeout,12,12,2,0,0.33,1
PAY_08026,4621.69,mandate_expired,32,10,0,0,1.67,1
PAY_08027,6431.72,mandate_expired,40,5,2,0,56.47,0
PAY_08028,6243.61,card_expired,49,11,3,0,13.24,0
PAY_08029,3099.22,checkout_abandon,42,13,5,2,6.56,1
PAY_08030,2852.65,checkout_abandon,35,9,1,5,12.07,0
PAY_08031,4234.04,gateway_timeout,3,6,4,0,10.56,1
PAY_08032,3387.37,mandate_expired,14,6,2,0,12.32,1
PAY_08033,4295.84,gateway_timeout,35,9,1,0,18.72,1
PAY_08034,3065.74,gateway_timeout,33,7,3,0,10.65,1
PAY_08035,5807.06,insufficient_funds,33,5,0,0,4.84,0
PAY_08036,491.19,mandate_expired,45,10,2,0,0.82,0
PAY_08037,2192.44,insufficient_funds,55,7,5,0,19.17,1
PAY_08038,626.53,other,31,7,1,0,6.35,0
PAY_08039,3296.93,insufficient_funds,9,10,2,0,2.95,1
PAY_08040,12912.82,gateway_timeout,27,9,2,0,12.68,1
PAY_08041,1556.14,insufficient_funds,16,8,2,0,20.88,1
PAY_08042,2839.26,gateway_timeout,32,7,3,0,0.1,0
PAY_08043,5326.94,gateway_timeout,36,10,2,0,9.02,0
PAY_08044,316.18,mandate_expired,33,11,1,0,15.87,1
PAY_08045,1483.17,insufficient_funds,35,8,3,0,25.92,0
PAY_08046,3599.54,gateway_timeout,19,6,6,0,34.45,1
PAY_08047,137.97,insufficient_funds,11,11,2,0,18.18,1
PAY_08048,941.28,gateway_timeout,52,5,4,0,1.46,0
PAY_08049,7516.86,other,25,7,1,0,5.09,0
PAY_08050,6816.1,gateway_timeout,13,7,1,0,13.02,1
PAY_08051,3635.0,card_expired,60,11,2,0,13.11,0
PAY_08052,6040.51,checkout_abandon,2,7,3,4,20.49,0
PAY_08053,3099.98,gateway_timeout,21,14,9,0,22.99,0
PAY_08054,4356.57,card_expired,45,7,3,0,15.19,0
PAY_08055,1823.28,insufficient_funds,25,6,1,0,14.9,1
PAY_08056,2806.96,card_expired,51,7,2,0,1.03,0
PAY_08057,1328.33,checkout_abandon,22,10,2,1,7.37,1
PAY_08058,8844.31,gateway_timeout,39,9,3,0,1.05,1
PAY_08059,11448.4,other,26,13,2,0,8.62,0
PAY_08060,9936.39,gateway_timeout,29,7,2,0,2.98,1
PAY_08061,1662.27,other,30,5,2,0,22.22,0
PAY_08062,963.21,other,59,10,0,0,14.57,0
PAY_08063,8964.43,gateway_timeout,46,11,2,0,2.35,1
PAY_08064,4306.81,gateway_timeout,23,9,3,0,4.0,0
PAY_08065,3472.5,card_expired,25,10,2,0,9.84,0
PAY_08066,1326.65,insufficient_funds,25,8,1,0,1.68,0
PAY_08067,3826.52,mandate_expired,45,10,4,0,0.94,0
PAY_08068,844.52,insufficient_funds,36,6,1,0,6.67,1
PAY_08069,4713.13,insufficient_funds,33,9,3,0,11.08,0
PAY_08070,9926.2,checkout_abandon,26,7,3,5,0.61,0
PAY_08071,12773.03,mandate_expired,24,4,1,0,2.6,1
PAY_08072,5077.48,mandate_expired,34,7,5,0,3.33,1
PAY_08073,627.68,checkout_abandon,50,7,2,4,54.79,0
PAY_08074,3045.37,gateway_timeout,58,7,3,0,9.19,1
PAY_08075,21241.83,gateway_timeout,4,10,3,0,8.45,0
PAY_08076,1048.83,insufficient_funds,15,6,2,0,27.49,1
PAY_08077,2356.34,gateway_timeout,42,6,5,0,6.19,0
PAY_08078,10276.04,gateway_timeout,9,9,0,0,16.05,1
PAY_08079,4634.02,checkout_abandon,37,11,3,3,17.53,1
PAY_08080,29857.83,insufficient_funds,26,14,1,0,49.26,1
PAY_08081,1201.32,insufficient_funds,12,7,2,0,1.45,0
PAY_08082,929.17,mandate_expired,31,3,3,0,13.94,0
PAY_08083,8502.98,insufficient_funds,31,14,3,0,2.2,1
PAY_08084,756.1,other,43,6,2,0,8.42,0
PAY_08085,2053.45,gateway_timeout,50,4,2,0,3.82,1
PAY_08086,2341.15,insufficient_funds,58,10,2,0,20.31,1
PAY_08087,7044.73,other,27,1,4,0,45.56,0
PAY_08088,4620.76,checkout_abandon,42,6,1,3,6.91,0
PAY_08089,3948.58,card_expired,48,4,0,0,21.34,0
PAY_08090,1671.73,gateway_timeout,60,7,1,0,5.37,1
PAY_08091,8425.77,gateway_timeout,40,5,2,0,0.91,1
PAY_08092,100000.0,mandate_expired,15,8,4,0,6.44,0
PAY_08093,4990.68,gateway_timeout,21,13,1,0,13.38,1
PAY_08094,2762.02,checkout_abandon,13,5,2,2,3.41,0
PAY_08095,682.79,gateway_timeout,12,6,0,0,0.96,1
PAY_08096,1321.56,gateway_timeout,19,7,0,0,6.85,1
PAY_08097,2018.96,insufficient_funds,30,10,0,0,6.2,1
PAY_08098,1464.76,card_expired,48,8,1,0,4.9,0
PAY_08099,2460.13,gateway_timeout,18,4,2,0,1.79,0
PAY_08100,14795.26,other,12,4,0,0,9.16,0
PAY_08101,8701.17,gateway_timeout,8,7,3,0,4.08,1
PAY_08102,2132.85,checkout_abandon,12,10,2,2,1.04,0
PAY_08103,746.78,gateway_timeout,26,16,6,0,11.83,1
PAY_08104,9522.51,mandate_expired,25,6,2,0,0.33,0
PAY_08105,2380.32,card_expired,24,8,2,0,4.03,1
PAY_08106,444.76,checkout_abandon,20,8,2,5,2.38,1
PAY_08107,5097.35,gateway_timeout,28,7,0,0,31.54,1
PAY_08108,6972.52,mandate_expired,39,6,0,0,6.42,1
PAY_08109,220.99,insufficient_funds,3,11,0,0,5.58,0
PAY_08110,1096.08,checkout_abandon,54,12,1,1,38.08,0
PAY_08111,2238.57,mandate_expired,19,7,2,0,3.22,1
PAY_08112,5211.16,gateway_timeout,9,7,2,0,15.71,1
PAY_08113,1492.64,mandate_expired,11,7,6,0,7.95,0
PAY_08114,1087.79,mandate_expired,33,11,2,0,1.06,0
PAY_08115,5173.04,insufficient_funds,32,9,1,0,6.39,1
PAY_08116,1565.13,gateway_timeout,6,10,0,0,2.43,0
PAY_08117,4298.84,gateway_timeout,30,4,3,0,1.27,1
PAY_08118,822.65,card_expired,14,7,3,0,0.98,0
PAY_08119,646.59,checkout_abandon,55,8,0,4,3.88,0
PAY_08120,5320.46,gateway_timeout,19,6,1,0,6.2,1
PAY_08121,3218.16,gateway_timeout,60,7,1,0,15.94,1
PAY_08122,6288.65,insufficient_funds,35,12,3,0,19.38,1
PAY_08123,1467.7,insufficient_funds,58,4,2,0,9.36,1
PAY_08124,1128.83,insufficient_funds,34,8,0,0,18.28,0
PAY_08125,9747.49,insufficient_funds,8,10,2,0,6.58,0
PAY_08126,545.16,insufficient_funds,39,8,3,0,12.45,1
PAY_08127,8738.61,checkout_abandon,29,6,1,1,2.83,0
PAY_08128,9363.28,checkout_abandon,50,9,1,5,6.43,1
PAY_08129,5908.43,insufficient_funds,24,5,1,0,1.93,1
PAY_08130,1256.69,checkout_abandon,12,5,2,5,5.95,1
PAY_08131,1104.91,insufficient_funds,7,8,2,0,3.75,0
PAY_08132,2026.35,gateway_timeout,45,7,3,0,32.18,1
PAY_08133,684.72,other,14,12,2,0,6.89,0
PAY_08134,955.61,checkout_abandon,41,5,3,1,0.38,1
PAY_08135,4763.7,insufficient_funds,9,7,2,0,16.92,0
PAY_08136,4785.74,gateway_timeout,5,7,1,0,3.1,1
PAY_08137,875.22,mandate_expired,43,4,1,0,9.58,1
PAY_08138,4915.59,insufficient_funds,21,6,0,0,0.56,1
PAY_08139,3937.69,other,35,6,2,0,9.73,0
PAY_08140,11315.54,gateway_timeout,2,5,2,0,4.02,0
PAY_08141,4416.85,insufficient_funds,12,6,5,0,6.99,0
PAY_08142,7205.7,checkout_abandon,6,4,4,3,1.67,0
PAY_08143,4028.4,mandate_expired,17,9,1,0,7.98,0
PAY_08144,6660.67,checkout_abandon,18,9,0,4,11.64,1
PAY_08145,690.16,other,23,4,1,0,35.69,0
PAY_08146,2213.44,other,15,9,0,0,16.9,0
PAY_08147,2404.42,insufficient_funds,28,10,1,0,10.26,0
PAY_08148,1959.21,insufficient_funds,55,10,3,0,9.85,1
PAY_08149,3896.88,gateway_timeout,6,10,1,0,2.4,1
PAY_08150,4714.63,checkout_abandon,54,4,1,4,1.43,0
PAY_08151,3700.8,checkout_abandon,25,8,3,1,21.53,0
PAY_08152,2094.57,gateway_timeout,35,8,0,0,9.29,1
PAY_08153,1197.89,other,41,8,3,0,14.25,0
PAY_08154,7489.31,gateway_timeout,45,11,2,0,3.26,1
PAY_08155,3546.72,card_expired,57,8,2,0,2.25,0
PAY_08156,902.74,card_expired,60,8,1,0,17.15,1
PAY_08157,2059.79,insufficient_funds,6,7,4,0,20.05,0
PAY_08158,437.36,insufficient_funds,25,8,2,0,43.31,0
PAY_08159,2590.01,insufficient_funds,33,9,1,0,24.28,1
PAY_08160,2050.15,other,32,8,2,0,2.34,0
PAY_08161,1407.51,gateway_timeout,60,4,3,0,18.85,1
PAY_08162,12193.35,card_expired,40,8,0,0,15.54,0
PAY_08163,786.74,checkout_abandon,25,9,3,5,3.33,0
PAY_08164,5066.67,checkout_abandon,56,9,0,5,10.13,1
PAY_08165,22264.62,other,44,6,3,0,15.77,0
PAY_08166,7341.61,gateway_timeout,48,10,5,0,3.86,1
PAY_08167,2422.38,mandate_expired,38,9,3,0,25.0,1
PAY_08168,804.3,gateway_timeout,4,9,2,0,6.05,1
PAY_08169,640.33,insufficient_funds,59,8,6,0,0.6,0
PAY_08170,1656.55,insufficient_funds,43,7,3,0,4.82,1
PAY_08171,1257.71,insufficient_funds,9,9,2,0,0.44,0
PAY_08172,1217.43,mandate_expired,16,9,3,0,5.49,1
PAY_08173,1803.95,gateway_timeout,21,8,2,0,3.92,1
PAY_08174,2257.02,checkout_abandon,16,7,1,1,14.84,0
PAY_08175,4061.3,insufficient_funds,38,8,4,0,41.03,0
PAY_08176,725.06,checkout_abandon,33,8,5,3,11.81,0
PAY_08177,1263.7,card_expired,13,6,1,0,13.01,0
PAY_08178,2131.06,checkout_abandon,42,7,1,5,7.46,1
PAY_08179,2056.09,other,18,6,2,0,5.01,0
PAY_08180,15685.15,insufficient_funds,10,11,8,0,0.48,0
PAY_08181,3153.58,insufficient_funds,58,13,0,0,2.26,1
PAY_08182,497.93,checkout_abandon,19,9,3,5,20.36,1
PAY_08183,3797.99,gateway_timeout,14,8,2,0,25.29,1
PAY_08184,4314.38,mandate_expired,43,9,0,0,14.41,0
PAY_08185,2205.96,card_expired,46,10,1,0,13.4,0
PAY_08186,742.97,insufficient_funds,10,7,3,0,5.84,0
PAY_08187,14502.85,other,4,10,2,0,6.45,0
PAY_08188,857.62,insufficient_funds,51,8,1,0,25.1,1
PAY_08189,4840.72,mandate_expired,31,13,3,0,11.97,1
PAY_08190,3053.66,gateway_timeout,28,7,0,0,10.43,1
PAY_08191,4558.99,mandate_expired,26,7,2,0,4.34,1
PAY_08192,13779.04,insufficient_funds,36,7,1,0,0.11,0
PAY_08193,4383.86,other,41,7,0,0,12.18,1
PAY_08194,1429.93,other,5,7,2,0,13.16,0
PAY_08195,7555.55,checkout_abandon,16,7,2,2,1.17,1
PAY_08196,1330.02,checkout_abandon,58,13,2,5,19.67,1
PAY_08197,2944.23,mandate_expired,11,8,3,0,40.17,0
PAY_08198,686.06,checkout_abandon,55,6,2,1,24.1,0
PAY_08199,889.59,checkout_abandon,25,8,0,5,14.49,0
PAY_08200,2631.82,checkout_abandon,12,5,5,5,27.2,1
PAY_08201,3612.42,card_expired,36,10,5,0,1.48,0
PAY_08202,455.62,checkout_abandon,40,10,5,3,3.05,1
PAY_08203,4110.64,insufficient_funds,21,6,2,0,25.29,1
PAY_08204,1101.71,other,48,9,2,0,1.3,0
PAY_08205,8988.79,insufficient_funds,4,8,0,0,0.17,0
PAY_08206,1758.26,insufficient_funds,8,14,1,0,42.29,1
PAY_08207,812.75,other,38,4,1,0,9.52,0
PAY_08208,2696.88,insufficient_funds,35,4,0,0,2.09,0
PAY_08209,1000.06,insufficient_funds,42,8,0,0,11.03,1
PAY_08210,8892.75,checkout_abandon,52,5,0,2,1.42,1
PAY_08211,2501.33,card_expired,56,14,4,0,0.97,0
PAY_08212,2148.17,insufficient_funds,31,3,1,0,9.78,1
PAY_08213,4518.1,checkout_abandon,31,9,3,2,11.99,0
PAY_08214,915.16,insufficient_funds,56,10,1,0,2.35,1
PAY_08215,688.76,gateway_timeout,58,7,1,0,0.61,1
PAY_08216,3760.84,gateway_timeout,3,9,1,0,26.57,1
PAY_08217,832.45,insufficient_funds,31,5,5,0,2.76,0
PAY_08218,832.17,other,56,8,0,0,1.53,0
PAY_08219,5772.16,mandate_expired,4,7,0,0,17.29,0
PAY_08220,4226.42,card_expired,59,9,2,0,9.02,0
PAY_08221,713.52,other,45,11,2,0,5.73,0
PAY_08222,1346.02,other,10,5,2,0,7.15,0
PAY_08223,1012.64,mandate_expired,39,4,2,0,19.18,0
PAY_08224,14770.18,gateway_timeout,26,8,1,0,15.02,1
PAY_08225,6186.08,card_expired,21,8,2,0,21.64,0
PAY_08226,1641.23,checkout_abandon,38,12,1,3,14.66,0
PAY_08227,4448.14,gateway_timeout,45,2,2,0,0.85,1
PAY_08228,644.1,gateway_timeout,54,6,1,0,21.01,1
PAY_08229,1275.89,gateway_timeout,26,7,1,0,7.0,1
PAY_08230,2776.4,checkout_abandon,10,7,2,2,10.03,0
PAY_08231,3929.54,card_expired,52,7,1,0,17.89,0
PAY_08232,2267.85,checkout_abandon,21,6,0,2,37.31,0
PAY_08233,3203.69,gateway_timeout,46,5,0,0,0.1,0
PAY_08234,2703.72,insufficient_funds,48,9,3,0,2.39,1
PAY_08235,2122.75,card_expired,4,3,1,0,14.01,0
PAY_08236,1859.2,gateway_timeout,25,11,2,0,3.76,0
PAY_08237,1632.36,gateway_timeout,6,7,2,0,11.16,1
PAY_08238,3152.6,card_expired,37,6,2,0,7.89,0
PAY_08239,3770.12,card_expired,48,9,2,0,16.05,0
PAY_08240,3048.5,checkout_abandon,34,10,4,3,4.56,1
PAY_08241,769.28,mandate_expired,20,7,1,0,23.17,0
PAY_08242,920.69,insufficient_funds,59,10,2,0,1.75,1
PAY_08243,3725.39,other,6,9,0,0,27.38,0
PAY_08244,10891.3,checkout_abandon,9,5,1,4,19.89,0
PAY_08245,2911.61,mandate_expired,22,11,2,0,35.67,0
PAY_08246,1656.36,insufficient_funds,57,7,3,0,9.59,1
PAY_08247,3128.74,mandate_expired,54,12,3,0,3.29,0
PAY_08248,802.09,gateway_timeout,34,10,2,0,0.62,1
PAY_08249,9255.65,checkout_abandon,58,9,1,4,28.88,1
PAY_08250,3012.85,mandate_expired,55,6,2,0,36.68,0
PAY_08251,1279.97,card_expired,36,4,3,0,14.86,0
PAY_08252,2115.93,gateway_timeout,8,8,3,0,4.14,1
PAY_08253,1475.88,other,54,15,2,0,25.59,0
PAY_08254,9280.92,insufficient_funds,39,5,0,0,3.23,1
PAY_08255,2042.25,checkout_abandon,9,18,0,5,3.96,1
PAY_08256,2920.21,insufficient_funds,51,8,1,0,14.07,1
PAY_08257,4437.17,gateway_timeout,24,14,3,0,4.44,1
PAY_08258,1191.87,other,48,12,4,0,0.33,0
PAY_08259,3034.36,insufficient_funds,16,3,2,0,1.56,0
PAY_08260,3289.47,other,1,7,3,0,0.1,0
PAY_08261,528.46,gateway_timeout,28,6,2,0,4.52,1
PAY_08262,3218.73,mandate_expired,28,8,0,0,12.11,0
PAY_08263,2388.17,insufficient_funds,52,18,0,0,13.87,1
PAY_08264,2846.97,mandate_expired,7,7,2,0,2.5,0
PAY_08265,2590.68,other,55,16,1,0,9.89,0
PAY_08266,3239.63,checkout_abandon,10,6,2,4,2.02,1
PAY_08267,9522.28,gateway_timeout,57,10,2,0,15.35,1
PAY_08268,768.58,card_expired,43,12,0,0,14.39,1
PAY_08269,1775.6,mandate_expired,22,5,0,0,38.0,1
PAY_08270,4869.1,insufficient_funds,58,9,4,0,1.32,1
PAY_08271,4043.93,mandate_expired,22,7,2,0,14.73,1
PAY_08272,3957.83,mandate_expired,39,8,1,0,7.95,0
PAY_08273,39246.72,card_expired,1,10,1,0,6.69,0
PAY_08274,4620.15,gateway_timeout,7,8,2,0,7.82,1
PAY_08275,7746.4,gateway_timeout,22,7,2,0,2.85,1
PAY_08276,1838.99,other,15,10,5,0,2.82,0
PAY_08277,926.24,checkout_abandon,14,10,2,1,4.92,0
PAY_08278,1825.72,checkout_abandon,23,6,3,3,0.77,0
PAY_08279,5094.96,other,37,15,2,0,1.32,0
PAY_08280,3755.11,insufficient_funds,8,10,3,0,1.11,0
PAY_08281,3741.71,gateway_timeout,46,7,1,0,9.07,0
PAY_08282,2017.68,card_expired,51,1,0,0,3.82,1
PAY_08283,1720.28,mandate_expired,51,6,2,0,14.62,1
PAY_08284,2088.47,other,12,6,3,0,36.42,0
PAY_08285,5159.12,mandate_expired,53,3,2,0,25.86,1
PAY_08286,5795.13,gateway_timeout,8,7,3,0,5.0,1
PAY_08287,913.98,gateway_timeout,7,6,2,0,1.66,1
PAY_08288,5358.23,insufficient_funds,44,7,2,0,3.81,1
PAY_08289,1304.17,other,46,6,1,0,1.33,0
PAY_08290,3995.67,insufficient_funds,8,9,2,0,10.29,0
PAY_08291,2063.34,checkout_abandon,25,7,3,5,14.17,1
PAY_08292,11966.12,gateway_timeout,25,9,4,0,39.15,1
PAY_08293,1645.78,insufficient_funds,44,9,2,0,8.5,1
PAY_08294,2988.89,gateway_timeout,31,8,0,0,2.04,0
PAY_08295,4585.43,mandate_expired,37,6,2,0,25.64,0
PAY_08296,1043.24,insufficient_funds,5,8,3,0,15.13,1
PAY_08297,2324.33,other,59,7,2,0,7.28,0
PAY_08298,1914.98,other,34,2,4,0,13.48,0
PAY_08299,1495.52,insufficient_funds,41,12,2,0,13.05,1
PAY_08300,1610.54,card_expired,29,13,2,0,17.06,0
PAY_08301,7601.19,gateway_timeout,15,4,0,0,6.77,0
PAY_08302,1374.02,insufficient_funds,41,8,1,0,4.77,1
PAY_08303,4404.82,gateway_timeout,18,10,5,0,10.89,1
PAY_08304,3424.26,card_expired,14,7,2,0,19.3,0
PAY_08305,618.36,mandate_expired,34,13,6,0,12.17,0
PAY_08306,4201.58,insufficient_funds,22,11,3,0,6.2,0
PAY_08307,608.22,mandate_expired,54,9,3,0,3.5,1
PAY_08308,4685.08,mandate_expired,40,9,3,0,3.16,1
PAY_08309,1505.46,mandate_expired,23,19,5,0,2.15,0
PAY_08310,2521.01,checkout_abandon,3,2,6,1,21.28,1
PAY_08311,685.24,card_expired,21,7,1,0,42.7,0
PAY_08312,2825.47,mandate_expired,7,8,2,0,4.69,0
PAY_08313,6316.98,insufficient_funds,14,10,2,0,1.16,1
PAY_08314,1115.53,card_expired,18,12,4,0,16.5,0
PAY_08315,1362.23,gateway_timeout,40,10,4,0,10.74,1
PAY_08316,3938.94,mandate_expired,7,7,3,0,1.46,0
PAY_08317,4038.64,mandate_expired,10,7,1,0,22.43,0
PAY_08318,219.17,gateway_timeout,3,4,2,0,6.78,1
PAY_08319,18759.44,insufficient_funds,56,11,4,0,17.65,1
PAY_08320,4241.19,mandate_expired,60,7,2,0,4.87,0
PAY_08321,5018.89,card_expired,18,13,2,0,12.46,0
PAY_08322,2165.71,card_expired,28,7,0,0,14.64,0
PAY_08323,390.99,checkout_abandon,19,8,1,2,2.88,0
PAY_08324,4908.72,insufficient_funds,33,9,4,0,0.99,0
PAY_08325,1420.63,gateway_timeout,34,11,2,0,6.86,1
PAY_08326,4306.92,card_expired,16,12,0,0,12.13,0
PAY_08327,2008.7,gateway_timeout,39,12,0,0,16.07,1
PAY_08328,3171.9,mandate_expired,1,4,2,0,13.11,1
PAY_08329,1151.76,gateway_timeout,39,3,1,0,14.98,1
PAY_08330,5933.89,insufficient_funds,46,6,1,0,59.11,1
PAY_08331,761.79,checkout_abandon,4,9,2,1,24.25,1
PAY_08332,23614.48,checkout_abandon,44,11,4,3,6.25,0
PAY_08333,23435.2,checkout_abandon,45,9,2,2,27.42,1
PAY_08334,12794.18,gateway_timeout,59,12,1,0,0.42,1
PAY_08335,8951.04,card_expired,49,12,3,0,1.35,0
PAY_08336,2297.32,checkout_abandon,2,10,2,5,2.8,1
PAY_08337,8027.21,card_expired,5,9,2,0,5.81,0
PAY_08338,2270.76,checkout_abandon,9,9,1,4,52.85,0
PAY_08339,528.76,gateway_timeout,35,9,1,0,5.12,1
PAY_08340,11240.15,mandate_expired,43,14,1,0,2.02,0
PAY_08341,7730.05,checkout_abandon,40,11,0,5,4.39,0
PAY_08342,2422.87,checkout_abandon,20,7,2,5,10.59,1
PAY_08343,734.26,mandate_expired,13,13,0,0,25.3,1
PAY_08344,1391.09,insufficient_funds,4,6,1,0,9.9,0
PAY_08345,404.6,other,23,8,3,0,13.31,0
PAY_08346,6432.55,gateway_timeout,19,12,2,0,13.85,0
PAY_08347,503.07,insufficient_funds,19,10,2,0,12.12,1
PAY_08348,3330.5,card_expired,6,6,0,0,17.24,0
PAY_08349,1075.3,insufficient_funds,18,16,1,0,1.91,1
PAY_08350,600.25,other,51,9,1,0,1.36,0
PAY_08351,3172.9,gateway_timeout,15,7,3,0,12.48,0
PAY_08352,1790.49,gateway_timeout,53,6,2,0,8.18,1
PAY_08353,5780.44,insufficient_funds,6,10,2,0,35.38,0
PAY_08354,703.76,insufficient_funds,39,9,0,0,33.07,1
PAY_08355,1172.31,insufficient_funds,7,4,5,0,37.06,0
PAY_08356,229.61,insufficient_funds,24,9,4,0,12.57,1
PAY_08357,281.38,gateway_timeout,58,7,1,0,8.36,1
PAY_08358,15096.81,gateway_timeout,47,14,3,0,8.86,1
PAY_08359,20083.31,gateway_timeout,31,5,2,0,13.26,1
PAY_08360,2742.9,insufficient_funds,38,8,2,0,6.11,1
PAY_08361,1096.87,insufficient_funds,40,5,0,0,6.56,0
PAY_08362,1854.92,insufficient_funds,48,8,1,0,11.81,1
PAY_08363,5988.64,insufficient_funds,36,10,1,0,9.64,1
PAY_08364,1494.66,gateway_timeout,31,10,1,0,2.17,1
PAY_08365,3170.61,insufficient_funds,5,12,3,0,1.27,1
PAY_08366,2468.31,gateway_timeout,58,3,1,0,5.96,1
PAY_08367,1415.49,other,34,11,2,0,25.2,0
PAY_08368,1477.13,gateway_timeout,18,8,1,0,8.51,1
PAY_08369,3352.18,insufficient_funds,9,5,1,0,7.57,1
PAY_08370,941.2,mandate_expired,37,10,0,0,8.27,0
PAY_08371,3927.57,checkout_abandon,47,8,0,3,16.1,0
PAY_08372,1560.04,insufficient_funds,49,6,1,0,0.72,0
PAY_08373,2839.59,card_expired,54,9,0,0,36.11,1
PAY_08374,9976.71,mandate_expired,54,11,2,0,1.31,0
PAY_08375,2112.98,other,38,8,0,0,11.68,0
PAY_08376,6272.0,other,57,9,1,0,6.94,0
PAY_08377,416.55,checkout_abandon,5,9,2,2,11.51,0
PAY_08378,1561.94,mandate_expired,24,7,0,0,7.72,0
PAY_08379,2570.19,gateway_timeout,30,9,2,0,3.52,1
PAY_08380,17109.29,other,42,4,0,0,10.44,0
PAY_08381,352.16,checkout_abandon,18,9,1,5,13.57,1
PAY_08382,2270.68,gateway_timeout,18,7,5,0,11.36,1
PAY_08383,10729.31,insufficient_funds,55,6,4,0,35.94,1
PAY_08384,1140.28,checkout_abandon,39,11,1,2,14.59,0
PAY_08385,2020.72,checkout_abandon,39,8,4,4,11.19,1
PAY_08386,3483.47,card_expired,12,10,2,0,24.48,1
PAY_08387,3006.57,insufficient_funds,31,5,1,0,15.89,1
PAY_08388,11965.9,card_expired,26,10,3,0,4.2,1
PAY_08389,3914.8,insufficient_funds,38,9,1,0,4.82,0
PAY_08390,9431.58,checkout_abandon,56,7,4,1,1.25,0
PAY_08391,1744.18,gateway_timeout,17,13,3,0,25.77,1
PAY_08392,1192.16,gateway_timeout,49,12,0,0,0.9,1
PAY_08393,1994.85,gateway_timeout,39,5,4,0,11.41,1
PAY_08394,784.42,insufficient_funds,30,7,3,0,22.06,1
PAY_08395,4054.4,insufficient_funds,58,3,3,0,45.17,1
PAY_08396,1699.63,card_expired,9,4,2,0,61.43,0
PAY_08397,1276.99,insufficient_funds,41,6,2,0,24.73,0
PAY_08398,4116.28,mandate_expired,24,10,2,0,17.12,1
PAY_08399,796.58,mandate_expired,41,3,4,0,7.59,1
PAY_08400,5402.13,insufficient_funds,9,9,4,0,16.67,1
PAY_08401,1549.53,other,45,9,2,0,8.58,0
PAY_08402,7967.63,card_expired,5,9,1,0,14.47,0
PAY_08403,1688.01,card_expired,21,13,3,0,4.69,0
PAY_08404,4703.0,card_expired,55,12,0,0,2.43,0
PAY_08405,2991.73,checkout_abandon,38,12,2,2,4.73,1
PAY_08406,5260.32,other,30,7,1,0,12.91,0
PAY_08407,2790.55,insufficient_funds,20,7,2,0,15.95,1
PAY_08408,473.74,insufficient_funds,6,7,1,0,18.12,1
PAY_08409,6855.73,mandate_expired,7,9,2,0,53.05,1
PAY_08410,2290.13,gateway_timeout,44,11,3,0,0.47,1
PAY_08411,5505.83,checkout_abandon,17,5,0,2,7.91,0
PAY_08412,4985.52,gateway_timeout,5,11,4,0,68.81,1
PAY_08413,1153.72,gateway_timeout,27,8,2,0,0.6,0
PAY_08414,1001.5,other,24,7,2,0,57.12,1
PAY_08415,4814.57,insufficient_funds,58,7,0,0,1.4,1
PAY_08416,1846.04,insufficient_funds,14,5,2,0,7.29,0
PAY_08417,6377.14,mandate_expired,17,7,3,0,2.62,0
PAY_08418,2091.94,card_expired,10,4,1,0,7.07,0
PAY_08419,6956.67,card_expired,12,6,2,0,10.52,0
PAY_08420,3817.5,insufficient_funds,33,10,1,0,27.88,0
PAY_08421,3334.31,other,14,6,3,0,14.82,0
PAY_08422,1719.92,checkout_abandon,44,3,3,4,6.45,1
PAY_08423,3154.15,card_expired,50,11,3,0,21.99,0
PAY_08424,8241.18,insufficient_funds,30,5,4,0,0.99,1
PAY_08425,2368.07,gateway_timeout,15,13,1,0,44.18,1
PAY_08426,4252.32,checkout_abandon,50,10,0,1,2.88,0
PAY_08427,2618.63,checkout_abandon,58,8,3,2,14.37,0
PAY_08428,2831.75,insufficient_funds,56,6,2,0,2.24,1
PAY_08429,14009.02,checkout_abandon,56,6,1,3,8.31,1
PAY_08430,8314.66,mandate_expired,49,5,4,0,16.28,1
PAY_08431,2706.6,gateway_timeout,45,9,1,0,2.23,0
PAY_08432,3097.96,checkout_abandon,58,10,3,3,2.4,0
PAY_08433,1239.14,gateway_timeout,21,11,5,0,10.3,0
PAY_08434,2102.9,other,56,3,1,0,0.36,0
PAY_08435,3406.51,checkout_abandon,2,11,3,1,7.88,0
PAY_08436,5852.71,checkout_abandon,50,10,2,2,15.88,0
PAY_08437,5288.38,other,21,4,4,0,5.54,0
PAY_08438,824.51,mandate_expired,18,11,4,0,5.68,0
PAY_08439,6641.07,gateway_timeout,41,6,0,0,25.72,0
PAY_08440,2287.63,mandate_expired,11,8,3,0,28.12,0
PAY_08441,931.74,other,60,7,3,0,0.92,1
PAY_08442,9513.15,insufficient_funds,44,10,2,0,2.19,1
PAY_08443,10800.25,checkout_abandon,2,3,2,3,22.93,1
PAY_08444,3254.5,insufficient_funds,51,9,1,0,5.52,1
PAY_08445,5078.85,card_expired,7,13,4,0,14.98,0
PAY_08446,5385.66,mandate_expired,50,5,2,0,3.34,1
PAY_08447,10095.23,other,49,4,3,0,6.41,0
PAY_08448,5177.69,mandate_expired,39,6,2,0,28.28,1
PAY_08449,662.72,insufficient_funds,37,13,2,0,13.74,0
PAY_08450,18654.71,checkout_abandon,50,3,1,3,11.47,0
PAY_08451,7256.86,other,52,6,0,0,13.94,0
PAY_08452,1501.95,insufficient_funds,43,14,3,0,0.17,1
PAY_08453,892.85,insufficient_funds,11,9,2,0,1.76,0
PAY_08454,4141.69,mandate_expired,40,12,1,0,9.34,1
PAY_08455,1892.75,checkout_abandon,13,13,4,1,11.37,1
PAY_08456,3477.4,insufficient_funds,3,4,1,0,2.11,0
PAY_08457,5257.72,gateway_timeout,10,5,2,0,5.81,1
PAY_08458,1418.85,gateway_timeout,28,7,2,0,3.08,1
PAY_08459,818.88,mandate_expired,58,6,2,0,11.92,0
PAY_08460,3677.04,checkout_abandon,3,6,3,2,5.45,0
PAY_08461,1466.54,checkout_abandon,5,9,2,1,0.33,0
PAY_08462,2893.27,card_expired,6,12,2,0,18.89,0
PAY_08463,652.44,gateway_timeout,12,11,2,0,6.93,1
PAY_08464,1942.76,mandate_expired,33,6,1,0,14.82,0
PAY_08465,5110.22,gateway_timeout,50,9,4,0,14.73,1
PAY_08466,4582.4,gateway_timeout,3,8,0,0,1.16,1
PAY_08467,1136.48,checkout_abandon,49,6,5,4,13.59,1
PAY_08468,777.27,mandate_expired,55,6,1,0,18.77,1
PAY_08469,2539.72,other,5,8,1,0,8.21,0
PAY_08470,4381.2,gateway_timeout,28,8,1,0,2.53,1
PAY_08471,3748.91,insufficient_funds,49,5,2,0,40.14,1
PAY_08472,1498.0,gateway_timeout,42,11,7,0,9.39,1
PAY_08473,3367.31,checkout_abandon,12,11,1,4,8.94,0
PAY_08474,11230.65,insufficient_funds,9,10,5,0,25.26,0
PAY_08475,3069.26,other,27,7,1,0,1.58,0
PAY_08476,488.28,card_expired,51,5,1,0,7.89,0
PAY_08477,3063.29,checkout_abandon,57,6,3,4,22.16,0
PAY_08478,19302.75,checkout_abandon,29,8,2,3,1.67,1
PAY_08479,689.97,insufficient_funds,32,10,0,0,6.43,1
PAY_08480,2575.43,checkout_abandon,34,3,1,5,3.68,1
PAY_08481,1993.63,checkout_abandon,30,8,3,4,12.89,1
PAY_08482,2751.58,other,39,7,3,0,10.48,0
PAY_08483,3036.01,checkout_abandon,17,8,1,2,0.64,0
PAY_08484,7816.7,insufficient_funds,33,6,1,0,7.25,1
PAY_08485,2721.2,insufficient_funds,37,13,1,0,24.43,0
PAY_08486,8966.99,insufficient_funds,34,11,2,0,38.28,1
PAY_08487,2222.51,other,59,10,1,0,14.89,1
PAY_08488,1761.48,card_expired,45,7,3,0,13.28,0
PAY_08489,1280.32,card_expired,45,8,1,0,20.29,0
PAY_08490,406.25,card_expired,49,5,3,0,8.71,0
PAY_08491,3293.9,insufficient_funds,32,10,2,0,2.5,1
PAY_08492,19497.59,mandate_expired,19,10,3,0,1.47,1
PAY_08493,3953.2,mandate_expired,33,13,1,0,5.38,0
PAY_08494,4968.1,insufficient_funds,56,12,2,0,23.36,0
PAY_08495,1654.1,checkout_abandon,53,8,2,2,16.57,1
PAY_08496,1958.07,mandate_expired,22,6,3,0,8.64,0
PAY_08497,6692.13,other,29,10,1,0,0.57,0
PAY_08498,18633.93,insufficient_funds,17,5,3,0,9.92,1
PAY_08499,11070.0,other,1,9,1,0,2.23,0
PAY_08500,5593.11,other,19,3,0,0,45.78,0
PAY_08501,2589.44,other,7,7,2,0,12.64,0
PAY_08502,3083.33,insufficient_funds,22,9,1,0,0.81,1
PAY_08503,1176.78,insufficient_funds,4,10,0,0,3.05,0
PAY_08504,587.5,mandate_expired,20,9,1,0,9.2,1
PAY_08505,810.17,gateway_timeout,43,7,5,0,23.36,0
PAY_08506,2627.65,insufficient_funds,51,9,0,0,18.84,1
PAY_08507,1866.94,card_expired,54,15,4,0,2.82,0
PAY_08508,575.13,insufficient_funds,34,7,3,0,21.98,0
PAY_08509,2408.41,gateway_timeout,33,2,2,0,49.17,1
PAY_08510,1818.22,other,59,4,0,0,2.68,0
PAY_08511,773.71,gateway_timeout,34,9,1,0,7.92,1
PAY_08512,1726.53,other,6,11,1,0,8.13,0
PAY_08513,1813.64,gateway_timeout,57,10,2,0,3.29,1
PAY_08514,1349.39,gateway_timeout,37,10,2,0,20.51,1
PAY_08515,6315.21,insufficient_funds,40,10,0,0,13.2,1
PAY_08516,372.84,gateway_timeout,6,3,2,0,6.22,1
PAY_08517,343.18,gateway_timeout,29,12,1,0,1.07,1
PAY_08518,2508.23,card_expired,28,8,2,0,21.99,1
PAY_08519,2752.25,other,49,5,3,0,9.9,0
PAY_08520,3745.32,insufficient_funds,23,6,0,0,4.13,0
PAY_08521,1458.37,insufficient_funds,21,10,2,0,5.02,1
PAY_08522,998.37,mandate_expired,41,13,2,0,19.53,1
PAY_08523,2481.78,checkout_abandon,1,6,2,1,1.26,0
PAY_08524,1607.55,gateway_timeout,45,9,1,0,31.46,0
PAY_08525,11791.3,gateway_timeout,1,13,1,0,14.91,1
PAY_08526,1807.71,insufficient_funds,15,8,2,0,40.73,1
PAY_08527,2370.51,checkout_abandon,30,5,1,3,9.78,1
PAY_08528,29716.69,insufficient_funds,12,10,0,0,36.73,0
PAY_08529,2057.58,mandate_expired,3,6,1,0,11.07,1
PAY_08530,4359.89,gateway_timeout,26,15,2,0,2.95,1
PAY_08531,4771.21,gateway_timeout,43,14,1,0,0.18,1
PAY_08532,5194.98,checkout_abandon,15,4,1,5,29.29,1
PAY_08533,3339.36,insufficient_funds,17,10,1,0,51.52,1
PAY_08534,3034.76,other,41,15,3,0,6.0,0
PAY_08535,2763.85,mandate_expired,57,15,2,0,9.62,1
PAY_08536,1405.36,other,32,9,0,0,1.92,0
PAY_08537,3461.87,checkout_abandon,34,6,1,1,17.09,0
PAY_08538,19009.46,gateway_timeout,50,7,2,0,4.55,0
PAY_08539,8389.43,insufficient_funds,4,8,1,0,4.02,0
PAY_08540,3387.89,checkout_abandon,59,8,3,2,12.01,0
PAY_08541,5883.32,checkout_abandon,29,7,3,4,0.17,0
PAY_08542,1048.24,gateway_timeout,23,7,1,0,8.49,0
PAY_08543,1926.64,insufficient_funds,38,7,0,0,6.93,1
PAY_08544,6450.39,gateway_timeout,55,13,1,0,5.55,1
PAY_08545,11061.36,insufficient_funds,57,10,1,0,4.35,1
PAY_08546,1156.53,gateway_timeout,47,7,2,0,11.16,1
PAY_08547,1541.42,checkout_abandon,30,4,1,4,21.17,0
PAY_08548,22146.21,other,9,5,3,0,5.06,0
PAY_08549,2752.62,insufficient_funds,12,6,4,0,23.04,0
PAY_08550,15481.61,insufficient_funds,51,11,1,0,60.1,0
PAY_08551,3074.52,gateway_timeout,8,12,1,0,20.15,1
PAY_08552,3197.83,insufficient_funds,29,8,0,0,8.9,1
PAY_08553,1841.9,mandate_expired,25,12,1,0,11.62,1
PAY_08554,6416.33,insufficient_funds,43,7,2,0,14.46,1
PAY_08555,9718.86,other,21,5,2,0,6.98,0
PAY_08556,888.06,card_expired,43,9,2,0,3.96,1
PAY_08557,1757.41,checkout_abandon,31,17,1,5,8.45,1
PAY_08558,6242.43,other,54,7,2,0,18.81,0
PAY_08559,2196.23,checkout_abandon,12,5,3,3,23.78,1
PAY_08560,1526.39,other,46,6,1,0,38.21,0
PAY_08561,6860.86,gateway_timeout,44,10,1,0,24.92,1
PAY_08562,7536.39,other,50,7,3,0,9.2,0
PAY_08563,1594.64,insufficient_funds,30,7,1,0,5.25,1
PAY_08564,3091.5,gateway_timeout,20,7,1,0,9.63,1
PAY_08565,746.63,other,32,12,3,0,5.28,0
PAY_08566,1021.03,gateway_timeout,59,7,4,0,2.96,1
PAY_08567,2830.51,insufficient_funds,12,10,1,0,12.32,1
PAY_08568,2579.76,insufficient_funds,40,14,2,0,20.8,1
PAY_08569,950.67,insufficient_funds,14,7,4,0,0.91,0
PAY_08570,1221.79,gateway_timeout,47,7,6,0,2.45,1
PAY_08571,861.78,gateway_timeout,26,8,5,0,33.77,0
PAY_08572,3940.67,checkout_abandon,52,8,3,2,0.44,0
PAY_08573,349.47,card_expired,10,11,5,0,7.79,0
PAY_08574,909.11,insufficient_funds,8,3,3,0,41.43,0
PAY_08575,388.04,card_expired,58,3,0,0,10.57,0
PAY_08576,3801.18,checkout_abandon,21,9,1,3,17.59,1
PAY_08577,412.12,card_expired,6,9,1,0,1.74,0
PAY_08578,2580.59,card_expired,51,16,1,0,3.52,1
PAY_08579,12881.79,other,25,9,1,0,1.73,0
PAY_08580,13326.1,insufficient_funds,56,16,2,0,1.45,1
PAY_08581,410.81,checkout_abandon,27,7,1,3,0.85,1
PAY_08582,3369.28,other,46,6,3,0,4.92,0
PAY_08583,929.9,mandate_expired,35,10,1,0,7.12,1
PAY_08584,758.17,insufficient_funds,29,6,0,0,12.85,0
PAY_08585,2231.83,checkout_abandon,30,9,2,4,6.3,1
PAY_08586,8538.47,card_expired,16,9,2,0,3.25,1
PAY_08587,4553.74,gateway_timeout,45,8,3,0,16.63,0
PAY_08588,1222.81,mandate_expired,32,10,0,0,0.14,0
PAY_08589,5059.79,card_expired,1,12,2,0,10.67,0
PAY_08590,265.16,checkout_abandon,24,9,3,5,5.3,0
PAY_08591,1177.44,insufficient_funds,25,9,4,0,19.09,1
PAY_08592,1096.8,checkout_abandon,54,5,3,3,0.58,1
PAY_08593,2703.67,checkout_abandon,26,11,2,1,16.51,0
PAY_08594,2041.05,gateway_timeout,35,4,1,0,12.96,1
PAY_08595,2170.2,mandate_expired,5,12,2,0,26.3,1
PAY_08596,2099.23,gateway_timeout,24,9,5,0,8.8,1
PAY_08597,2556.65,other,18,7,3,0,8.0,0
PAY_08598,4290.58,card_expired,30,14,3,0,2.79,0
PAY_08599,2902.64,card_expired,54,7,3,0,12.04,0
PAY_08600,1881.25,checkout_abandon,57,2,4,5,1.25,1
PAY_08601,3736.09,insufficient_funds,18,9,4,0,5.25,1
PAY_08602,5711.11,mandate_expired,37,7,5,0,5.7,0
PAY_08603,1433.71,insufficient_funds,58,5,0,0,15.81,1
PAY_08604,2355.82,checkout_abandon,14,8,3,5,10.8,1
PAY_08605,7990.05,insufficient_funds,27,14,4,0,17.0,1
PAY_08606,829.88,checkout_abandon,31,10,1,1,24.05,1
PAY_08607,15195.4,mandate_expired,1,3,1,0,18.75,0
PAY_08608,655.17,gateway_timeout,28,13,0,0,7.95,1
PAY_08609,1769.91,gateway_timeout,8,11,2,0,1.05,1
PAY_08610,966.67,insufficient_funds,19,6,7,0,4.52,1
PAY_08611,22291.77,gateway_timeout,7,4,3,0,21.11,0
PAY_08612,1511.26,gateway_timeout,45,10,1,0,25.2,1
PAY_08613,1515.05,card_expired,51,13,3,0,2.28,1
PAY_08614,1725.54,other,17,8,1,0,10.19,0
PAY_08615,2750.8,other,3,11,1,0,4.81,0
PAY_08616,1800.11,insufficient_funds,30,7,3,0,10.63,1
PAY_08617,2188.91,gateway_timeout,7,14,1,0,25.34,1
PAY_08618,100.0,checkout_abandon,27,10,1,1,10.26,0
PAY_08619,2647.06,mandate_expired,33,9,1,0,8.04,0
PAY_08620,2544.92,mandate_expired,29,10,0,0,1.86,1
PAY_08621,7062.93,card_expired,32,11,3,0,8.85,1
PAY_08622,9256.74,checkout_abandon,35,3,2,4,11.58,1
PAY_08623,2072.14,checkout_abandon,10,6,3,3,11.56,0
PAY_08624,5654.89,other,41,9,0,0,1.24,0
PAY_08625,830.87,insufficient_funds,41,8,1,0,5.93,1
PAY_08626,5385.08,card_expired,9,9,2,0,43.18,0
PAY_08627,1410.32,mandate_expired,27,8,2,0,33.25,0
PAY_08628,764.6,insufficient_funds,18,9,3,0,4.44,0
PAY_08629,2076.54,other,24,14,5,0,9.24,0
PAY_08630,10142.79,card_expired,47,6,4,0,9.55,1
PAY_08631,2996.05,card_expired,36,5,0,0,9.36,0
PAY_08632,11164.94,insufficient_funds,55,7,2,0,8.93,1
PAY_08633,1182.41,insufficient_funds,35,11,1,0,1.06,1
PAY_08634,7128.79,mandate_expired,3,7,5,0,14.27,1
PAY_08635,1302.3,insufficient_funds,43,3,2,0,17.6,1
PAY_08636,3131.84,insufficient_funds,5,13,4,0,8.42,0
PAY_08637,3104.88,gateway_timeout,21,5,1,0,3.62,1
PAY_08638,4844.2,insufficient_funds,57,9,3,0,10.57,1
PAY_08639,3212.44,mandate_expired,60,5,5,0,30.8,1
PAY_08640,1193.76,checkout_abandon,9,12,0,1,1.42,0
PAY_08641,6029.1,insufficient_funds,60,8,2,0,12.33,1
PAY_08642,14125.01,checkout_abandon,59,4,1,5,0.47,0
PAY_08643,1394.43,insufficient_funds,53,9,1,0,4.74,1
PAY_08644,398.94,insufficient_funds,50,12,0,0,24.52,1
PAY_08645,4119.0,checkout_abandon,5,9,2,2,5.6,1
PAY_08646,1795.19,checkout_abandon,8,12,3,2,4.94,0
PAY_08647,2192.82,gateway_timeout,37,9,1,0,0.1,1
PAY_08648,4359.98,checkout_abandon,7,9,0,1,21.04,0
PAY_08649,1583.91,gateway_timeout,16,8,2,0,6.66,1
PAY_08650,1910.64,checkout_abandon,59,6,2,1,5.71,0
PAY_08651,2261.82,gateway_timeout,55,9,3,0,4.15,1
PAY_08652,10870.41,mandate_expired,16,6,0,0,12.17,0
PAY_08653,2576.32,checkout_abandon,33,7,3,1,33.6,0
PAY_08654,726.6,insufficient_funds,33,10,2,0,13.38,1
PAY_08655,756.1,mandate_expired,16,7,1,0,0.23,1
PAY_08656,2873.47,card_expired,15,7,4,0,8.47,0
PAY_08657,808.05,insufficient_funds,27,8,4,0,32.43,1
PAY_08658,524.13,checkout_abandon,37,5,3,3,0.7,0
PAY_08659,4720.08,card_expired,49,10,2,0,13.96,0
PAY_08660,4956.94,insufficient_funds,51,7,3,0,4.66,1
PAY_08661,1730.06,other,2,4,2,0,12.66,0
PAY_08662,3353.32,gateway_timeout,40,11,5,0,2.67,1
PAY_08663,3017.45,mandate_expired,37,10,1,0,6.75,1
PAY_08664,4566.33,other,3,10,2,0,23.7,0
PAY_08665,4576.99,other,51,3,2,0,0.67,0
PAY_08666,184.61,checkout_abandon,36,9,0,2,29.89,0
PAY_08667,1965.59,mandate_expired,44,10,2,0,5.57,0
PAY_08668,4196.27,gateway_timeout,40,3,2,0,15.95,1
PAY_08669,1658.37,gateway_timeout,21,9,2,0,3.36,1
PAY_08670,2592.16,card_expired,13,4,3,0,12.58,0
PAY_08671,5296.21,gateway_timeout,23,10,1,0,14.65,0
PAY_08672,2710.72,card_expired,46,5,2,0,19.15,0
PAY_08673,11293.31,insufficient_funds,39,6,1,0,26.95,1
PAY_08674,7715.85,insufficient_funds,38,11,1,0,2.72,0
PAY_08675,2220.49,insufficient_funds,8,11,2,0,0.67,0
PAY_08676,2050.83,checkout_abandon,1,7,1,2,0.1,0
PAY_08677,144.56,insufficient_funds,41,7,0,0,6.41,1
PAY_08678,1803.61,gateway_timeout,58,9,2,0,24.27,1
PAY_08679,645.99,other,22,9,1,0,0.1,0
PAY_08680,3119.02,card_expired,27,6,5,0,3.63,0
PAY_08681,2912.94,card_expired,58,7,0,0,1.55,0
PAY_08682,5013.56,insufficient_funds,14,10,1,0,3.89,0
PAY_08683,10104.3,gateway_timeout,32,10,2,0,1.03,1
PAY_08684,2435.18,mandate_expired,6,12,2,0,6.34,1
PAY_08685,24451.88,insufficient_funds,16,8,1,0,13.47,1
PAY_08686,3154.22,gateway_timeout,23,8,2,0,9.15,1
PAY_08687,674.4,other,42,13,1,0,0.92,0
PAY_08688,1425.07,insufficient_funds,19,6,1,0,20.74,1
PAY_08689,1722.1,other,28,9,2,0,10.84,0
PAY_08690,4519.57,insufficient_funds,18,14,3,0,2.3,1
PAY_08691,969.52,insufficient_funds,9,7,3,0,0.1,0
PAY_08692,1855.8,insufficient_funds,48,12,0,0,12.51,1
PAY_08693,2128.14,other,41,8,1,0,17.34,0
PAY_08694,1597.07,checkout_abandon,39,2,3,5,19.27,0
PAY_08695,5627.73,card_expired,35,6,3,0,6.68,0
PAY_08696,4747.47,gateway_timeout,8,7,5,0,22.24,0
PAY_08697,8027.38,other,31,11,2,0,5.86,1
PAY_08698,1795.47,checkout_abandon,43,16,5,5,5.32,0
PAY_08699,8321.3,checkout_abandon,30,6,2,4,4.79,1
PAY_08700,639.09,card_expired,44,10,2,0,5.2,0
PAY_08701,623.7,card_expired,20,6,2,0,8.35,0
PAY_08702,742.66,mandate_expired,31,3,0,0,11.38,0
PAY_08703,2523.14,insufficient_funds,23,4,2,0,7.21,1
PAY_08704,8320.05,card_expired,60,9,0,0,5.73,0
PAY_08705,1369.09,gateway_timeout,11,4,1,0,7.4,0
PAY_08706,1552.08,other,18,3,3,0,0.92,1
PAY_08707,2014.3,gateway_timeout,41,3,3,0,20.69,1
PAY_08708,4433.19,insufficient_funds,4,11,2,0,4.54,1
PAY_08709,1550.64,gateway_timeout,31,13,1,0,6.83,1
PAY_08710,1466.49,checkout_abandon,2,7,2,1,6.07,0
PAY_08711,651.09,gateway_timeout,32,5,1,0,19.98,1
PAY_08712,1411.38,card_expired,20,9,1,0,17.61,0
PAY_08713,8115.31,mandate_expired,12,9,0,0,8.09,1
PAY_08714,2737.97,insufficient_funds,30,10,2,0,8.64,0
PAY_08715,1192.96,checkout_abandon,20,5,3,2,11.47,1
PAY_08716,8605.79,card_expired,5,8,0,0,2.61,1
PAY_08717,1392.47,other,32,7,3,0,0.88,0
PAY_08718,10342.34,gateway_timeout,34,6,2,0,8.05,1
PAY_08719,10174.63,other,40,9,1,0,18.87,0
PAY_08720,2644.02,insufficient_funds,55,8,1,0,18.66,1
PAY_08721,558.64,mandate_expired,43,9,1,0,11.77,0
PAY_08722,24675.02,card_expired,48,11,0,0,11.32,0
PAY_08723,3682.41,gateway_timeout,39,6,3,0,18.3,1
PAY_08724,1808.33,insufficient_funds,41,9,2,0,18.31,0
PAY_08725,6504.01,mandate_expired,48,8,2,0,7.52,1
PAY_08726,5045.99,gateway_timeout,40,11,2,0,18.51,1
PAY_08727,9274.13,insufficient_funds,31,5,5,0,4.29,0
PAY_08728,1289.1,insufficient_funds,44,10,1,0,4.8,1
PAY_08729,3437.57,card_expired,58,6,1,0,33.47,0
PAY_08730,763.7,insufficient_funds,30,10,1,0,7.47,1
PAY_08731,4867.72,checkout_abandon,14,13,0,3,5.52,1
PAY_08732,2443.29,other,25,9,2,0,11.58,0
PAY_08733,3311.16,card_expired,1,8,1,0,4.82,0
PAY_08734,2159.64,checkout_abandon,19,10,3,4,0.1,1
PAY_08735,1945.08,checkout_abandon,54,6,2,2,4.54,0
PAY_08736,1049.23,insufficient_funds,6,4,1,0,18.73,0
PAY_08737,5510.86,gateway_timeout,54,11,0,0,20.23,1
PAY_08738,11089.46,insufficient_funds,34,7,2,0,0.56,0
PAY_08739,1432.79,insufficient_funds,20,9,0,0,15.42,0
PAY_08740,4348.5,insufficient_funds,29,10,1,0,33.91,1
PAY_08741,3851.54,checkout_abandon,53,1,1,3,11.69,0
PAY_08742,2520.33,insufficient_funds,8,6,3,0,9.36,0
PAY_08743,543.19,insufficient_funds,34,9,2,0,2.95,1
PAY_08744,680.24,card_expired,17,7,1,0,20.83,0
PAY_08745,1144.89,insufficient_funds,33,8,4,0,14.25,0
PAY_08746,294.43,mandate_expired,48,8,0,0,16.21,1
PAY_08747,10219.74,gateway_timeout,56,4,2,0,4.6,1
PAY_08748,3611.03,checkout_abandon,16,7,2,4,4.92,1
PAY_08749,2426.21,insufficient_funds,40,9,4,0,10.39,1
PAY_08750,279.73,insufficient_funds,26,9,1,0,11.26,1
PAY_08751,403.5,card_expired,31,6,1,0,4.75,0
PAY_08752,2494.15,checkout_abandon,10,1,1,5,4.17,0
PAY_08753,17935.48,insufficient_funds,52,9,3,0,11.64,1
PAY_08754,1243.15,gateway_timeout,11,11,3,0,0.1,0
PAY_08755,5930.38,checkout_abandon,3,10,1,2,9.99,1
PAY_08756,1547.11,insufficient_funds,46,3,1,0,7.78,1
PAY_08757,2641.98,checkout_abandon,25,4,1,3,23.27,0
PAY_08758,8423.07,checkout_abandon,5,12,2,5,15.53,0
PAY_08759,1768.87,checkout_abandon,41,9,0,3,3.77,1
PAY_08760,1253.81,card_expired,18,6,2,0,0.93,0
PAY_08761,10322.86,gateway_timeout,59,10,3,0,8.72,1
PAY_08762,2616.53,other,59,10,4,0,10.76,0
PAY_08763,7444.65,checkout_abandon,34,6,1,3,1.06,0
PAY_08764,1259.91,checkout_abandon,29,8,2,5,2.09,0
PAY_08765,10205.89,mandate_expired,27,3,1,0,9.95,1
PAY_08766,3286.81,checkout_abandon,37,8,2,2,8.38,1
PAY_08767,3861.59,insufficient_funds,55,9,3,0,2.39,0
PAY_08768,2851.71,other,39,8,0,0,30.81,0
PAY_08769,1508.05,other,6,2,1,0,17.23,1
PAY_08770,2495.8,gateway_timeout,12,7,4,0,25.91,1
PAY_08771,1605.93,checkout_abandon,38,20,1,4,4.1,1
PAY_08772,6526.28,card_expired,23,9,2,0,3.87,0
PAY_08773,2040.58,other,29,14,3,0,3.73,1
PAY_08774,559.78,checkout_abandon,25,7,0,1,5.2,0
PAY_08775,466.2,insufficient_funds,36,8,0,0,3.0,0
PAY_08776,444.67,mandate_expired,14,5,2,0,12.68,1
PAY_08777,4637.9,insufficient_funds,5,5,3,0,2.78,0
PAY_08778,790.4,mandate_expired,15,10,0,0,13.48,1
PAY_08779,3374.94,checkout_abandon,41,8,2,3,6.56,1
PAY_08780,2865.85,mandate_expired,37,8,1,0,7.44,1
PAY_08781,2343.35,insufficient_funds,49,6,1,0,7.65,0
PAY_08782,3875.58,checkout_abandon,7,8,1,2,4.68,0
PAY_08783,2928.8,checkout_abandon,9,12,4,1,4.86,1
PAY_08784,166.39,gateway_timeout,8,7,1,0,6.76,1
PAY_08785,1808.8,insufficient_funds,34,9,0,0,11.2,1
PAY_08786,3824.37,insufficient_funds,35,7,3,0,10.6,0
PAY_08787,12891.57,card_expired,10,7,1,0,2.85,0
PAY_08788,13500.79,checkout_abandon,27,9,5,4,14.58,0
PAY_08789,639.63,mandate_expired,4,11,2,0,0.46,1
PAY_08790,1762.2,checkout_abandon,37,5,1,4,6.12,1
PAY_08791,522.14,card_expired,35,8,3,0,4.14,1
PAY_08792,11429.25,checkout_abandon,2,6,6,2,14.29,0
PAY_08793,6883.64,insufficient_funds,6,8,2,0,8.45,1
PAY_08794,3549.76,insufficient_funds,43,7,1,0,6.21,1
PAY_08795,2951.71,insufficient_funds,54,9,2,0,1.82,1
PAY_08796,9943.53,card_expired,51,10,3,0,34.32,0
PAY_08797,8394.83,mandate_expired,35,9,0,0,5.13,1
PAY_08798,7959.26,card_expired,32,4,0,0,1.24,0
PAY_08799,3947.06,mandate_expired,49,10,3,0,17.75,1
PAY_08800,1763.08,card_expired,51,12,1,0,11.14,1
PAY_08801,5383.91,other,55,6,1,0,11.47,0
PAY_08802,5653.83,mandate_expired,24,9,5,0,13.44,0
PAY_08803,2066.08,gateway_timeout,29,10,1,0,13.14,1
PAY_08804,1759.52,insufficient_funds,5,13,1,0,47.52,0
PAY_08805,7764.83,checkout_abandon,11,9,3,4,1.37,0
PAY_08806,13202.51,card_expired,23,10,2,0,10.19,0
PAY_08807,1181.63,checkout_abandon,49,3,1,3,25.38,1
PAY_08808,1921.13,gateway_timeout,27,5,3,0,4.53,1
PAY_08809,3550.98,mandate_expired,36,7,2,0,21.28,1
PAY_08810,4066.94,gateway_timeout,52,11,2,0,1.76,1
PAY_08811,1482.79,gateway_timeout,29,10,2,0,28.76,0
PAY_08812,16441.54,card_expired,21,8,1,0,4.42,0
PAY_08813,3812.88,checkout_abandon,44,8,1,1,4.98,0
PAY_08814,4253.21,gateway_timeout,19,14,3,0,8.67,1
PAY_08815,14514.89,gateway_timeout,24,7,1,0,28.63,1
PAY_08816,1595.57,checkout_abandon,54,9,3,1,27.36,0
PAY_08817,2288.41,gateway_timeout,27,9,4,0,8.62,1
PAY_08818,713.89,insufficient_funds,16,1,2,0,5.18,0
PAY_08819,2104.21,checkout_abandon,51,11,2,1,7.54,1
PAY_08820,564.04,mandate_expired,39,10,2,0,0.76,1
PAY_08821,5281.13,insufficient_funds,47,8,0,0,5.48,0
PAY_08822,3804.89,checkout_abandon,20,7,2,5,29.9,0
PAY_08823,1895.0,checkout_abandon,47,7,0,1,2.05,1
PAY_08824,2261.14,gateway_timeout,58,8,2,0,3.66,1
PAY_08825,5353.54,gateway_timeout,10,10,1,0,0.96,1
PAY_08826,802.92,gateway_timeout,12,13,4,0,6.5,0
PAY_08827,3066.26,gateway_timeout,34,5,0,0,1.53,1
PAY_08828,5031.91,card_expired,44,11,2,0,3.44,0
PAY_08829,420.64,checkout_abandon,1,8,0,5,12.59,1
PAY_08830,4959.12,other,34,7,2,0,2.66,0
PAY_08831,468.71,gateway_timeout,8,7,1,0,8.53,1
PAY_08832,2222.64,mandate_expired,59,9,0,0,3.87,0
PAY_08833,781.06,checkout_abandon,44,6,1,1,39.56,0
PAY_08834,10459.78,card_expired,60,8,3,0,3.08,1
PAY_08835,785.97,other,14,13,3,0,10.68,0
PAY_08836,480.03,checkout_abandon,48,6,0,4,0.89,1
PAY_08837,2856.63,checkout_abandon,23,9,2,5,30.22,1
PAY_08838,1652.99,other,7,9,5,0,3.84,0
PAY_08839,555.26,other,29,9,2,0,0.47,0
PAY_08840,4229.59,other,29,8,0,0,40.51,0
PAY_08841,341.23,insufficient_funds,31,13,6,0,16.84,1
PAY_08842,886.96,insufficient_funds,52,9,3,0,1.04,1
PAY_08843,1406.46,gateway_timeout,17,13,3,0,19.63,1
PAY_08844,5576.23,mandate_expired,39,9,3,0,5.12,1
PAY_08845,9131.77,insufficient_funds,12,4,2,0,53.08,0
PAY_08846,7531.34,gateway_timeout,53,8,2,0,8.89,0
PAY_08847,2144.74,checkout_abandon,28,8,5,3,1.9,1
PAY_08848,220.69,insufficient_funds,48,9,2,0,8.11,1
PAY_08849,3695.6,mandate_expired,17,2,2,0,1.12,0
PAY_08850,10879.33,insufficient_funds,19,9,2,0,10.81,0
PAY_08851,8585.55,card_expired,59,8,2,0,10.61,1
PAY_08852,3971.88,gateway_timeout,12,10,2,0,20.03,1
PAY_08853,760.93,checkout_abandon,34,10,3,3,3.07,1
PAY_08854,1478.43,checkout_abandon,20,2,0,2,7.73,0
PAY_08855,17289.6,gateway_timeout,24,8,2,0,10.96,1
PAY_08856,606.26,gateway_timeout,42,8,1,0,5.74,1
PAY_08857,793.3,card_expired,47,6,1,0,8.75,0
PAY_08858,6416.3,checkout_abandon,29,8,1,3,33.97,0
PAY_08859,1624.39,insufficient_funds,39,8,2,0,29.27,0
PAY_08860,766.85,mandate_expired,3,12,1,0,17.1,1
PAY_08861,11522.04,insufficient_funds,15,7,1,0,25.3,0
PAY_08862,3964.37,checkout_abandon,45,6,0,1,25.6,1
PAY_08863,1706.58,checkout_abandon,40,8,1,5,0.53,0
PAY_08864,794.94,checkout_abandon,3,7,3,1,8.95,0
PAY_08865,19369.45,insufficient_funds,54,7,2,0,5.36,0
PAY_08866,2439.61,gateway_timeout,25,8,4,0,3.31,1
PAY_08867,10110.95,insufficient_funds,19,3,2,0,5.56,1
PAY_08868,6109.98,gateway_timeout,28,8,3,0,22.77,0
PAY_08869,1484.96,checkout_abandon,24,5,2,3,3.25,0
PAY_08870,1496.83,mandate_expired,31,7,3,0,27.91,1
PAY_08871,10618.58,insufficient_funds,10,4,2,0,0.64,1
PAY_08872,10792.03,insufficient_funds,9,8,2,0,12.92,1
PAY_08873,382.65,mandate_expired,60,7,3,0,2.32,1
PAY_08874,4332.18,checkout_abandon,45,3,2,4,6.08,0
PAY_08875,2214.61,card_expired,22,6,3,0,3.89,0
PAY_08876,889.56,insufficient_funds,51,7,6,0,9.12,0
PAY_08877,3247.99,insufficient_funds,48,12,2,0,24.41,1
PAY_08878,648.36,gateway_timeout,42,4,2,0,20.22,1
PAY_08879,1568.05,mandate_expired,44,7,1,0,0.92,1
PAY_08880,1125.04,checkout_abandon,58,11,1,3,12.87,0
PAY_08881,1516.64,insufficient_funds,51,0,0,0,25.73,1
PAY_08882,2327.54,insufficient_funds,16,8,0,0,7.03,1
PAY_08883,905.49,mandate_expired,44,12,4,0,3.47,0
PAY_08884,12054.88,gateway_timeout,10,5,3,0,1.24,0
PAY_08885,4094.21,mandate_expired,31,6,4,0,25.88,0
PAY_08886,15042.11,gateway_timeout,5,8,3,0,5.99,1
PAY_08887,2130.19,gateway_timeout,11,4,0,0,17.52,1
PAY_08888,1444.12,insufficient_funds,44,11,3,0,3.23,1
PAY_08889,14508.09,other,23,8,2,0,16.74,1
PAY_08890,1402.46,insufficient_funds,10,8,1,0,0.4,1
PAY_08891,2091.75,insufficient_funds,59,11,0,0,6.03,1
PAY_08892,5136.33,card_expired,57,10,3,0,11.97,0
PAY_08893,725.11,insufficient_funds,14,7,1,0,4.99,1
PAY_08894,5091.57,gateway_timeout,36,7,3,0,16.78,1
PAY_08895,4480.07,gateway_timeout,18,7,0,0,0.57,1
PAY_08896,8896.13,mandate_expired,49,11,3,0,1.02,0
PAY_08897,6088.1,gateway_timeout,42,8,3,0,8.85,1
PAY_08898,9173.04,card_expired,27,4,1,0,8.2,0
PAY_08899,2238.64,mandate_expired,56,9,1,0,33.24,0
PAY_08900,1055.08,checkout_abandon,45,16,1,2,1.99,1
PAY_08901,20620.3,insufficient_funds,10,11,2,0,1.43,1
PAY_08902,543.13,card_expired,27,7,2,0,0.23,0
PAY_08903,600.36,card_expired,50,5,2,0,3.71,1
PAY_08904,4399.18,card_expired,33,9,1,0,39.51,0
PAY_08905,12695.87,insufficient_funds,6,9,6,0,9.35,1
PAY_08906,3021.77,mandate_expired,47,7,2,0,5.46,1
PAY_08907,6790.97,mandate_expired,29,12,1,0,18.85,1
PAY_08908,339.76,other,15,11,4,0,0.36,0
PAY_08909,1517.02,gateway_timeout,49,7,1,0,5.3,1
PAY_08910,383.79,card_expired,54,4,3,0,0.1,0
PAY_08911,5455.92,mandate_expired,36,10,3,0,24.41,0
PAY_08912,532.09,other,43,5,4,0,26.77,0
PAY_08913,696.61,mandate_expired,15,8,1,0,10.85,0
PAY_08914,4180.02,card_expired,45,5,1,0,20.83,0
PAY_08915,7229.1,gateway_timeout,55,7,0,0,13.4,0
PAY_08916,2132.56,insufficient_funds,15,10,2,0,2.6,1
PAY_08917,4421.43,gateway_timeout,57,15,1,0,14.14,1
PAY_08918,4280.54,card_expired,6,7,1,0,0.36,0
PAY_08919,2015.49,insufficient_funds,27,9,0,0,22.0,1
PAY_08920,836.6,mandate_expired,5,6,0,0,5.86,0
PAY_08921,4398.14,other,27,11,1,0,49.17,0
PAY_08922,4615.34,other,39,8,3,0,17.52,0
PAY_08923,6112.37,mandate_expired,53,6,1,0,1.62,0
PAY_08924,3415.61,card_expired,10,6,1,0,8.27,0
PAY_08925,777.08,insufficient_funds,54,9,1,0,5.55,0
PAY_08926,4985.98,checkout_abandon,60,6,0,4,3.52,1
PAY_08927,2496.55,checkout_abandon,4,8,0,4,72.0,1
PAY_08928,1542.73,card_expired,58,8,2,0,2.69,0
PAY_08929,1862.01,gateway_timeout,55,11,3,0,0.1,1
PAY_08930,1253.62,insufficient_funds,2,12,0,0,6.75,0
PAY_08931,6080.79,mandate_expired,4,4,1,0,8.28,1
PAY_08932,605.43,checkout_abandon,44,6,1,2,1.33,0
PAY_08933,925.71,card_expired,26,4,4,0,13.26,0
PAY_08934,1799.52,checkout_abandon,16,10,3,5,6.37,0
PAY_08935,12554.03,card_expired,25,6,2,0,4.51,1
PAY_08936,7174.77,checkout_abandon,21,7,4,1,1.46,1
PAY_08937,484.54,card_expired,59,3,1,0,13.36,0
PAY_08938,9656.56,mandate_expired,15,10,3,0,12.59,1
PAY_08939,9637.97,gateway_timeout,6,7,5,0,4.27,1
PAY_08940,772.81,gateway_timeout,50,10,2,0,16.06,1
PAY_08941,200.86,other,51,9,2,0,9.49,0
PAY_08942,2325.81,insufficient_funds,54,10,3,0,5.28,1
PAY_08943,7680.73,mandate_expired,59,10,3,0,30.87,1
PAY_08944,12274.85,insufficient_funds,3,9,1,0,61.83,1
PAY_08945,1046.51,card_expired,47,11,0,0,6.25,1
PAY_08946,14415.01,insufficient_funds,17,12,1,0,20.37,1
PAY_08947,269.38,checkout_abandon,26,9,1,1,22.16,1
PAY_08948,1730.21,checkout_abandon,27,11,1,5,24.17,1
PAY_08949,1647.21,insufficient_funds,60,8,5,0,2.82,1
PAY_08950,7913.96,checkout_abandon,32,4,4,5,0.68,1
PAY_08951,9157.68,other,14,5,1,0,28.75,0
PAY_08952,6491.63,mandate_expired,6,11,1,0,3.04,0
PAY_08953,647.74,other,36,6,1,0,25.02,0
PAY_08954,5923.39,card_expired,50,11,4,0,7.22,0
PAY_08955,4159.24,mandate_expired,43,12,0,0,13.17,1
PAY_08956,470.04,checkout_abandon,57,8,0,5,7.97,1
PAY_08957,316.41,other,3,10,3,0,50.3,0
PAY_08958,7058.83,checkout_abandon,25,9,1,4,0.52,1
PAY_08959,2087.97,gateway_timeout,37,10,2,0,5.07,1
PAY_08960,691.5,card_expired,52,11,3,0,8.89,1
PAY_08961,2030.17,other,19,9,2,0,14.55,0
PAY_08962,3597.83,checkout_abandon,41,7,3,1,9.6,1
PAY_08963,2301.22,insufficient_funds,13,7,1,0,8.74,0
PAY_08964,529.57,checkout_abandon,36,2,1,1,1.7,1
PAY_08965,16475.06,mandate_expired,47,9,3,0,18.43,1
PAY_08966,6824.43,gateway_timeout,50,6,4,0,4.11,0
PAY_08967,1787.67,mandate_expired,28,6,2,0,1.63,0
PAY_08968,1861.15,checkout_abandon,29,8,4,1,10.76,0
PAY_08969,3581.49,gateway_timeout,53,9,3,0,6.08,1
PAY_08970,807.89,checkout_abandon,33,5,2,4,6.98,0
PAY_08971,3452.05,gateway_timeout,22,5,3,0,9.37,1
PAY_08972,660.71,card_expired,17,5,2,0,0.32,0
PAY_08973,2329.74,insufficient_funds,43,6,2,0,14.15,1
PAY_08974,777.03,card_expired,43,8,3,0,9.67,0
PAY_08975,817.26,gateway_timeout,33,4,2,0,6.43,1
PAY_08976,12961.89,other,10,6,1,0,2.24,0
PAY_08977,2652.54,card_expired,10,9,1,0,0.37,0
PAY_08978,3076.21,insufficient_funds,15,4,3,0,2.19,0
PAY_08979,334.51,other,1,5,2,0,5.5,0
PAY_08980,1376.15,checkout_abandon,29,5,3,5,1.38,1
PAY_08981,3964.99,checkout_abandon,25,8,2,3,35.19,0
PAY_08982,3035.65,other,24,7,0,0,3.74,0
PAY_08983,290.04,other,57,15,1,0,11.15,0
PAY_08984,3075.38,mandate_expired,15,9,3,0,21.95,1
PAY_08985,3606.9,other,49,10,1,0,3.24,0
PAY_08986,9025.49,gateway_timeout,12,10,4,0,6.64,0
PAY_08987,1298.31,insufficient_funds,37,6,1,0,24.72,1
PAY_08988,265.6,insufficient_funds,52,12,4,0,9.26,1
PAY_08989,922.67,gateway_timeout,51,9,1,0,6.55,1
PAY_08990,834.62,checkout_abandon,36,12,2,4,3.81,0
PAY_08991,5222.62,gateway_timeout,13,6,2,0,1.81,1
PAY_08992,165.23,checkout_abandon,23,3,2,3,2.13,1
PAY_08993,1596.69,insufficient_funds,26,5,1,0,37.95,1
PAY_08994,10402.92,gateway_timeout,51,8,2,0,9.41,1
PAY_08995,2518.1,mandate_expired,23,6,1,0,0.61,1
PAY_08996,6126.4,insufficient_funds,50,6,2,0,1.14,0
PAY_08997,484.08,mandate_expired,58,8,1,0,0.61,1
PAY_08998,503.74,card_expired,7,11,4,0,2.13,0
PAY_08999,10522.68,checkout_abandon,57,6,0,3,1.71,0
PAY_09000,2766.29,other,35,11,2,0,14.94,1
PAY_09001,2771.99,other,37,6,1,0,0.1,0
PAY_09002,817.21,insufficient_funds,19,4,1,0,12.39,0
PAY_09003,2765.09,mandate_expired,21,9,1,0,21.34,0
PAY_09004,794.81,insufficient_funds,33,6,1,0,44.37,1
PAY_09005,8192.03,gateway_timeout,12,9,0,0,14.27,0
PAY_09006,38249.15,checkout_abandon,44,8,2,2,13.31,1
PAY_09007,4056.14,mandate_expired,41,9,2,0,56.76,1
PAY_09008,1324.91,card_expired,1,7,3,0,17.71,0
PAY_09009,198.42,mandate_expired,13,10,2,0,13.11,0
PAY_09010,463.86,card_expired,31,10,5,0,4.0,1
PAY_09011,11836.08,checkout_abandon,45,7,1,4,5.84,0
PAY_09012,893.24,insufficient_funds,18,10,0,0,15.46,0
PAY_09013,1725.39,insufficient_funds,54,3,2,0,16.99,0
PAY_09014,4814.43,checkout_abandon,33,5,1,4,2.77,1
PAY_09015,11007.54,mandate_expired,33,9,2,0,13.7,0
PAY_09016,2047.67,insufficient_funds,7,8,2,0,20.68,1
PAY_09017,1668.0,gateway_timeout,38,4,2,0,4.55,0
PAY_09018,2685.62,gateway_timeout,50,12,1,0,3.79,1
PAY_09019,1334.63,checkout_abandon,13,10,0,2,2.77,0
PAY_09020,1408.42,gateway_timeout,33,7,2,0,9.52,1
PAY_09021,3774.13,insufficient_funds,1,9,2,0,15.44,1
PAY_09022,3008.92,insufficient_funds,13,9,3,0,55.33,1
PAY_09023,21070.97,gateway_timeout,5,8,1,0,25.67,1
PAY_09024,3877.3,checkout_abandon,47,9,2,4,3.58,1
PAY_09025,7904.53,other,60,6,1,0,6.93,0
PAY_09026,856.42,insufficient_funds,3,6,1,0,2.45,0
PAY_09027,4226.81,checkout_abandon,43,7,2,4,5.89,1
PAY_09028,1213.26,checkout_abandon,36,9,2,1,17.11,1
PAY_09029,3712.64,mandate_expired,43,11,1,0,0.21,1
PAY_09030,4976.89,gateway_timeout,31,8,1,0,2.27,1
PAY_09031,2627.83,insufficient_funds,60,3,4,0,4.4,0
PAY_09032,27760.56,other,3,7,0,0,4.2,0
PAY_09033,10425.66,other,9,7,6,0,34.37,0
PAY_09034,8113.55,gateway_timeout,15,12,1,0,24.08,0
PAY_09035,5368.65,checkout_abandon,47,7,2,4,53.52,1
PAY_09036,14580.01,insufficient_funds,5,9,3,0,8.0,1
PAY_09037,594.12,insufficient_funds,8,11,3,0,16.38,1
PAY_09038,9841.16,insufficient_funds,44,6,2,0,28.0,0
PAY_09039,927.79,mandate_expired,26,11,6,0,15.39,0
PAY_09040,1421.84,insufficient_funds,43,9,2,0,24.8,0
PAY_09041,4382.78,insufficient_funds,22,10,3,0,2.93,1
PAY_09042,8580.66,insufficient_funds,6,6,1,0,6.75,1
PAY_09043,788.77,insufficient_funds,36,17,1,0,0.17,0
PAY_09044,1497.42,gateway_timeout,7,11,4,0,0.2,1
PAY_09045,2756.12,checkout_abandon,29,11,3,3,4.14,1
PAY_09046,2074.92,checkout_abandon,53,14,3,3,1.32,1
PAY_09047,5872.75,checkout_abandon,11,11,2,5,19.04,1
PAY_09048,77650.53,checkout_abandon,13,5,2,5,2.54,0
PAY_09049,3802.32,card_expired,57,5,3,0,15.99,0
PAY_09050,1198.53,gateway_timeout,19,5,4,0,16.45,1
PAY_09051,683.71,insufficient_funds,23,10,3,0,18.5,1
PAY_09052,1805.86,card_expired,42,5,3,0,9.73,0
PAY_09053,976.33,mandate_expired,8,10,4,0,17.43,0
PAY_09054,3990.2,checkout_abandon,4,9,3,4,25.8,0
PAY_09055,3928.71,gateway_timeout,51,12,3,0,4.79,1
PAY_09056,1573.22,insufficient_funds,57,12,1,0,2.28,1
PAY_09057,18196.8,insufficient_funds,60,5,2,0,0.43,1
PAY_09058,1198.23,card_expired,2,8,2,0,5.19,0
PAY_09059,2218.56,checkout_abandon,32,10,2,4,4.68,0
PAY_09060,4737.23,insufficient_funds,51,7,2,0,10.79,0
PAY_09061,6100.35,insufficient_funds,51,3,2,0,2.98,1
PAY_09062,8969.83,gateway_timeout,22,5,1,0,16.95,0
PAY_09063,3837.37,gateway_timeout,30,7,1,0,15.81,1
PAY_09064,7150.65,checkout_abandon,10,10,2,2,24.89,1
PAY_09065,1285.54,gateway_timeout,9,7,1,0,4.46,0
PAY_09066,6261.21,other,23,5,2,0,11.23,0
PAY_09067,6178.16,mandate_expired,14,8,2,0,11.75,1
PAY_09068,11349.54,other,59,10,2,0,0.7,0
PAY_09069,471.35,card_expired,5,6,3,0,8.65,0
PAY_09070,1009.15,other,32,7,2,0,24.48,0
PAY_09071,5694.11,other,34,6,0,0,3.23,0
PAY_09072,176.39,gateway_timeout,4,11,1,0,20.89,1
PAY_09073,4088.99,insufficient_funds,27,3,0,0,22.3,0
PAY_09074,7214.52,insufficient_funds,57,9,3,0,6.19,0
PAY_09075,1404.83,checkout_abandon,7,10,2,1,20.19,0
PAY_09076,1625.96,mandate_expired,9,10,1,0,49.51,1
PAY_09077,853.98,insufficient_funds,10,9,3,0,44.14,1
PAY_09078,1484.0,card_expired,4,10,3,0,15.5,0
PAY_09079,1527.64,card_expired,54,6,1,0,7.75,0
PAY_09080,1262.95,checkout_abandon,3,7,5,2,7.27,0
PAY_09081,1195.56,gateway_timeout,17,5,2,0,6.41,1
PAY_09082,1906.53,insufficient_funds,50,9,1,0,7.36,1
PAY_09083,1883.6,checkout_abandon,60,9,0,5,11.59,1
PAY_09084,16287.9,insufficient_funds,10,13,1,0,12.1,0
PAY_09085,1685.57,checkout_abandon,22,8,2,4,8.87,0
PAY_09086,3526.98,gateway_timeout,11,10,6,0,9.14,1
PAY_09087,1404.12,insufficient_funds,12,7,0,0,12.1,0
PAY_09088,1386.38,gateway_timeout,57,10,1,0,55.6,1
PAY_09089,454.72,checkout_abandon,21,7,1,4,2.23,1
PAY_09090,519.4,gateway_timeout,37,7,2,0,11.55,1
PAY_09091,747.73,other,10,6,3,0,10.66,0
PAY_09092,3004.13,insufficient_funds,18,8,3,0,21.78,0
PAY_09093,7333.58,other,22,6,4,0,13.12,0
PAY_09094,418.79,insufficient_funds,36,7,1,0,0.25,0
PAY_09095,1443.71,insufficient_funds,55,7,4,0,3.21,0
PAY_09096,637.25,other,15,15,2,0,5.99,0
PAY_09097,1919.4,mandate_expired,39,8,0,0,4.13,1
PAY_09098,7330.62,mandate_expired,30,4,3,0,5.28,1
PAY_09099,1599.05,mandate_expired,48,9,2,0,1.69,1
PAY_09100,2383.99,gateway_timeout,21,7,2,0,54.03,1
PAY_09101,10713.66,card_expired,26,11,1,0,6.78,0
PAY_09102,3951.88,insufficient_funds,38,6,0,0,45.08,1
PAY_09103,1169.06,card_expired,27,11,1,0,4.57,0
PAY_09104,2930.6,other,46,10,3,0,1.7,0
PAY_09105,1092.8,card_expired,1,8,5,0,2.45,0
PAY_09106,3806.74,mandate_expired,21,5,4,0,1.57,0
PAY_09107,4185.52,mandate_expired,11,14,4,0,40.33,0
PAY_09108,637.07,checkout_abandon,9,17,3,3,33.9,0
PAY_09109,2978.56,gateway_timeout,4,9,1,0,10.06,1
PAY_09110,2222.69,card_expired,22,3,2,0,3.45,1
PAY_09111,4310.13,mandate_expired,14,9,1,0,3.63,0
PAY_09112,5741.03,gateway_timeout,46,6,3,0,0.29,1
PAY_09113,4029.9,card_expired,31,11,1,0,0.68,1
PAY_09114,1846.14,insufficient_funds,48,7,2,0,5.99,1
PAY_09115,6357.41,card_expired,54,9,2,0,0.26,0
PAY_09116,1044.18,card_expired,48,8,0,0,7.45,0
PAY_09117,667.49,insufficient_funds,26,7,4,0,4.13,0
PAY_09118,102.39,insufficient_funds,59,3,5,0,6.39,0
PAY_09119,2330.66,mandate_expired,24,7,4,0,21.68,0
PAY_09120,1099.38,insufficient_funds,50,10,2,0,7.43,1
PAY_09121,3721.2,other,11,7,2,0,16.8,0
PAY_09122,348.21,insufficient_funds,59,11,2,0,3.93,1
PAY_09123,1308.8,insufficient_funds,19,5,2,0,1.53,1
PAY_09124,4001.07,insufficient_funds,38,5,1,0,12.59,1
PAY_09125,892.66,card_expired,22,9,1,0,17.17,0
PAY_09126,3764.25,checkout_abandon,14,8,2,3,19.11,1
PAY_09127,1432.28,card_expired,20,9,1,0,9.81,0
PAY_09128,2419.31,other,37,6,3,0,1.8,0
PAY_09129,4533.29,checkout_abandon,7,8,2,3,3.44,0
PAY_09130,6482.38,insufficient_funds,12,5,1,0,45.34,1
PAY_09131,2742.26,insufficient_funds,56,11,0,0,6.1,0
PAY_09132,1107.69,card_expired,6,4,0,0,9.92,0
PAY_09133,1581.31,insufficient_funds,44,8,3,0,7.54,1
PAY_09134,4726.79,other,19,8,3,0,8.4,0
PAY_09135,900.36,other,20,5,2,0,3.36,0
PAY_09136,2092.22,checkout_abandon,22,6,1,5,0.41,0
PAY_09137,1699.62,checkout_abandon,23,8,2,5,0.84,1
PAY_09138,2254.5,other,43,6,0,0,6.77,0
PAY_09139,911.2,card_expired,49,7,1,0,23.83,1
PAY_09140,392.33,mandate_expired,22,8,2,0,0.67,0
PAY_09141,4208.19,gateway_timeout,11,16,2,0,6.16,1
PAY_09142,6556.27,checkout_abandon,1,8,4,4,2.97,0
PAY_09143,416.49,gateway_timeout,44,5,0,0,17.34,1
PAY_09144,3615.45,other,56,4,3,0,4.43,0
PAY_09145,7385.17,mandate_expired,3,11,1,0,51.97,1
PAY_09146,4536.71,card_expired,36,8,2,0,8.09,0
PAY_09147,1648.1,insufficient_funds,14,8,5,0,15.67,1
PAY_09148,973.16,card_expired,13,6,3,0,30.62,1
PAY_09149,2710.87,gateway_timeout,50,5,1,0,7.98,1
PAY_09150,3202.96,mandate_expired,16,14,2,0,4.43,0
PAY_09151,2751.37,insufficient_funds,19,9,3,0,15.04,0
PAY_09152,2087.89,other,8,13,1,0,12.52,0
PAY_09153,846.74,mandate_expired,55,8,1,0,0.23,0
PAY_09154,3815.15,checkout_abandon,55,4,0,2,2.49,0
PAY_09155,4003.4,gateway_timeout,55,8,1,0,40.29,1
PAY_09156,3056.02,gateway_timeout,14,5,2,0,0.87,0
PAY_09157,2793.47,gateway_timeout,12,8,1,0,23.37,1
PAY_09158,13403.83,insufficient_funds,57,11,1,0,19.75,0
PAY_09159,1338.99,checkout_abandon,37,7,2,3,8.69,0
PAY_09160,9004.51,checkout_abandon,16,10,3,3,7.04,1
PAY_09161,1199.93,gateway_timeout,3,12,2,0,3.0,1
PAY_09162,7577.94,mandate_expired,48,11,2,0,41.39,0
PAY_09163,8581.93,gateway_timeout,49,6,2,0,37.9,1
PAY_09164,1864.96,insufficient_funds,1,8,0,0,1.09,0
PAY_09165,13160.95,card_expired,29,5,3,0,6.91,0
PAY_09166,3996.13,gateway_timeout,29,14,2,0,7.59,1
PAY_09167,1039.79,mandate_expired,28,5,1,0,0.93,0
PAY_09168,1719.67,other,23,13,2,0,8.74,0
PAY_09169,7760.55,card_expired,20,7,2,0,6.14,0
PAY_09170,6292.48,checkout_abandon,21,8,2,1,10.09,0
PAY_09171,867.84,checkout_abandon,56,12,2,3,0.79,1
PAY_09172,2175.01,card_expired,60,7,2,0,8.35,0
PAY_09173,3064.28,card_expired,7,11,1,0,2.68,0
PAY_09174,1504.84,insufficient_funds,44,8,4,0,8.58,1
PAY_09175,26419.19,checkout_abandon,35,7,4,3,8.44,1
PAY_09176,3158.05,card_expired,16,10,1,0,26.77,0
PAY_09177,2350.15,card_expired,12,8,4,0,17.9,0
PAY_09178,8224.7,insufficient_funds,46,5,3,0,3.26,1
PAY_09179,1735.12,gateway_timeout,22,6,2,0,20.25,1
PAY_09180,6846.37,checkout_abandon,8,7,3,2,12.45,1
PAY_09181,471.69,gateway_timeout,59,12,1,0,4.87,1
PAY_09182,1588.26,mandate_expired,56,8,1,0,30.55,1
PAY_09183,7137.49,checkout_abandon,26,10,0,3,3.05,0
PAY_09184,12019.0,gateway_timeout,26,7,2,0,0.22,1
PAY_09185,1153.72,gateway_timeout,26,5,1,0,7.62,1
PAY_09186,1026.82,card_expired,12,10,0,0,62.66,0
PAY_09187,4409.39,card_expired,7,8,2,0,6.7,0
PAY_09188,1340.79,card_expired,17,6,0,0,29.59,0
PAY_09189,1911.16,other,24,6,5,0,0.1,0
PAY_09190,6005.62,other,10,7,3,0,1.21,1
PAY_09191,1450.91,checkout_abandon,3,9,2,4,2.26,0
PAY_09192,350.24,insufficient_funds,56,10,4,0,16.68,0
PAY_09193,680.59,card_expired,53,6,0,0,10.35,0
PAY_09194,2525.01,mandate_expired,19,9,4,0,2.04,1
PAY_09195,387.85,gateway_timeout,37,5,0,0,10.96,1
PAY_09196,1857.31,other,9,8,2,0,11.84,0
PAY_09197,621.38,gateway_timeout,56,11,2,0,12.52,1
PAY_09198,12887.14,other,49,6,2,0,0.54,0
PAY_09199,21789.61,checkout_abandon,11,6,3,2,21.28,1
PAY_09200,867.7,insufficient_funds,13,6,4,0,27.19,1
PAY_09201,3231.83,card_expired,20,7,3,0,18.01,0
PAY_09202,956.85,card_expired,6,7,2,0,3.65,0
PAY_09203,1834.87,mandate_expired,21,5,2,0,5.75,0
PAY_09204,15176.68,checkout_abandon,41,6,1,1,1.97,1
PAY_09205,1567.69,insufficient_funds,44,5,2,0,30.97,1
PAY_09206,1878.09,insufficient_funds,1,10,2,0,4.42,1
PAY_09207,974.1,insufficient_funds,22,4,1,0,18.73,1
PAY_09208,7865.45,insufficient_funds,50,9,2,0,9.77,1
PAY_09209,100.0,gateway_timeout,53,6,0,0,1.0,0
PAY_09210,1605.59,checkout_abandon,34,14,1,4,4.1,0
PAY_09211,2387.88,insufficient_funds,45,10,2,0,53.3,1
PAY_09212,1290.74,checkout_abandon,15,3,6,1,2.35,0
PAY_09213,5928.89,gateway_timeout,53,13,0,0,4.86,1
PAY_09214,8317.14,gateway_timeout,29,7,1,0,17.81,1
PAY_09215,609.11,other,42,7,3,0,22.55,1
PAY_09216,20282.88,other,16,7,2,0,57.77,0
PAY_09217,602.32,card_expired,11,8,1,0,14.0,0
PAY_09218,9069.54,insufficient_funds,32,6,6,0,7.86,0
PAY_09219,2904.09,mandate_expired,32,6,2,0,6.04,0
PAY_09220,1510.72,insufficient_funds,35,5,4,0,8.4,0
PAY_09221,1660.18,checkout_abandon,49,13,1,2,1.58,0
PAY_09222,2417.61,other,47,9,1,0,20.29,0
PAY_09223,3079.32,gateway_timeout,19,4,0,0,0.1,1
PAY_09224,996.14,other,28,7,3,0,35.06,0
PAY_09225,1978.52,mandate_expired,6,9,2,0,3.6,0
PAY_09226,1156.75,gateway_timeout,48,3,2,0,5.02,1
PAY_09227,741.74,insufficient_funds,9,6,2,0,14.18,1
PAY_09228,1104.04,card_expired,5,10,2,0,5.34,0
PAY_09229,791.61,checkout_abandon,32,11,2,2,26.6,0
PAY_09230,1642.36,insufficient_funds,56,9,4,0,3.23,0
PAY_09231,3852.67,insufficient_funds,23,10,2,0,5.44,1
PAY_09232,2820.75,other,12,6,0,0,29.07,0
PAY_09233,18004.75,insufficient_funds,12,7,3,0,14.25,1
PAY_09234,274.13,other,51,15,5,0,4.58,0
PAY_09235,3997.35,mandate_expired,40,6,5,0,21.59,0
PAY_09236,2516.1,gateway_timeout,30,10,2,0,1.0,1
PAY_09237,5651.73,gateway_timeout,56,4,6,0,13.37,1
PAY_09238,5117.96,card_expired,7,4,0,0,14.61,1
PAY_09239,2119.75,gateway_timeout,37,3,6,0,9.03,1
PAY_09240,2971.13,insufficient_funds,22,12,1,0,2.22,1
PAY_09241,1187.94,insufficient_funds,15,8,0,0,2.38,1
PAY_09242,4618.04,card_expired,56,5,2,0,14.8,0
PAY_09243,381.9,mandate_expired,58,7,1,0,17.37,1
PAY_09244,5436.4,checkout_abandon,51,9,2,3,32.71,1
PAY_09245,2442.73,insufficient_funds,9,5,3,0,6.82,1
PAY_09246,1536.07,checkout_abandon,44,7,3,1,29.71,0
PAY_09247,1981.31,card_expired,22,11,1,0,23.28,0
PAY_09248,2132.07,insufficient_funds,23,7,1,0,12.87,1
PAY_09249,9148.54,other,12,9,2,0,13.63,1
PAY_09250,63420.33,card_expired,36,10,0,0,1.04,0
PAY_09251,8466.88,gateway_timeout,52,7,1,0,3.19,0
PAY_09252,1420.44,other,14,2,3,0,3.4,0
PAY_09253,4693.0,mandate_expired,33,10,1,0,7.73,0
PAY_09254,4901.89,mandate_expired,39,8,1,0,14.34,0
PAY_09255,991.17,insufficient_funds,38,11,2,0,0.54,0
PAY_09256,708.57,other,16,14,0,0,3.79,0
PAY_09257,2346.7,checkout_abandon,2,9,3,2,4.22,0
PAY_09258,5606.9,card_expired,50,10,3,0,1.49,0
PAY_09259,498.82,gateway_timeout,36,10,3,0,2.56,1
PAY_09260,1215.79,gateway_timeout,43,3,2,0,12.95,1
PAY_09261,4432.41,other,32,7,0,0,14.93,0
PAY_09262,2606.52,checkout_abandon,24,7,2,3,23.28,0
PAY_09263,10304.33,insufficient_funds,16,2,1,0,19.58,0
PAY_09264,609.52,card_expired,40,7,3,0,0.1,0
PAY_09265,26270.74,insufficient_funds,50,7,4,0,13.13,1
PAY_09266,537.03,other,20,9,0,0,24.07,1
PAY_09267,328.61,other,2,9,2,0,1.09,0
PAY_09268,2356.97,insufficient_funds,10,12,1,0,3.64,1
PAY_09269,803.99,checkout_abandon,35,9,1,5,20.42,1
PAY_09270,2404.96,other,15,8,1,0,3.06,1
PAY_09271,2322.31,other,49,9,2,0,19.63,0
PAY_09272,2055.49,checkout_abandon,17,10,1,5,8.59,0
PAY_09273,1076.68,mandate_expired,30,7,1,0,12.79,1
PAY_09274,3853.37,checkout_abandon,14,9,2,1,48.34,0
PAY_09275,1820.21,insufficient_funds,28,8,1,0,13.7,1
PAY_09276,7537.99,mandate_expired,41,12,1,0,5.93,1
PAY_09277,2087.4,gateway_timeout,48,8,3,0,8.27,1
PAY_09278,952.79,gateway_timeout,45,2,1,0,0.1,1
PAY_09279,462.36,gateway_timeout,31,9,3,0,3.07,0
PAY_09280,2104.72,card_expired,28,9,2,0,16.45,0
PAY_09281,702.64,insufficient_funds,20,7,0,0,14.09,0
PAY_09282,648.13,gateway_timeout,60,12,3,0,13.69,1
PAY_09283,4236.54,insufficient_funds,45,9,1,0,19.23,1
PAY_09284,422.58,insufficient_funds,54,8,0,0,40.95,0
PAY_09285,10262.37,other,45,9,0,0,3.38,0
PAY_09286,2932.95,gateway_timeout,6,7,5,0,17.43,1
PAY_09287,2392.76,insufficient_funds,16,4,0,0,0.68,0
PAY_09288,888.27,other,28,5,1,0,26.15,0
PAY_09289,5369.11,insufficient_funds,19,6,3,0,12.1,0
PAY_09290,2492.75,checkout_abandon,55,9,3,4,23.47,0
PAY_09291,1258.84,card_expired,30,8,0,0,1.64,0
PAY_09292,3052.97,card_expired,14,6,0,0,18.33,1
PAY_09293,464.64,insufficient_funds,36,10,2,0,5.81,1
PAY_09294,487.22,mandate_expired,23,9,2,0,3.54,0
PAY_09295,815.55,checkout_abandon,8,12,1,5,25.49,1
PAY_09296,3545.99,mandate_expired,57,10,2,0,3.87,0
PAY_09297,2491.87,gateway_timeout,57,7,3,0,10.88,0
PAY_09298,7136.84,card_expired,47,8,1,0,14.66,1
PAY_09299,996.31,checkout_abandon,19,6,2,5,16.04,0
PAY_09300,4441.35,mandate_expired,50,8,2,0,15.54,1
PAY_09301,2230.93,other,18,14,1,0,1.96,0
PAY_09302,973.6,card_expired,53,5,2,0,1.69,0
PAY_09303,3675.17,card_expired,54,7,1,0,6.78,0
PAY_09304,2340.3,gateway_timeout,11,10,4,0,17.94,1
PAY_09305,1332.65,insufficient_funds,19,7,2,0,14.48,1
PAY_09306,2607.23,checkout_abandon,42,5,0,1,10.34,1
PAY_09307,2196.27,insufficient_funds,15,6,3,0,13.18,0
PAY_09308,2143.85,mandate_expired,49,8,0,0,34.77,1
PAY_09309,1654.83,mandate_expired,41,6,1,0,2.5,0
PAY_09310,677.97,checkout_abandon,14,7,1,4,10.72,0
PAY_09311,2694.08,insufficient_funds,47,10,4,0,14.77,1
PAY_09312,1120.28,other,3,5,1,0,9.06,0
PAY_09313,901.19,checkout_abandon,24,10,3,2,1.01,1
PAY_09314,1965.19,checkout_abandon,11,7,4,2,14.31,0
PAY_09315,5208.63,checkout_abandon,1,9,3,2,19.64,1
PAY_09316,3009.89,insufficient_funds,45,3,3,0,30.73,1
PAY_09317,1469.83,mandate_expired,10,7,0,0,6.88,0
PAY_09318,1411.91,insufficient_funds,42,8,4,0,41.31,1
PAY_09319,4721.39,checkout_abandon,5,6,3,4,30.97,0
PAY_09320,227.54,insufficient_funds,54,8,6,0,0.55,1
PAY_09321,5549.21,insufficient_funds,59,6,4,0,2.65,1
PAY_09322,383.76,insufficient_funds,20,11,1,0,2.03,1
PAY_09323,607.07,insufficient_funds,30,7,2,0,45.73,1
PAY_09324,1494.85,other,38,10,2,0,1.53,0
PAY_09325,21898.43,card_expired,36,8,1,0,4.79,1
PAY_09326,13379.32,insufficient_funds,2,5,2,0,12.09,0
PAY_09327,5067.15,insufficient_funds,59,8,3,0,8.56,1
PAY_09328,3570.96,card_expired,57,3,4,0,5.06,1
PAY_09329,388.3,insufficient_funds,30,10,4,0,4.01,0
PAY_09330,2924.28,checkout_abandon,34,8,5,2,22.96,0
PAY_09331,1443.5,insufficient_funds,11,11,1,0,9.74,0
PAY_09332,1104.75,checkout_abandon,45,10,4,1,10.58,0
PAY_09333,2918.57,other,31,6,3,0,10.32,0
PAY_09334,1560.77,insufficient_funds,18,9,3,0,1.93,0
PAY_09335,5963.1,other,19,8,4,0,3.0,0
PAY_09336,360.72,card_expired,5,9,1,0,4.22,0
PAY_09337,2694.74,other,48,8,2,0,5.27,1
PAY_09338,1037.89,card_expired,4,7,1,0,23.37,0
PAY_09339,1659.73,card_expired,34,10,2,0,8.29,0
PAY_09340,3390.3,checkout_abandon,49,12,0,4,12.37,1
PAY_09341,817.9,card_expired,4,8,2,0,18.78,0
PAY_09342,2946.22,insufficient_funds,10,6,4,0,4.96,1
PAY_09343,2021.73,mandate_expired,46,10,1,0,20.27,1
PAY_09344,1291.37,checkout_abandon,50,13,0,1,15.69,1
PAY_09345,1561.61,insufficient_funds,5,8,0,0,6.51,1
PAY_09346,2142.0,gateway_timeout,16,7,2,0,12.29,1
PAY_09347,1160.04,insufficient_funds,37,8,2,0,2.48,0
PAY_09348,2517.8,gateway_timeout,33,11,3,0,12.22,1
PAY_09349,1892.91,insufficient_funds,32,11,4,0,5.12,0
PAY_09350,1356.64,gateway_timeout,16,10,5,0,29.01,1
PAY_09351,12257.44,gateway_timeout,33,8,1,0,0.1,1
PAY_09352,3786.84,checkout_abandon,4,10,0,2,15.96,0
PAY_09353,1705.02,insufficient_funds,53,13,4,0,5.02,1
PAY_09354,2892.59,insufficient_funds,33,10,2,0,2.01,1
PAY_09355,895.36,gateway_timeout,23,11,3,0,19.67,1
PAY_09356,1615.3,gateway_timeout,23,5,4,0,8.15,0
PAY_09357,1815.23,insufficient_funds,23,6,4,0,1.05,0
PAY_09358,718.56,other,27,7,4,0,31.07,0
PAY_09359,3682.69,gateway_timeout,12,10,0,0,1.7,0
PAY_09360,1507.84,gateway_timeout,37,15,3,0,0.8,1
PAY_09361,1752.12,checkout_abandon,12,5,2,4,21.63,1
PAY_09362,1415.62,card_expired,19,10,3,0,32.02,0
PAY_09363,48201.07,checkout_abandon,53,6,2,1,16.88,0
PAY_09364,1288.75,insufficient_funds,34,4,3,0,6.02,0
PAY_09365,315.88,checkout_abandon,55,4,2,4,16.14,0
PAY_09366,504.78,checkout_abandon,40,9,4,1,2.33,0
PAY_09367,5341.96,gateway_timeout,48,4,4,0,3.86,0
PAY_09368,9513.8,other,6,5,0,0,38.11,0
PAY_09369,1264.27,other,31,11,0,0,0.88,0
PAY_09370,8982.16,checkout_abandon,22,13,2,1,9.34,0
PAY_09371,5248.18,insufficient_funds,2,8,3,0,0.34,0
PAY_09372,2068.47,checkout_abandon,6,8,0,2,2.63,0
PAY_09373,1926.77,other,12,6,4,0,10.28,0
PAY_09374,2995.65,other,1,9,2,0,15.99,0
PAY_09375,6011.93,insufficient_funds,27,5,3,0,26.14,1
PAY_09376,3719.49,insufficient_funds,4,7,4,0,12.1,0
PAY_09377,1270.59,insufficient_funds,50,9,3,0,0.78,0
PAY_09378,2100.31,card_expired,36,9,2,0,44.03,0
PAY_09379,18129.75,checkout_abandon,58,8,1,2,2.19,0
PAY_09380,3213.96,gateway_timeout,6,8,5,0,5.34,1
PAY_09381,5963.25,gateway_timeout,5,10,0,0,9.05,0
PAY_09382,4289.52,gateway_timeout,53,7,2,0,11.23,1
PAY_09383,3285.93,other,24,3,4,0,9.03,0
PAY_09384,2787.07,gateway_timeout,46,5,0,0,2.05,1
PAY_09385,6132.98,insufficient_funds,12,9,4,0,19.57,0
PAY_09386,5129.11,mandate_expired,1,11,2,0,9.87,0
PAY_09387,3254.97,mandate_expired,30,12,0,0,30.33,1
PAY_09388,1249.23,mandate_expired,35,5,6,0,3.77,1
PAY_09389,3676.09,card_expired,7,8,3,0,9.64,0
PAY_09390,2337.97,insufficient_funds,1,11,2,0,32.35,1
PAY_09391,1836.82,insufficient_funds,13,9,1,0,1.88,0
PAY_09392,36418.13,insufficient_funds,7,7,3,0,17.89,0
PAY_09393,536.46,mandate_expired,60,8,6,0,10.36,0
PAY_09394,6519.54,other,60,6,3,0,22.59,1
PAY_09395,1055.08,gateway_timeout,1,8,2,0,30.97,1
PAY_09396,2850.48,card_expired,28,4,1,0,22.92,0
PAY_09397,32618.46,mandate_expired,24,7,3,0,0.37,1
PAY_09398,954.97,other,2,7,1,0,0.95,0
PAY_09399,1212.18,checkout_abandon,40,10,1,2,44.03,0
PAY_09400,2456.6,insufficient_funds,52,3,2,0,14.8,1
PAY_09401,1071.52,card_expired,37,7,0,0,1.96,0
PAY_09402,6051.75,card_expired,56,8,3,0,9.23,0
PAY_09403,1464.86,mandate_expired,39,12,3,0,13.93,0
PAY_09404,4808.09,card_expired,33,3,0,0,0.74,1
PAY_09405,661.73,gateway_timeout,57,11,2,0,5.09,0
PAY_09406,410.43,mandate_expired,43,8,1,0,11.44,0
PAY_09407,1988.35,gateway_timeout,46,10,0,0,18.75,0
PAY_09408,520.89,gateway_timeout,47,8,1,0,6.67,1
PAY_09409,11410.79,insufficient_funds,2,8,1,0,3.11,1
PAY_09410,541.45,insufficient_funds,45,9,3,0,5.7,1
PAY_09411,885.68,insufficient_funds,45,8,1,0,5.4,1
PAY_09412,3780.71,mandate_expired,30,15,1,0,14.44,1
PAY_09413,1390.87,other,34,4,2,0,40.62,0
PAY_09414,547.66,gateway_timeout,50,5,3,0,2.79,0
PAY_09415,19225.83,gateway_timeout,9,4,1,0,1.29,1
PAY_09416,918.2,insufficient_funds,32,8,2,0,11.85,1
PAY_09417,2054.5,gateway_timeout,47,2,1,0,32.48,0
PAY_09418,2028.1,gateway_timeout,16,8,1,0,7.54,1
PAY_09419,5086.55,checkout_abandon,16,9,5,5,10.53,0
PAY_09420,3969.51,other,1,9,3,0,2.88,0
PAY_09421,1093.62,checkout_abandon,19,10,2,4,25.29,0
PAY_09422,1804.82,mandate_expired,22,4,2,0,1.0,1
PAY_09423,1992.46,mandate_expired,58,7,2,0,21.09,1
PAY_09424,5287.0,insufficient_funds,5,10,3,0,6.66,1
PAY_09425,777.22,gateway_timeout,39,6,1,0,16.92,1
PAY_09426,18810.24,insufficient_funds,4,9,2,0,5.98,1
PAY_09427,1170.12,gateway_timeout,48,11,3,0,9.04,1
PAY_09428,2478.22,other,29,8,2,0,2.38,0
PAY_09429,783.72,checkout_abandon,26,9,1,2,40.96,0
PAY_09430,682.58,checkout_abandon,57,12,0,3,2.17,0
PAY_09431,1042.75,insufficient_funds,45,8,4,0,2.32,0
PAY_09432,947.21,gateway_timeout,7,6,2,0,11.45,0
PAY_09433,1652.08,other,16,8,4,0,5.66,0
PAY_09434,939.25,gateway_timeout,17,10,6,0,32.93,1
PAY_09435,5012.04,mandate_expired,37,13,2,0,7.56,0
PAY_09436,1142.6,insufficient_funds,50,7,5,0,2.73,1
PAY_09437,1022.73,insufficient_funds,39,9,3,0,2.38,1
PAY_09438,1687.62,gateway_timeout,25,4,1,0,1.74,1
PAY_09439,6747.21,other,45,6,3,0,1.11,0
PAY_09440,3099.27,insufficient_funds,46,8,2,0,18.79,1
PAY_09441,2262.8,mandate_expired,5,6,1,0,3.42,0
PAY_09442,596.45,insufficient_funds,33,10,2,0,10.9,1
PAY_09443,797.38,checkout_abandon,43,9,3,5,7.01,0
PAY_09444,696.2,checkout_abandon,37,11,1,5,15.32,0
PAY_09445,9236.31,checkout_abandon,15,3,3,5,24.9,0
PAY_09446,4249.72,gateway_timeout,10,13,1,0,17.06,1
PAY_09447,1056.19,insufficient_funds,18,9,1,0,16.82,1
PAY_09448,1421.79,other,22,14,1,0,45.95,0
PAY_09449,1095.27,checkout_abandon,56,8,2,1,20.46,0
PAY_09450,1030.9,insufficient_funds,38,9,3,0,8.93,1
PAY_09451,3961.38,gateway_timeout,51,3,4,0,1.58,1
PAY_09452,1875.27,insufficient_funds,2,11,0,0,10.17,1
PAY_09453,20034.55,checkout_abandon,48,10,2,3,12.59,0
PAY_09454,8729.0,gateway_timeout,12,6,0,0,14.94,1
PAY_09455,9260.62,insufficient_funds,34,8,0,0,14.25,1
PAY_09456,4892.23,gateway_timeout,24,14,3,0,2.53,1
PAY_09457,1638.26,mandate_expired,52,9,2,0,2.17,1
PAY_09458,4545.24,other,41,9,0,0,1.6,0
PAY_09459,1763.78,mandate_expired,28,3,1,0,16.25,1
PAY_09460,12763.21,checkout_abandon,31,8,2,2,26.85,0
PAY_09461,3745.56,card_expired,43,9,2,0,9.43,0
PAY_09462,3249.99,gateway_timeout,44,5,1,0,48.81,1
PAY_09463,2838.75,mandate_expired,35,5,0,0,29.19,1
PAY_09464,14247.15,insufficient_funds,44,14,2,0,10.61,1
PAY_09465,596.03,insufficient_funds,48,7,3,0,26.37,1
PAY_09466,15714.42,checkout_abandon,2,9,1,4,16.87,0
PAY_09467,2075.36,insufficient_funds,23,6,2,0,5.53,1
PAY_09468,612.71,mandate_expired,55,6,2,0,18.24,0
PAY_09469,1178.31,mandate_expired,20,5,2,0,4.85,0
PAY_09470,479.74,insufficient_funds,50,7,1,0,8.41,0
PAY_09471,4806.4,gateway_timeout,33,7,2,0,37.97,0
PAY_09472,885.15,checkout_abandon,17,7,4,3,2.71,0
PAY_09473,2959.32,mandate_expired,22,9,2,0,7.07,0
PAY_09474,7771.85,card_expired,30,8,1,0,10.11,0
PAY_09475,1276.69,gateway_timeout,8,2,6,0,18.24,0
PAY_09476,1912.07,card_expired,19,11,1,0,12.63,0
PAY_09477,679.04,gateway_timeout,41,8,1,0,24.74,1
PAY_09478,1695.43,insufficient_funds,55,12,2,0,14.87,1
PAY_09479,32796.26,checkout_abandon,58,12,1,3,8.91,1
PAY_09480,5442.42,insufficient_funds,23,5,2,0,6.19,1
PAY_09481,1918.53,insufficient_funds,48,2,1,0,5.36,1
PAY_09482,1356.09,gateway_timeout,24,2,3,0,0.1,1
PAY_09483,2395.66,card_expired,49,6,1,0,36.52,0
PAY_09484,2847.22,other,55,6,1,0,1.61,0
PAY_09485,1644.15,other,27,12,5,0,6.4,0
PAY_09486,4247.58,gateway_timeout,37,5,2,0,15.87,1
PAY_09487,963.53,checkout_abandon,53,8,1,1,5.39,0
PAY_09488,958.78,card_expired,9,6,3,0,1.11,0
PAY_09489,3620.04,gateway_timeout,15,10,3,0,14.16,1
PAY_09490,776.97,gateway_timeout,38,11,0,0,2.43,1
PAY_09491,5182.61,insufficient_funds,11,9,1,0,10.47,1
PAY_09492,2464.55,checkout_abandon,48,11,1,3,2.07,0
PAY_09493,401.87,mandate_expired,16,8,3,0,10.05,0
PAY_09494,2789.3,gateway_timeout,21,7,1,0,16.93,1
PAY_09495,463.54,insufficient_funds,49,8,5,0,0.18,1
PAY_09496,5001.07,mandate_expired,32,9,1,0,4.86,0
PAY_09497,1949.51,checkout_abandon,48,12,3,1,34.35,0
PAY_09498,15916.8,insufficient_funds,38,10,1,0,2.5,1
PAY_09499,7298.02,gateway_timeout,31,6,4,0,23.71,1
PAY_09500,865.54,other,31,6,1,0,9.3,0
PAY_09501,331.39,mandate_expired,49,7,4,0,3.79,1
PAY_09502,1174.91,checkout_abandon,60,9,0,3,3.5,1
PAY_09503,737.15,mandate_expired,2,8,1,0,24.02,0
PAY_09504,15518.44,other,31,6,3,0,11.0,0
PAY_09505,2474.35,gateway_timeout,47,7,3,0,3.6,1
PAY_09506,6357.97,gateway_timeout,39,5,2,0,25.74,0
PAY_09507,1879.98,gateway_timeout,30,11,2,0,6.55,1
PAY_09508,2088.87,card_expired,48,7,2,0,0.73,0
PAY_09509,2419.75,insufficient_funds,29,7,1,0,6.12,0
PAY_09510,7559.69,insufficient_funds,9,12,0,0,53.3,0
PAY_09511,3414.11,insufficient_funds,17,10,1,0,11.67,0
PAY_09512,868.45,mandate_expired,3,8,0,0,1.27,1
PAY_09513,12664.53,mandate_expired,43,8,3,0,1.1,1
PAY_09514,1865.4,gateway_timeout,59,12,1,0,9.9,1
PAY_09515,1585.3,gateway_timeout,23,9,2,0,19.42,0
PAY_09516,147.61,card_expired,44,3,2,0,15.93,0
PAY_09517,4714.72,insufficient_funds,59,11,1,0,0.6,1
PAY_09518,2765.73,mandate_expired,24,12,3,0,12.29,1
PAY_09519,2762.72,insufficient_funds,53,6,2,0,66.47,1
PAY_09520,1671.07,other,2,9,0,0,5.1,1
PAY_09521,1406.46,gateway_timeout,41,8,3,0,0.93,1
PAY_09522,1727.56,mandate_expired,10,7,2,0,14.39,1
PAY_09523,3972.72,insufficient_funds,47,10,3,0,10.46,0
PAY_09524,4737.02,gateway_timeout,1,4,1,0,18.97,0
PAY_09525,1984.29,mandate_expired,50,7,2,0,11.99,1
PAY_09526,6457.41,checkout_abandon,24,8,4,1,7.38,1
PAY_09527,2310.16,card_expired,15,8,1,0,31.46,0
PAY_09528,1509.93,checkout_abandon,34,4,2,3,15.35,1
PAY_09529,3048.67,checkout_abandon,60,7,2,1,52.25,1
PAY_09530,642.05,card_expired,10,8,2,0,9.03,1
PAY_09531,3155.06,gateway_timeout,19,10,1,0,14.21,1
PAY_09532,534.78,other,39,7,1,0,14.69,1
PAY_09533,894.55,gateway_timeout,6,5,1,0,13.79,0
PAY_09534,332.07,gateway_timeout,58,6,3,0,1.26,1
PAY_09535,2098.4,card_expired,32,7,3,0,0.99,0
PAY_09536,12502.45,insufficient_funds,60,9,3,0,21.25,1
PAY_09537,2223.79,insufficient_funds,25,5,1,0,0.96,1
PAY_09538,4758.23,insufficient_funds,50,8,1,0,5.19,1
PAY_09539,26274.65,checkout_abandon,20,9,1,3,2.08,1
PAY_09540,3744.72,checkout_abandon,27,3,2,5,5.25,1
PAY_09541,1163.09,insufficient_funds,21,7,3,0,3.19,1
PAY_09542,1334.72,insufficient_funds,33,6,3,0,4.27,0
PAY_09543,2501.65,gateway_timeout,14,10,2,0,10.45,1
PAY_09544,1327.63,gateway_timeout,31,4,2,0,27.42,1
PAY_09545,1430.76,insufficient_funds,51,9,0,0,8.65,0
PAY_09546,6696.23,insufficient_funds,10,2,4,0,3.81,0
PAY_09547,6975.8,card_expired,48,6,3,0,5.45,0
PAY_09548,481.62,mandate_expired,52,9,4,0,3.59,1
PAY_09549,1103.1,gateway_timeout,3,4,1,0,4.57,1
PAY_09550,1571.9,gateway_timeout,41,8,1,0,54.29,1
PAY_09551,4551.15,insufficient_funds,30,9,1,0,3.71,1
PAY_09552,7841.0,gateway_timeout,39,7,1,0,5.8,1
PAY_09553,37272.61,gateway_timeout,18,6,2,0,15.27,1
PAY_09554,1569.28,other,14,4,3,0,2.28,0
PAY_09555,1649.65,mandate_expired,18,7,1,0,2.05,0
PAY_09556,4503.53,checkout_abandon,10,11,1,4,4.77,0
PAY_09557,1263.74,insufficient_funds,25,6,2,0,24.45,1
PAY_09558,2171.31,mandate_expired,53,6,1,0,6.59,0
PAY_09559,1650.79,other,47,10,2,0,5.72,0
PAY_09560,181.71,insufficient_funds,11,11,2,0,3.77,1
PAY_09561,2827.87,card_expired,34,8,3,0,11.7,0
PAY_09562,2083.25,insufficient_funds,5,5,4,0,10.63,0
PAY_09563,8913.1,mandate_expired,4,8,0,0,1.81,1
PAY_09564,2513.76,insufficient_funds,38,5,0,0,2.4,1
PAY_09565,712.87,checkout_abandon,19,5,2,3,12.73,0
PAY_09566,1931.3,insufficient_funds,43,8,0,0,7.45,1
PAY_09567,308.88,checkout_abandon,10,5,1,2,13.77,1
PAY_09568,744.81,checkout_abandon,8,6,0,4,2.31,0
PAY_09569,4719.94,checkout_abandon,43,9,2,4,16.6,1
PAY_09570,1952.19,mandate_expired,13,13,2,0,8.42,0
PAY_09571,6288.98,insufficient_funds,4,9,2,0,6.11,0
PAY_09572,349.73,mandate_expired,48,8,3,0,25.67,1
PAY_09573,1961.74,insufficient_funds,43,5,2,0,13.91,1
PAY_09574,1553.92,mandate_expired,56,4,2,0,8.14,0
PAY_09575,6502.19,insufficient_funds,36,4,1,0,13.97,1
PAY_09576,4899.11,checkout_abandon,29,5,4,2,20.56,0
PAY_09577,4751.89,gateway_timeout,41,6,3,0,51.23,0
PAY_09578,11677.93,other,48,4,3,0,28.3,0
PAY_09579,1730.14,mandate_expired,38,7,3,0,22.32,1
PAY_09580,9500.76,insufficient_funds,20,7,0,0,6.35,0
PAY_09581,879.93,mandate_expired,54,12,1,0,1.95,1
PAY_09582,848.24,insufficient_funds,43,5,0,0,40.17,1
PAY_09583,5307.06,gateway_timeout,53,7,5,0,15.78,1
PAY_09584,555.19,gateway_timeout,34,10,1,0,7.32,1
PAY_09585,4432.91,card_expired,27,9,2,0,3.16,0
PAY_09586,2766.56,other,51,6,3,0,0.54,0
PAY_09587,7301.96,other,37,6,2,0,12.1,1
PAY_09588,2355.72,insufficient_funds,47,7,2,0,16.08,0
PAY_09589,2644.12,insufficient_funds,54,7,1,0,25.26,1
PAY_09590,4160.17,card_expired,18,8,0,0,39.44,1
PAY_09591,1288.71,gateway_timeout,12,4,3,0,6.28,0
PAY_09592,1233.78,checkout_abandon,9,10,4,2,4.03,0
PAY_09593,4017.74,other,36,8,2,0,10.18,0
PAY_09594,2427.84,insufficient_funds,49,6,2,0,62.48,1
PAY_09595,1663.59,gateway_timeout,59,6,4,0,6.16,1
PAY_09596,2301.37,card_expired,2,7,0,0,22.93,1
PAY_09597,12315.4,mandate_expired,1,8,2,0,0.82,0
PAY_09598,1605.24,other,41,11,2,0,24.73,0
PAY_09599,1559.35,mandate_expired,17,8,0,0,9.16,1
PAY_09600,453.32,gateway_timeout,29,11,1,0,1.43,1
PAY_09601,2396.33,card_expired,5,3,4,0,5.28,0
PAY_09602,4821.93,card_expired,5,8,1,0,1.97,1
PAY_09603,5768.94,other,32,5,0,0,13.75,0
PAY_09604,2785.73,checkout_abandon,42,6,2,1,10.93,1
PAY_09605,6502.09,checkout_abandon,54,3,3,2,13.28,1
PAY_09606,5194.09,gateway_timeout,29,9,3,0,11.36,1
PAY_09607,7608.31,gateway_timeout,39,3,0,0,9.62,1
PAY_09608,6689.86,other,52,7,3,0,6.42,0
PAY_09609,12016.36,other,26,9,1,0,23.83,1
PAY_09610,2109.81,checkout_abandon,13,8,4,4,5.84,0
PAY_09611,663.14,other,50,4,2,0,0.28,0
PAY_09612,4855.0,gateway_timeout,1,7,0,0,16.36,1
PAY_09613,5456.7,card_expired,17,7,2,0,38.04,0
PAY_09614,12016.57,mandate_expired,8,10,2,0,3.99,0
PAY_09615,9003.21,mandate_expired,39,6,2,0,15.01,0
PAY_09616,17492.34,mandate_expired,17,5,0,0,3.26,0
PAY_09617,4646.64,mandate_expired,21,13,2,0,5.75,0
PAY_09618,3142.76,card_expired,40,7,1,0,18.27,0
PAY_09619,625.82,gateway_timeout,18,6,3,0,6.62,1
PAY_09620,3402.08,card_expired,22,10,3,0,20.57,0
PAY_09621,1438.77,insufficient_funds,30,9,1,0,13.19,0
PAY_09622,3088.86,insufficient_funds,8,10,1,0,9.95,1
PAY_09623,2640.07,mandate_expired,57,6,0,0,10.02,0
PAY_09624,4006.93,card_expired,59,11,1,0,20.38,0
PAY_09625,2268.14,other,43,8,2,0,12.03,0
PAY_09626,6368.16,gateway_timeout,7,6,2,0,3.52,1
PAY_09627,164.17,insufficient_funds,29,13,1,0,4.75,1
PAY_09628,3023.1,checkout_abandon,22,8,1,5,0.5,0
PAY_09629,8320.98,other,10,8,4,0,3.91,0
PAY_09630,16221.53,other,53,6,0,0,17.7,0
PAY_09631,5197.89,card_expired,25,7,3,0,20.01,1
PAY_09632,13479.55,checkout_abandon,40,5,4,3,8.81,0
PAY_09633,2960.11,card_expired,42,11,1,0,18.99,0
PAY_09634,2507.17,insufficient_funds,20,11,1,0,13.48,1
PAY_09635,4244.85,other,21,11,2,0,4.41,0
PAY_09636,2492.03,checkout_abandon,59,9,1,3,1.94,1
PAY_09637,1143.32,gateway_timeout,50,5,4,0,8.83,1
PAY_09638,1493.39,checkout_abandon,31,9,1,4,18.69,1
PAY_09639,822.13,card_expired,33,11,1,0,1.0,0
PAY_09640,4240.44,insufficient_funds,1,5,2,0,12.95,1
PAY_09641,2528.64,insufficient_funds,13,6,1,0,31.45,1
PAY_09642,1743.69,mandate_expired,1,7,2,0,33.39,1
PAY_09643,1418.51,other,49,7,1,0,19.92,0
PAY_09644,4142.7,mandate_expired,57,8,3,0,8.52,0
PAY_09645,5456.13,insufficient_funds,10,9,0,0,4.51,1
PAY_09646,807.17,mandate_expired,17,15,1,0,12.89,0
PAY_09647,689.77,insufficient_funds,22,13,1,0,7.15,1
PAY_09648,6493.49,gateway_timeout,49,9,5,0,0.89,1
PAY_09649,632.01,insufficient_funds,25,7,1,0,20.44,0
PAY_09650,4322.26,checkout_abandon,3,9,2,3,25.15,1
PAY_09651,12593.74,gateway_timeout,36,5,4,0,20.31,0
PAY_09652,12623.06,insufficient_funds,9,16,2,0,13.11,1
PAY_09653,5228.7,gateway_timeout,39,4,3,0,1.29,1
PAY_09654,5078.93,mandate_expired,52,4,1,0,2.22,1
PAY_09655,23764.63,gateway_timeout,5,5,4,0,0.14,0
PAY_09656,242.17,insufficient_funds,60,7,2,0,5.76,1
PAY_09657,1571.38,checkout_abandon,40,9,0,3,16.71,1
PAY_09658,5840.3,card_expired,4,6,2,0,2.22,0
PAY_09659,1784.26,card_expired,14,2,1,0,6.33,0
PAY_09660,8637.12,checkout_abandon,11,6,2,5,26.3,0
PAY_09661,2403.53,mandate_expired,54,5,4,0,0.91,0
PAY_09662,2852.04,card_expired,44,5,3,0,0.87,0
PAY_09663,1899.55,mandate_expired,23,5,3,0,9.67,0
PAY_09664,1482.57,checkout_abandon,32,9,3,5,1.93,1
PAY_09665,1446.55,insufficient_funds,21,13,1,0,3.29,0
PAY_09666,3278.73,gateway_timeout,25,5,0,0,17.02,0
PAY_09667,1152.26,gateway_timeout,39,13,4,0,10.34,1
PAY_09668,6485.02,gateway_timeout,12,4,2,0,0.51,1
PAY_09669,4804.33,other,46,12,0,0,2.03,1
PAY_09670,7506.03,insufficient_funds,57,11,2,0,4.18,1
PAY_09671,808.45,checkout_abandon,59,7,1,3,33.42,1
PAY_09672,456.95,other,11,14,1,0,0.32,0
PAY_09673,2489.56,checkout_abandon,25,7,1,4,2.8,0
PAY_09674,45380.9,insufficient_funds,16,8,1,0,7.29,1
PAY_09675,8868.45,other,39,11,1,0,23.75,1
PAY_09676,1435.98,gateway_timeout,20,7,5,0,10.3,0
PAY_09677,3822.11,insufficient_funds,24,14,1,0,1.82,0
PAY_09678,5175.2,gateway_timeout,9,12,4,0,45.75,1
PAY_09679,636.29,insufficient_funds,34,7,3,0,0.1,0
PAY_09680,9834.7,card_expired,33,4,4,0,6.73,0
PAY_09681,2114.6,insufficient_funds,34,9,1,0,2.41,1
PAY_09682,2283.27,card_expired,21,10,2,0,5.54,0
PAY_09683,2560.17,insufficient_funds,46,10,3,0,6.29,1
PAY_09684,7852.49,other,37,10,3,0,4.12,0
PAY_09685,1174.81,insufficient_funds,11,4,2,0,20.74,0
PAY_09686,453.54,other,23,9,1,0,45.62,0
PAY_09687,3453.01,insufficient_funds,40,4,2,0,9.01,1
PAY_09688,323.88,other,7,13,4,0,0.1,0
PAY_09689,1850.0,card_expired,22,11,2,0,3.62,0
PAY_09690,8192.06,checkout_abandon,53,11,1,1,3.14,0
PAY_09691,4461.05,insufficient_funds,27,9,0,0,2.33,0
PAY_09692,7089.73,checkout_abandon,31,7,4,2,2.04,0
PAY_09693,4648.95,checkout_abandon,41,8,3,5,6.63,1
PAY_09694,27844.21,checkout_abandon,20,14,2,5,15.16,1
PAY_09695,1388.26,mandate_expired,50,9,5,0,16.54,1
PAY_09696,3722.6,other,1,9,0,0,0.52,0
PAY_09697,1613.12,other,29,6,2,0,23.7,0
PAY_09698,6508.39,checkout_abandon,36,13,1,4,9.43,1
PAY_09699,2350.71,insufficient_funds,15,9,3,0,0.78,0
PAY_09700,13945.2,insufficient_funds,47,8,4,0,6.05,1
PAY_09701,1470.31,mandate_expired,5,8,3,0,2.08,0
PAY_09702,10210.51,other,40,9,4,0,3.52,1
PAY_09703,4524.15,gateway_timeout,39,4,2,0,2.96,1
PAY_09704,2420.15,insufficient_funds,48,6,1,0,35.26,1
PAY_09705,4300.51,gateway_timeout,13,7,3,0,8.06,0
PAY_09706,3246.43,gateway_timeout,10,5,0,0,20.0,1
PAY_09707,3568.86,other,35,8,1,0,2.28,0
PAY_09708,2032.81,mandate_expired,59,5,1,0,3.19,1
PAY_09709,1239.49,insufficient_funds,48,12,1,0,10.47,1
PAY_09710,1788.22,gateway_timeout,13,13,3,0,0.79,1
PAY_09711,464.47,insufficient_funds,25,6,0,0,52.96,1
PAY_09712,5802.21,mandate_expired,17,6,6,0,1.21,1
PAY_09713,726.97,mandate_expired,47,9,0,0,13.71,0
PAY_09714,2011.02,insufficient_funds,31,7,3,0,10.48,0
PAY_09715,4779.5,gateway_timeout,27,10,3,0,6.62,1
PAY_09716,5787.42,other,1,10,4,0,9.82,0
PAY_09717,423.86,card_expired,39,9,1,0,11.01,0
PAY_09718,2280.61,checkout_abandon,27,7,2,4,7.09,0
PAY_09719,3959.17,checkout_abandon,3,10,3,4,13.79,0
PAY_09720,2633.48,other,12,9,1,0,22.15,0
PAY_09721,9586.59,mandate_expired,44,7,3,0,10.18,0
PAY_09722,1099.09,other,45,10,0,0,53.35,0
PAY_09723,322.15,insufficient_funds,30,11,0,0,33.67,1
PAY_09724,5621.6,insufficient_funds,46,10,1,0,7.41,0
PAY_09725,1461.12,insufficient_funds,45,11,0,0,3.32,1
PAY_09726,430.74,card_expired,37,3,2,0,48.87,1
PAY_09727,2133.53,mandate_expired,13,12,1,0,3.69,0
PAY_09728,8557.85,insufficient_funds,26,8,3,0,38.19,1
PAY_09729,706.83,other,49,9,3,0,10.04,0
PAY_09730,25849.38,other,19,11,2,0,2.36,0
PAY_09731,1081.57,insufficient_funds,40,9,2,0,1.02,1
PAY_09732,2727.27,mandate_expired,50,14,2,0,0.17,0
PAY_09733,738.72,mandate_expired,32,9,5,0,9.41,1
PAY_09734,2606.22,insufficient_funds,31,9,2,0,10.18,0
PAY_09735,2187.03,mandate_expired,12,10,1,0,9.42,1
PAY_09736,563.72,insufficient_funds,30,8,3,0,2.17,0
PAY_09737,42187.24,other,3,7,2,0,2.12,0
PAY_09738,1523.41,card_expired,7,4,2,0,32.1,0
PAY_09739,1524.75,other,33,9,0,0,19.09,0
PAY_09740,6588.51,card_expired,14,5,2,0,6.92,0
PAY_09741,15341.26,insufficient_funds,21,8,0,0,2.58,1
PAY_09742,7711.61,gateway_timeout,22,7,3,0,17.1,1
PAY_09743,752.1,mandate_expired,29,8,0,0,0.73,1
PAY_09744,3096.27,gateway_timeout,42,7,2,0,4.72,1
PAY_09745,380.95,mandate_expired,27,6,1,0,5.98,0
PAY_09746,6159.5,gateway_timeout,51,9,0,0,1.81,1
PAY_09747,487.29,insufficient_funds,29,12,2,0,6.93,1
PAY_09748,1119.73,checkout_abandon,60,5,2,5,22.78,0
PAY_09749,2492.01,mandate_expired,60,7,1,0,15.69,0
PAY_09750,3901.25,checkout_abandon,26,11,5,2,16.64,0
PAY_09751,1925.83,mandate_expired,46,3,1,0,3.76,0
PAY_09752,11420.09,gateway_timeout,28,10,1,0,4.53,1
PAY_09753,5152.75,card_expired,53,6,2,0,9.55,0
PAY_09754,4763.66,mandate_expired,46,3,1,0,40.97,0
PAY_09755,731.17,checkout_abandon,21,5,3,1,8.74,0
PAY_09756,13676.22,gateway_timeout,20,9,4,0,6.71,1
PAY_09757,1119.88,checkout_abandon,53,7,4,3,0.94,1
PAY_09758,14208.4,insufficient_funds,33,11,2,0,36.88,1
PAY_09759,18887.23,mandate_expired,42,8,1,0,9.52,0
PAY_09760,4174.3,insufficient_funds,41,8,3,0,13.08,1
PAY_09761,7016.78,card_expired,10,10,1,0,26.34,0
PAY_09762,114.56,card_expired,15,3,3,0,6.81,0
PAY_09763,2057.08,checkout_abandon,55,5,4,3,8.89,0
PAY_09764,7526.7,card_expired,17,11,4,0,20.25,0
PAY_09765,6301.58,mandate_expired,53,12,2,0,11.23,1
PAY_09766,738.28,insufficient_funds,22,12,1,0,7.37,1
PAY_09767,1863.71,mandate_expired,51,8,4,0,3.78,0
PAY_09768,197.88,other,35,8,2,0,1.76,0
PAY_09769,3778.34,insufficient_funds,6,9,2,0,1.35,0
PAY_09770,380.21,insufficient_funds,17,8,3,0,2.51,0
PAY_09771,7742.84,checkout_abandon,58,10,1,3,7.08,1
PAY_09772,8158.14,gateway_timeout,13,9,4,0,15.72,1
PAY_09773,1555.7,mandate_expired,14,9,7,0,9.42,1
PAY_09774,4210.44,checkout_abandon,9,5,0,4,18.36,1
PAY_09775,2012.13,card_expired,37,9,1,0,33.21,0
PAY_09776,3184.19,insufficient_funds,49,10,1,0,9.97,1
PAY_09777,793.76,gateway_timeout,57,10,2,0,4.46,1
PAY_09778,4658.92,card_expired,54,11,2,0,17.75,0
PAY_09779,484.38,gateway_timeout,54,7,2,0,10.86,1
PAY_09780,401.06,checkout_abandon,55,10,3,2,0.52,1
PAY_09781,2213.03,insufficient_funds,35,11,1,0,4.14,1
PAY_09782,2023.94,insufficient_funds,50,9,1,0,3.32,1
PAY_09783,3282.46,checkout_abandon,39,6,1,5,0.57,1
PAY_09784,1305.76,gateway_timeout,9,4,0,0,4.87,1
PAY_09785,16477.28,mandate_expired,2,8,2,0,10.78,0
PAY_09786,2935.55,checkout_abandon,6,10,3,1,5.36,0
PAY_09787,3155.58,other,21,11,0,0,24.38,0
PAY_09788,3045.07,card_expired,30,12,1,0,18.33,0
PAY_09789,6815.51,insufficient_funds,39,15,3,0,10.33,1
PAY_09790,4447.35,insufficient_funds,32,6,2,0,3.78,1
PAY_09791,3889.61,card_expired,22,10,3,0,8.48,0
PAY_09792,5218.84,gateway_timeout,44,9,2,0,4.64,1
PAY_09793,403.2,gateway_timeout,52,11,2,0,48.47,1
PAY_09794,418.72,insufficient_funds,14,5,1,0,5.36,0
PAY_09795,2316.9,mandate_expired,16,10,1,0,18.68,0
PAY_09796,2051.59,gateway_timeout,56,7,2,0,31.52,1
PAY_09797,4464.25,insufficient_funds,59,8,2,0,8.17,1
PAY_09798,2550.55,checkout_abandon,19,6,2,2,4.8,0
PAY_09799,4473.43,card_expired,31,10,1,0,2.93,0
PAY_09800,719.42,gateway_timeout,35,9,3,0,2.06,1
PAY_09801,2473.28,mandate_expired,39,9,0,0,3.41,1
PAY_09802,653.92,checkout_abandon,52,8,0,4,1.33,1
PAY_09803,3680.87,gateway_timeout,7,5,1,0,8.06,1
PAY_09804,382.13,gateway_timeout,32,11,5,0,7.62,1
PAY_09805,3541.68,insufficient_funds,13,7,1,0,3.27,1
PAY_09806,575.39,gateway_timeout,46,12,2,0,4.14,1
PAY_09807,1703.63,other,36,11,1,0,8.73,0
PAY_09808,6117.9,insufficient_funds,45,7,0,0,16.85,1
PAY_09809,3138.27,other,55,12,5,0,4.1,0
PAY_09810,482.21,insufficient_funds,48,7,2,0,6.28,1
PAY_09811,1276.21,gateway_timeout,52,5,1,0,13.54,0
PAY_09812,557.06,checkout_abandon,49,10,4,2,1.28,0
PAY_09813,459.11,card_expired,38,10,2,0,4.31,0
PAY_09814,2812.16,insufficient_funds,24,5,3,0,6.61,0
PAY_09815,4377.99,insufficient_funds,21,10,3,0,1.75,0
PAY_09816,3884.12,checkout_abandon,22,12,0,5,26.43,0
PAY_09817,4567.28,gateway_timeout,37,4,7,0,10.75,1
PAY_09818,2470.4,mandate_expired,49,9,1,0,27.04,1
PAY_09819,1901.99,card_expired,23,14,1,0,4.83,0
PAY_09820,854.89,insufficient_funds,35,4,1,0,2.01,1
PAY_09821,1609.96,card_expired,25,6,3,0,5.3,0
PAY_09822,666.94,insufficient_funds,37,5,3,0,3.4,1
PAY_09823,1073.72,other,50,15,2,0,3.88,1
PAY_09824,2732.5,other,25,7,4,0,42.04,0
PAY_09825,2222.17,mandate_expired,24,8,4,0,3.24,0
PAY_09826,53571.58,other,13,5,1,0,4.86,0
PAY_09827,650.83,card_expired,30,7,1,0,4.81,0
PAY_09828,2206.02,insufficient_funds,28,12,1,0,5.0,1
PAY_09829,602.03,insufficient_funds,10,14,4,0,1.58,0
PAY_09830,1696.39,insufficient_funds,59,8,3,0,7.54,1
PAY_09831,1766.85,checkout_abandon,52,10,2,4,3.66,1
PAY_09832,5819.25,checkout_abandon,18,8,1,1,3.7,0
PAY_09833,1594.6,checkout_abandon,57,8,4,3,20.15,1
PAY_09834,2064.67,mandate_expired,17,11,0,0,7.28,1
PAY_09835,1625.76,gateway_timeout,26,11,1,0,17.21,1
PAY_09836,615.84,insufficient_funds,8,13,0,0,23.25,0
PAY_09837,1302.37,insufficient_funds,37,8,0,0,16.48,1
PAY_09838,1706.35,other,29,7,0,0,5.99,0
PAY_09839,2691.55,gateway_timeout,17,4,3,0,6.17,1
PAY_09840,4372.08,gateway_timeout,18,12,1,0,5.42,1
PAY_09841,1977.22,insufficient_funds,57,10,1,0,11.24,1
PAY_09842,1942.77,other,42,15,1,0,66.78,1
PAY_09843,447.3,insufficient_funds,10,6,1,0,8.95,1
PAY_09844,4288.88,mandate_expired,9,6,2,0,4.76,0
PAY_09845,1246.57,insufficient_funds,5,10,4,0,5.97,1
PAY_09846,5277.3,insufficient_funds,15,6,3,0,13.54,1
PAY_09847,9325.3,mandate_expired,45,7,0,0,0.18,1
PAY_09848,2071.71,mandate_expired,4,7,4,0,14.39,1
PAY_09849,898.51,mandate_expired,15,2,1,0,8.99,0
PAY_09850,2458.6,insufficient_funds,3,10,2,0,0.27,0
PAY_09851,3543.07,other,39,10,3,0,9.9,0
PAY_09852,1823.52,checkout_abandon,49,10,4,3,23.57,0
PAY_09853,1422.27,other,32,11,1,0,0.22,0
PAY_09854,4392.17,insufficient_funds,55,8,2,0,2.91,1
PAY_09855,4111.83,gateway_timeout,42,9,1,0,17.35,1
PAY_09856,1768.27,gateway_timeout,46,7,0,0,7.67,1
PAY_09857,478.18,card_expired,19,5,3,0,4.69,0
PAY_09858,3945.87,mandate_expired,52,4,0,0,4.4,1
PAY_09859,1160.63,checkout_abandon,38,10,0,5,0.21,1
PAY_09860,3097.61,insufficient_funds,6,13,4,0,2.57,0
PAY_09861,2907.95,insufficient_funds,5,5,2,0,17.72,0
PAY_09862,378.08,insufficient_funds,54,9,1,0,4.49,1
PAY_09863,2711.15,card_expired,17,10,0,0,16.76,1
PAY_09864,4182.14,gateway_timeout,28,7,2,0,26.07,1
PAY_09865,4727.72,insufficient_funds,46,5,4,0,9.55,0
PAY_09866,2811.33,gateway_timeout,47,9,0,0,16.27,1
PAY_09867,346.15,insufficient_funds,2,10,2,0,27.02,1
PAY_09868,8965.39,other,37,7,2,0,1.42,0
PAY_09869,3770.9,gateway_timeout,55,7,2,0,10.58,1
PAY_09870,750.49,other,21,7,2,0,3.27,0
PAY_09871,1137.15,mandate_expired,33,7,2,0,6.66,1
PAY_09872,3150.35,checkout_abandon,16,4,1,4,1.64,0
PAY_09873,4933.63,checkout_abandon,44,7,3,4,5.34,1
PAY_09874,1534.69,mandate_expired,8,6,2,0,4.83,1
PAY_09875,5707.7,mandate_expired,32,3,1,0,22.51,1
PAY_09876,416.25,insufficient_funds,25,8,4,0,8.37,1
PAY_09877,881.47,other,39,4,0,0,1.05,0
PAY_09878,317.25,gateway_timeout,30,7,0,0,2.25,1
PAY_09879,1019.07,gateway_timeout,59,14,1,0,28.54,1
PAY_09880,11295.09,gateway_timeout,59,8,0,0,16.2,1
PAY_09881,19571.86,mandate_expired,18,10,3,0,12.35,1
PAY_09882,3160.98,gateway_timeout,3,7,3,0,4.57,1
PAY_09883,1320.3,gateway_timeout,30,8,2,0,6.07,1
PAY_09884,2003.01,insufficient_funds,36,7,4,0,8.85,1
PAY_09885,4013.37,gateway_timeout,46,7,3,0,34.44,1
PAY_09886,523.78,insufficient_funds,32,10,1,0,7.6,1
PAY_09887,1410.28,card_expired,36,9,1,0,3.37,0
PAY_09888,10497.99,gateway_timeout,2,7,1,0,2.77,0
PAY_09889,878.61,other,46,12,3,0,4.83,0
PAY_09890,1182.07,mandate_expired,20,11,1,0,13.07,1
PAY_09891,2533.2,card_expired,24,2,0,0,5.23,0
PAY_09892,3318.23,other,26,10,2,0,29.97,0
PAY_09893,1338.15,insufficient_funds,5,10,0,0,3.59,0
PAY_09894,2700.01,checkout_abandon,30,8,3,5,5.38,1
PAY_09895,4591.61,insufficient_funds,23,5,0,0,14.69,1
PAY_09896,17774.1,insufficient_funds,15,9,2,0,1.5,1
PAY_09897,2203.5,gateway_timeout,15,12,1,0,7.47,1
PAY_09898,2398.86,mandate_expired,3,8,2,0,1.22,0
PAY_09899,11516.07,card_expired,54,12,1,0,7.23,0
PAY_09900,1443.58,gateway_timeout,18,1,4,0,1.78,1
PAY_09901,664.94,mandate_expired,53,7,1,0,11.61,1
PAY_09902,3210.86,insufficient_funds,51,4,2,0,2.64,1
PAY_09903,7333.59,insufficient_funds,28,5,2,0,14.1,0
PAY_09904,3587.08,insufficient_funds,49,11,4,0,2.77,1
PAY_09905,2268.85,checkout_abandon,13,10,0,1,26.98,0
PAY_09906,587.37,checkout_abandon,11,5,5,3,0.75,1
PAY_09907,2358.25,gateway_timeout,54,5,1,0,3.68,1
PAY_09908,8580.1,insufficient_funds,39,6,2,0,2.71,0
PAY_09909,727.73,checkout_abandon,42,7,1,3,14.19,1
PAY_09910,1957.26,card_expired,56,6,0,0,1.61,0
PAY_09911,1696.9,insufficient_funds,1,9,3,0,0.28,0
PAY_09912,1244.32,mandate_expired,11,12,1,0,0.53,0
PAY_09913,3203.4,mandate_expired,58,5,4,0,11.61,0
PAY_09914,3894.62,checkout_abandon,8,8,1,4,20.63,1
PAY_09915,3854.02,insufficient_funds,27,10,1,0,0.78,0
PAY_09916,941.28,other,2,6,2,0,6.98,0
PAY_09917,482.06,checkout_abandon,20,6,3,1,1.18,0
PAY_09918,3250.08,gateway_timeout,11,9,1,0,4.38,1
PAY_09919,1507.38,card_expired,16,4,2,0,4.14,0
PAY_09920,15714.8,card_expired,49,9,0,0,15.54,0
PAY_09921,16457.81,mandate_expired,17,8,3,0,6.01,0
PAY_09922,18301.45,card_expired,49,9,3,0,4.65,0
PAY_09923,976.46,insufficient_funds,54,9,3,0,13.81,1
PAY_09924,4417.88,card_expired,33,5,3,0,33.36,0
PAY_09925,5972.96,gateway_timeout,33,9,4,0,3.29,1
PAY_09926,5336.9,card_expired,21,10,6,0,3.33,0
PAY_09927,1753.99,gateway_timeout,41,5,1,0,4.85,1
PAY_09928,8984.09,insufficient_funds,49,7,1,0,14.5,1
PAY_09929,2501.19,gateway_timeout,52,11,1,0,12.58,1
PAY_09930,2841.68,card_expired,12,3,2,0,12.81,0
PAY_09931,537.12,checkout_abandon,42,10,4,5,7.1,1
PAY_09932,4763.85,card_expired,9,8,1,0,5.83,0
PAY_09933,1926.84,insufficient_funds,30,6,3,0,6.8,0
PAY_09934,3979.16,insufficient_funds,6,5,3,0,9.25,0
PAY_09935,3162.63,checkout_abandon,34,15,0,5,12.44,1
PAY_09936,2995.85,gateway_timeout,52,10,2,0,2.83,1
PAY_09937,2388.29,mandate_expired,50,9,5,0,53.24,0
PAY_09938,5489.79,other,43,11,3,0,7.12,0
PAY_09939,2049.09,mandate_expired,35,8,0,0,8.55,0
PAY_09940,583.39,gateway_timeout,38,8,0,0,4.99,1
PAY_09941,4416.05,checkout_abandon,6,6,2,5,0.54,1
PAY_09942,1113.25,other,44,10,3,0,4.59,0
PAY_09943,665.0,mandate_expired,41,10,2,0,17.13,1
PAY_09944,899.47,card_expired,9,4,3,0,11.98,0
PAY_09945,3318.87,gateway_timeout,38,7,0,0,3.89,1
PAY_09946,2269.98,mandate_expired,24,9,1,0,8.28,0
PAY_09947,296.3,insufficient_funds,31,12,2,0,6.28,1
PAY_09948,1703.41,mandate_expired,49,9,1,0,33.62,1
PAY_09949,8048.79,other,20,6,7,0,3.85,0
PAY_09950,1592.01,other,56,7,4,0,16.59,0
PAY_09951,2118.72,insufficient_funds,26,9,4,0,4.19,0
PAY_09952,7094.23,card_expired,31,10,2,0,7.77,0
PAY_09953,5538.81,insufficient_funds,2,3,3,0,8.03,1
PAY_09954,6945.14,checkout_abandon,8,7,0,4,8.04,1
PAY_09955,156.26,mandate_expired,17,8,2,0,1.41,0
PAY_09956,14151.4,checkout_abandon,59,8,2,2,1.63,0
PAY_09957,4724.17,gateway_timeout,16,14,1,0,0.12,0
PAY_09958,29305.26,mandate_expired,24,4,0,0,39.89,0
PAY_09959,1143.35,mandate_expired,52,9,3,0,23.85,1
PAY_09960,428.63,checkout_abandon,20,15,2,2,18.71,0
PAY_09961,2518.11,checkout_abandon,49,12,2,3,16.72,0
PAY_09962,1898.22,mandate_expired,8,8,2,0,10.8,0
PAY_09963,4806.43,gateway_timeout,8,8,1,0,1.38,1
PAY_09964,7324.46,insufficient_funds,1,6,0,0,5.36,0
PAY_09965,2291.02,checkout_abandon,8,9,7,5,6.81,0
PAY_09966,1965.18,mandate_expired,37,8,5,0,45.47,0
PAY_09967,4216.52,gateway_timeout,6,6,1,0,0.32,1
PAY_09968,1934.72,insufficient_funds,37,7,1,0,15.43,1
PAY_09969,1779.46,other,36,5,1,0,6.31,0
PAY_09970,7052.81,card_expired,15,8,3,0,31.8,0
PAY_09971,8811.6,checkout_abandon,3,7,5,2,6.68,1
PAY_09972,7390.96,card_expired,10,7,2,0,23.56,0
PAY_09973,2112.9,other,9,5,1,0,8.3,0
PAY_09974,294.2,checkout_abandon,32,10,3,5,41.41,1
PAY_09975,2155.63,insufficient_funds,56,5,2,0,15.87,1
PAY_09976,1171.53,mandate_expired,27,10,2,0,0.37,0
PAY_09977,2195.84,other,39,12,0,0,26.99,1
PAY_09978,1277.88,mandate_expired,19,10,2,0,13.18,0
PAY_09979,2448.68,insufficient_funds,6,3,0,0,15.4,0
PAY_09980,884.28,other,14,9,0,0,6.34,0
PAY_09981,694.59,card_expired,29,14,2,0,21.92,1
PAY_09982,8490.79,gateway_timeout,52,7,1,0,5.53,1
PAY_09983,948.03,other,15,9,4,0,21.89,0
PAY_09984,2500.83,mandate_expired,60,10,2,0,23.36,0
PAY_09985,6493.53,card_expired,39,4,1,0,2.36,0
PAY_09986,6237.6,other,22,5,0,0,18.2,0
PAY_09987,5535.26,insufficient_funds,38,5,1,0,2.45,0
PAY_09988,3384.33,card_expired,42,7,1,0,4.09,0
PAY_09989,5156.69,gateway_timeout,42,6,2,0,8.15,1
PAY_09990,9868.81,card_expired,52,9,2,0,5.33,0
PAY_09991,3824.06,other,40,10,3,0,21.09,0
PAY_09992,398.16,card_expired,2,11,4,0,2.55,0
PAY_09993,1473.67,card_expired,23,7,3,0,9.54,0
PAY_09994,5016.14,card_expired,55,11,3,0,1.8,0
PAY_09995,1335.35,gateway_timeout,13,8,0,0,9.01,1
PAY_09996,12634.07,gateway_timeout,30,6,6,0,25.73,1
PAY_09997,2346.94,insufficient_funds,31,3,0,0,3.62,1
PAY_09998,2722.47,card_expired,34,5,3,0,19.49,0
PAY_09999,7698.57,mandate_expired,53,10,0,0,3.05,0
PAY_10000,2082.23,checkout_abandon,33,3,2,4,2.47,1
